Project Universal ID,Project Name,Builders,Parent Builder,Status,Master Plan Name,Master Plan Developer Name,Plan Name,Bedrooms,Bathrooms,Floors,Garages,Unit Size,List Price,Last Update Date,Plan Universal ID,Active Adult,ZIP Code,City,County,County Code,CBSA,CBSA Code,State,School District,School Attendance Zone (Elementary),School Ratings (Elementary),School Attendance Zone (Middle),School Ratings (Middle),School Attendance Zone (High),School Ratings (High),Boundary Names,Latitude,Longitude
aAf3x000001WoRWCA0,Hickory Run,M/I Homes,,Active,,,Glendale Basement,4,2.50,2,2,3152,492490,5/18/2026,aAaPc0000018rMyKAI,Non Active Adult,46239,Indianapolis,Marion,18097,"Indianapolis-Carmel-Greenwood, IN",26900,IN,Franklin Township Com Sch Corp,,,,,Franklin Central High School,9,,39.68048,-85.99215
aAf3x000001QeudCAC,Miles Farm/Tradition,D.R. Horton,"D.R. Horton, Inc.",Active,,,Dayton,5,3.50,2,2,3388,473900,5/19/2026,aAaPc000000RUtFKAW,Non Active Adult,46122,Danville,Hendricks,18063,"Indianapolis-Carmel-Greenwood, IN",26900,IN,Danville Community School Corp,Danville Middle School; South Elementary School,8; 7,Danville Middle School,8,Danville Community High School,8,,39.76422,-86.53935
aAf3x000001QKUpCAO,Vintners Park Estates,Drees Homes,,Active,,,ALDEN,4,2.50,2,3,3055,644900,5/19/2026,aAa3x000000YeIDCA0,Non Active Adult,46055,McCordsville,Hancock,18059,"Indianapolis-Carmel-Greenwood, IN",26900,IN,Mt Vernon Community Sch Corp,McCordsville Elementary School,6,Mt Vernon Middle School,6,Mt Vernon High School,8,,39.91338,-85.92927
aAf3x000001WXjRCAW,Cedar Ridge,Fischer Homes,,Active,,,Yosemite,3,2.50,2,2,2258,345990,5/25/2026,aAa3x000000U0wfCAC,Non Active Adult,46052,Lebanon,Boone,18011,"Indianapolis-Carmel-Greenwood, IN",26900,IN,Lebanon Community School Corp,Central Elementary School,9,Lebanon Middle School,5,Lebanon Senior High School,9,,40.05570,-86.45563
aAf3x000001QL0CCAW,Courtyards of Fishers,EPCON Communities,,Active,,,Promenade III,2,2.00,1,2,2053,506900,5/14/2026,aAaPc000000MwIRKA0,Non Active Adult,46040,Fishers,Hamilton,18057,"Indianapolis-Carmel-Greenwood, IN",26900,IN,Hamilton Southeastern Schools,Hamilton Southeastern Jr High School; Southeastern Elementary School,9; 7,Hamilton Southeastern Jr High School,9,Hamilton Southeastern High School,10,,39.95638,-85.87368
aAf3x000001WoRWCA0,Hickory Run,M/I Homes,,Active,,,Mackey II,2,2.00,1,2,1603,312990,5/18/2026,aAa3x000000ZaBfCAK,Non Active Adult,46239,Indianapolis,Marion,18097,"Indianapolis-Carmel-Greenwood, IN",26900,IN,Franklin Township Com Sch Corp,,,,,Franklin Central High School,9,,39.68048,-85.99215
aAfPc00000163QrKAI,Oberlin/Simplicity,Taylor Morrison,,Active,,,Simplicity 1594,3,2.50,2,2,1594,308000,5/6/2026,aAaPc000000cKnpKAE,Non Active Adult,46113,Camby,Marion,18097,"Indianapolis-Carmel-Greenwood, IN",26900,IN,M S D Decatur Township,West Newton Elementary School,5,Decatur Middle School,3,Decatur Central High School,3,,39.65344,-86.31662
aAfPc000000p28VKAQ,Willow Ridge,Silverthorne Homes,Clayton Properties Group,Active,,,Monroe,4,2.50,2,2,3310,394995,5/7/2026,aAaPc000000JYRfKAO,Non Active Adult,46163,New Palestine,Hancock,18059,"Indianapolis-Carmel-Greenwood, IN",26900,IN,New Palestine Community Schools,New Palestine Elementary School,8,New Palestine Jr High School,8,New Palestine High School,10,,39.72820,-85.88640
aAfPc000001Ze6rKAC,Honey Creek Farms/Venture,Lennar,,Upcoming,,,Harrison,3,2.00,1,2,1549,,4/27/2026,aAaPc000001ELNNKA4,Non Active Adult,46143,Greenwood,Johnson,18081,"Indianapolis-Carmel-Greenwood, IN",26900,IN,Center Grove Com Sch Corp,Center Grove Elementary School,7,Center Grove Middle School Central,8,Center Grove High School,10,,39.56905,-86.14219
aAfPc000001T95lKAC,Winterfield/Tradition,D.R. Horton,"D.R. Horton, Inc.",Active,,,Bellamy,4,2.50,2,2,2053,334900,4/8/2026,aAaPc000000e237KAA,Non Active Adult,46131,Franklin,Johnson,18081,"Indianapolis-Carmel-Greenwood, IN",26900,IN,Franklin Community School Corp,Needham Elementary School; Custer Baker Intermediate School,7; 7,Franklin Community Middle School,7,Franklin Community High School,6,,39.51567,-86.03785
aAf3x000001WrTwCAK,Westwind at Cumberland,Arbor Homes,Clayton Properties Group,Active,,,Palmetto,4,2.50,2,2,2580,308995,5/25/2026,aAa3x000000YX10CAG,Non Active Adult,46131,Franklin,Johnson,18081,"Indianapolis-Carmel-Greenwood, IN",26900,IN,Franklin Community School Corp,Custer Baker Intermediate School; Creekside Elementary School,7; 6,Franklin Community Middle School,7,Franklin Community High School,6,,39.49405,-86.08407
aAf3x000001QX5cCAG,Chatham Village/Executive Collection,David Weekley Homes,,Active,,,Brunson,3,3.50,1,3,2848,977990,5/9/2026,aAaPc000000N5h1KAC,Non Active Adult,46074,Westfield,Hamilton,18057,"Indianapolis-Carmel-Greenwood, IN",26900,IN,Westfield-Washington Schools,Westfield Intermediate School; Monon Trail Elementary School,9; 6,Westfield Middle School,9,Westfield High School,10,,40.08057,-86.13476
aAf3x000001WmjKCAS,Sagebrook West/SF,M/I Homes,,Active,,,Cheswicke II Slab,3,2.00,1,2,2191,359990,3/30/2026,aAa3x000000UpY8CAK,Non Active Adult,46239,Indianapolis,Marion,18097,"Indianapolis-Carmel-Greenwood, IN",26900,IN,Franklin Township Com Sch Corp,,,,,Franklin Central High School,9,,39.69289,-85.97854
aAfPc000001q6buKAA,Montelena,M/I Homes,,Upcoming,,,T1600 Plan,2,3.00,3,2,1716,309990,4/28/2026,aAaPc000001EKJFKA4,Non Active Adult,46060,Noblesville,Hamilton,18057,"Indianapolis-Carmel-Greenwood, IN",26900,IN,Noblesville Schools,Promise Road Elementary,7,Noblesville Middle School,8,Noblesville High School,10,,40.01439,-85.96833
aAf3x000001Qh4yCAC,Scottsdale Estates,Arbor Homes,Clayton Properties Group,Active,,,Aspen II,4,2.50,2,2,2176,332995,5/21/2026,aAaPc000001DcI0KAK,Non Active Adult,46143,Greenwood,Johnson,18081,"Indianapolis-Carmel-Greenwood, IN",26900,IN,Clark-Pleasant Com School Corp,Pleasant Crossing Elementary,7,Clark Pleasant Middle School,7,Whiteland Community High School,5,,39.55660,-86.14305
aAf3x000001WVQKCA4,Colere/TH,Onyx+East,,Active,,,Colere English,2,2.50,4,2,1530,394900,4/25/2026,aAa3x000000U2T1CAK,Non Active Adult,46203,Indianapolis,Marion,18097,"Indianapolis-Carmel-Greenwood, IN",26900,IN,Indianapolis Public Schools,Thomas D. Gregg School 15; Brookside School 54,4; 4,Arlington Community Middle School,5,Arsenal Technical High School; George Washington Community High School...,1; 1,,39.75991,-86.13602
aAf3x000001WYwxCAG,Woodfield Pointe,Arbor Homes,Clayton Properties Group,Active,,,Ironwood,3,2.50,2,2,1968,282995,5/15/2026,aAa3x000000ZbxZCAS,Non Active Adult,46140,Greenfield,Hancock,18059,"Indianapolis-Carmel-Greenwood, IN",26900,IN,Greenfield-Central Com Schools,Weston Elementary School; Greenfield Intermediate School,5; 5,Greenfield Central Junior High School,6,Greenfield-Central High School,7,,39.78944,-85.81685
aAf3x000001QWMGCA4,Haven Ponds,Silverthorne Homes,Clayton Properties Group,Active,,,Arthur,4,2.50,2,0,2606,382995,5/12/2026,aAaPc00000096lpKAA,Non Active Adult,46055,McCordsville,Hancock,18059,"Indianapolis-Carmel-Greenwood, IN",26900,IN,Mt Vernon Community Sch Corp,McCordsville Elementary School,6,Mt Vernon Middle School,6,Mt Vernon High School,8,,39.92797,-85.89899
aAf2T000001ULX7SAO,Mt Vernon North,D.R. Horton,"D.R. Horton, Inc.",Active,,,Stamford,4,2.50,2,2,2346,367900,4/25/2026,aAaPc000000VPZ3KAO,Non Active Adult,46040,Fortville,Hancock,18059,"Indianapolis-Carmel-Greenwood, IN",26900,IN,Mt Vernon Community Sch Corp,Fortville Elementary School,7,Mt Vernon Middle School,6,Mt Vernon High School,8,,39.91192,-85.84315
aAfPc000001RqDMKA0,Rockport,M/I Homes,,Active,,,Drake,4,2.50,2,3,2889,481990,5/22/2026,aAaPc000000hE3QKAU,Non Active Adult,46055,Vernon,Hancock,18059,"Indianapolis-Carmel-Greenwood, IN",26900,IN,Mt Vernon Community Sch Corp,McCordsville Elementary School,6,Mt Vernon Middle School,6,Mt Vernon High School,8,,39.91552,-85.92644
aAfPc000001rcOLKAY,Welford at Easton Grey/Manors,Drees Homes,,Upcoming,,,CRESTVIEW,5,3.00,2,2,3146,559900,4/12/2026,aAaPc0000015fCxKAI,Non Active Adult,46123,Avon,Hendricks,18063,"Indianapolis-Carmel-Greenwood, IN",26900,IN,Avon Community School Corp,River Birch Elementary; Avon Intermediate School East,8; 6,Avon Middle School North,10,Avon High School,10,,39.77407,-86.43379
aAfPc000001L7hZKAS,Easton/Northern,Lennar,,Active,,,Briarwood,2,2.00,1,2,1372,299995,5/7/2026,aAaPc000000elILKAY,Active Adult,46123,Avon,Hendricks,18063,"Indianapolis-Carmel-Greenwood, IN",26900,IN,Avon Community School Corp,River Birch Elementary; Avon Intermediate School East,8; 6,Avon Middle School North,10,Avon High School,10,,39.76793,-86.43780
aAfPc000001gqrQKAQ,Westfall Place,Arbor Homes,Clayton Properties Group,Active,,,Spruce,4,2.50,2,2,2343,297995,5/16/2026,aAaPc000000wGXtKAM,Non Active Adult,46071,Thorntown,Boone,18011,"Indianapolis-Carmel-Greenwood, IN",26900,IN,Western Boone County Com Sch District,,,Western Boone Jr-Sr High School,6,Western Boone Jr-Sr High School,6,,40.12700,-86.62602
aAfPc000001RqDMKA0,Rockport,M/I Homes,,Active,,,Ainsley II,4,2.50,2,2,3141,511990,5/22/2026,aAaPc000000hE3LKAU,Non Active Adult,46055,Vernon,Hancock,18059,"Indianapolis-Carmel-Greenwood, IN",26900,IN,Mt Vernon Community Sch Corp,McCordsville Elementary School,6,Mt Vernon Middle School,6,Mt Vernon High School,8,,39.91552,-85.92644
aAf3x000001WkacCAC,Trescott,Pulte Homes,PulteGroup Inc.,Active,,,Westchester,4,2.50,2,3,3300,420990,5/13/2026,aAa3x000000ZfqfCAC,Non Active Adult,46168,Plainfield,Hendricks,18063,"Indianapolis-Carmel-Greenwood, IN",26900,IN,Plainfield Community Sch Corp,Clarks Creek Elementary,5,Plainfield Com Middle School,8,Plainfield High School,9,,39.67374,-86.40810
aAfPc000001LR7tKAG,Easton/Central,Lennar,,Active,,,Monroe,2,2.00,1,2,1915,389995,4/25/2026,aAaPc000000elIIKAY,Active Adult,46123,Avon,Hendricks,18063,"Indianapolis-Carmel-Greenwood, IN",26900,IN,Avon Community School Corp,River Birch Elementary; Avon Intermediate School East,8; 6,Avon Middle School North,10,Avon High School,10,,39.76793,-86.43780
aAf3x000001WXjRCAW,Cedar Ridge,Fischer Homes,,Active,,,Jensen,4,2.50,2,2,2794,366990,5/25/2026,aAa3x000000U0whCAC,Non Active Adult,46052,Lebanon,Boone,18011,"Indianapolis-Carmel-Greenwood, IN",26900,IN,Lebanon Community School Corp,Central Elementary School,9,Lebanon Middle School,5,Lebanon Senior High School,9,,40.05570,-86.45563
aAfPc000000dJKnKAM,Timbers Cornerstone,Lennar,,Active,,,Fairmont,5,3.50,2,2,2995,524995,5/25/2026,aAaPc000000CMWUKA4,Non Active Adult,46062,Noblesville,Hamilton,18057,"Indianapolis-Carmel-Greenwood, IN",26900,IN,Noblesville Schools,Hinkle Creek Elementary School,8,Noblesville West Middle School,9,Noblesville High School,10,,40.06832,-86.06257
aAf3x000001WoRWCA0,Hickory Run,M/I Homes,,Active,,,Foster,4,2.00,2,2,2714,363990,5/18/2026,aAa3x000000ZaBdCAK,Non Active Adult,46239,Indianapolis,Marion,18097,"Indianapolis-Carmel-Greenwood, IN",26900,IN,Franklin Township Com Sch Corp,,,,,Franklin Central High School,9,,39.68048,-85.99215
aAfPc0000016BppKAE,Harvest Trail of Westfield/Signature Collection,David Weekley Homes,,Active,,,Benbrook,4,3.50,2,4,2698,573990,5/25/2026,aAaPc000000RtDJKA0,Non Active Adult,46074,Westfield,Hamilton,18057,"Indianapolis-Carmel-Greenwood, IN",26900,IN,Westfield-Washington Schools,Westfield Intermediate School; Monon Trail Elementary School,9; 6,Westfield Middle School,9,Westfield High School,10,,40.06467,-86.14415
aAf3x000001Qd2HCAS,Brunson's Landing,D.R. Horton,"D.R. Horton, Inc.",Active,,,Stamford,4,2.50,2,2,2346,329900,5/8/2026,aAaPc000000VPZ6KAO,Non Active Adult,46140,Greenfield,Hancock,18059,"Indianapolis-Carmel-Greenwood, IN",26900,IN,Greenfield-Central Com Schools,Greenfield Intermediate School; Weston Elementary School,5; 5,Greenfield Central Junior High School,6,Greenfield-Central High School,7,,39.80169,-85.78519
aAf3x000001WYtoCAG,Midland,Estridge Homes,,Active,,,The Prescott,4,4.50,3,3,3899,1027900,5/7/2026,aAaPc000001J4c1KAC,Non Active Adult,46074,Westfield,Hamilton,18057,"Indianapolis-Carmel-Greenwood, IN",26900,IN,Westfield-Washington Schools,Westfield Intermediate School; Maple Glen Elementary,9; 8,Westfield Middle School,9,Westfield High School,10,,40.03976,-86.18435
aAf3x000001QbsiCAC,Colonnade/Cornerstone Series,Taylor Morrison,,Active,,,Marin,3,2.50,2,2,2422,406000,5/23/2026,aAa3x000000ZoT3CAK,Non Active Adult,46055,McCordsville,Hancock,18059,"Indianapolis-Carmel-Greenwood, IN",26900,IN,Mt Vernon Community Sch Corp,McCordsville Elementary School,6,Mt Vernon Middle School,6,Mt Vernon High School,8,,39.89076,-85.91252
aAfPc000001L7hZKAS,Easton/Northern,Lennar,,Active,,,Chapman,3,2.00,1,2,1576,319995,5/7/2026,aAaPc000000elIMKAY,Active Adult,46123,Avon,Hendricks,18063,"Indianapolis-Carmel-Greenwood, IN",26900,IN,Avon Community School Corp,River Birch Elementary; Avon Intermediate School East,8; 6,Avon Middle School North,10,Avon High School,10,,39.76793,-86.43780
aAf3x000001QYqPCAW,Auburn Ridge,M/I Homes,,Active,,,Glacier II,3,2.50,2,2,2086,408990,1/13/2026,aAaPc000000Mq2WKAS,Non Active Adult,46112,Brownsburg,Hendricks,18063,"Indianapolis-Carmel-Greenwood, IN",26900,IN,Brownsburg Community Sch Corp,White Lick Elementary School,8,Brownsburg West Middle School,8,Brownsburg High School,10,,39.83231,-86.42558
aAf3x000001WbpECAS,Preserve at Brookside,Bridgenorth Homes,,Active,,,Dean,2,2.00,1,2,1545,370490,5/22/2026,aAa3x000000ZqopCAC,Non Active Adult,46055,McCordsville,Hancock,18059,"Indianapolis-Carmel-Greenwood, IN",26900,IN,Mt Vernon Community Sch Corp,McCordsville Elementary School,6,Mt Vernon Middle School,6,Mt Vernon High School,8,,39.91258,-85.92031
aAfPc000000nGvHKAU,Grayson,M/I Homes,,Active,,,Peyton,4,2.50,2,2,2388,328990,5/16/2026,aAaPc000000LJB9KAO,Non Active Adult,46239,Indianapolis,Marion,18097,"Indianapolis-Carmel-Greenwood, IN",26900,IN,Franklin Township Com Sch Corp,,,,,Franklin Central High School,9,,39.71021,-86.03761
aAfPc00000186MuKAI,Sage Run,Pulte Homes,PulteGroup Inc.,Active,,,Fairview,3,2.00,1,2,1646,329990,4/20/2026,aAaPc0000019vEEKAY,Non Active Adult,46143,Greenwood,Johnson,18081,"Indianapolis-Carmel-Greenwood, IN",26900,IN,Clark-Pleasant Com School Corp,Clark Elementary School,6,Clark Pleasant Middle School,7,Whiteland Community High School,5,,39.62766,-86.04496
aAfPc000000EW9hKAG,Manors at Avon/Designer,Fischer Homes,,Active,,,Wyatt,4,2.50,2,2,2731,487990,5/25/2026,aAaPc000000NP0vKAG,Non Active Adult,46123,Avon,Hendricks,18063,"Indianapolis-Carmel-Greenwood, IN",26900,IN,Avon Community School Corp,River Birch Elementary; Avon Intermediate School East,8; 6,Avon Middle School North,10,Avon High School,10,,39.78371,-86.40136
aAfPc000000CGcLKAW,Summerton/Summerton Cornerstone,Lennar,,Active,,,Fairmont,5,3.50,2,2,2974,512995,4/25/2026,aAaPc00000034UqKAI,Non Active Adult,46055,McCordsville,Hancock,18059,"Indianapolis-Carmel-Greenwood, IN",26900,IN,Mt Vernon Community Sch Corp,McCordsville Elementary School,6,Mt Vernon Middle School,6,Mt Vernon High School,8,,39.91468,-85.90628
aAf3x000001QYOLCA4,Trescott Overlook,Drees Homes,,Active,,,ALDEN,4,2.50,2,2,3055,559900,5/18/2026,aAa3x000000ZfW4CAK,Non Active Adult,46168,Plainfield,Hendricks,18063,"Indianapolis-Carmel-Greenwood, IN",26900,IN,Plainfield Community Sch Corp,Clarks Creek Elementary,5,Plainfield Com Middle School,8,Plainfield High School,9,,39.67444,-86.40719
aAf3x000001QYOLCA4,Trescott Overlook,Drees Homes,,Active,,,MAJESTIC,5,3.00,2,3,3039,517900,5/18/2026,aAaPc000000eeTsKAI,Non Active Adult,46168,Plainfield,Hendricks,18063,"Indianapolis-Carmel-Greenwood, IN",26900,IN,Plainfield Community Sch Corp,Clarks Creek Elementary,5,Plainfield Com Middle School,8,Plainfield High School,9,,39.67444,-86.40719
aAfPc000000zi49KAA,Flora/TH,Onyx+East,,Active,,,Capstone Balcony,2,2.50,3,2,2137,482500,5/13/2026,aAaPc0000016PHhKAM,Non Active Adult,46290,Carmel,Hamilton,18057,"Indianapolis-Carmel-Greenwood, IN",26900,IN,Carmel Clay Schools,Towne Meadow Elementary School,9,Creekside Middle School,10,Carmel High School,10,,39.93223,-86.16525
aAfPc000001EjxZKAS,White Oak Estates,Drees Homes,,Active,,,BELLEVILLE,4,2.50,2,3,2972,612900,5/20/2026,aAaPc000001CavqKAC,Non Active Adult,46123,Avon,Hendricks,18063,"Indianapolis-Carmel-Greenwood, IN",26900,IN,Avon Community School Corp,Sycamore Elementary School; Avon Intermediate School East,8; 6,Avon Middle School North,10,Avon High School,10,,39.79188,-86.39403
aAfPc000000GMuFKAW,Grand Vista/Cornerstone,Lennar,,Active,,,Oxford,5,3.50,2,3,3309,501995,4/27/2026,aAaPc000000NKeYKAW,Non Active Adult,46143,Greenwood,Johnson,18081,"Indianapolis-Carmel-Greenwood, IN",26900,IN,Clark-Pleasant Com School Corp,Clark Elementary School,6,Clark Pleasant Middle School,7,Whiteland Community High School,5,,39.59127,-86.04611
aAf3x000001YhaeCAC,Atwater/Villas,Olthof Homes,,Active,,,Adagio (SF Villas),2,2.00,1,2,1653,347900,5/23/2026,aAa3x000000gsLvCAI,Non Active Adult,46069,Sheridan,Hamilton,18057,"Indianapolis-Carmel-Greenwood, IN",26900,IN,Westfield-Washington Schools,Westfield Intermediate School; Monon Trail Elementary School,9; 6,Westfield Middle School,9,Westfield High School,10,,40.06794,-86.18028
aAfPc000000CAwTKAW,Kingsbridge 3-Car Venture,Lennar,,Active,,,Jasper,5,3.00,2,3,2578,401995,5/6/2026,aAaPc000000iszdKAA,Non Active Adult,46131,Franklin,Johnson,18081,"Indianapolis-Carmel-Greenwood, IN",26900,IN,Franklin Community School Corp,Custer Baker Intermediate School; Creekside Elementary School,7; 6,Franklin Community Middle School,7,Franklin Community High School,6,,39.53148,-86.08285
aAf3x000001QYOLCA4,Trescott Overlook,Drees Homes,,Active,,,ALWICK,4,2.50,2,2,2631,529900,5/18/2026,aAa3x000000ZfW5CAK,Non Active Adult,46168,Plainfield,Hendricks,18063,"Indianapolis-Carmel-Greenwood, IN",26900,IN,Plainfield Community Sch Corp,Clarks Creek Elementary,5,Plainfield Com Middle School,8,Plainfield High School,9,,39.67444,-86.40719
aAfPc000000PyH7KAK,Harbor at Grand Park Village,Beazer Homes,,Active,,,Tuscany,3,2.00,2,2,1974,377990,5/25/2026,aAaPc000000EldPKAS,Non Active Adult,46074,Westfield,Hamilton,18057,"Indianapolis-Carmel-Greenwood, IN",26900,IN,Westfield-Washington Schools,Westfield Intermediate School; Monon Trail Elementary School,9; 6,Westfield Middle School,9,Westfield High School,10,,40.05416,-86.15546
aAf3x000001WbpECAS,Preserve at Brookside,Bridgenorth Homes,,Active,,,Lincoln,3,2.00,1,2,2066,419990,5/22/2026,aAa3x000000ZqouCAC,Non Active Adult,46055,McCordsville,Hancock,18059,"Indianapolis-Carmel-Greenwood, IN",26900,IN,Mt Vernon Community Sch Corp,McCordsville Elementary School,6,Mt Vernon Middle School,6,Mt Vernon High School,8,,39.91258,-85.92031
aAf3x000001YghjCAC,Ridgefield,Davis Homes,,Active,,,Washington,5,3.00,2,2,2498,292990,5/16/2026,aAa3x000000YRU4CAO,Non Active Adult,46239,Indianapolis,Marion,18097,"Indianapolis-Carmel-Greenwood, IN",26900,IN,M S D Warren Township,Liberty Park Elementary School; Raymond Park Middle School (7-8),4; 4,Raymond Park Middle School (7-8),4,Warren Central High School,2,,39.72696,-86.03276
aAfPc000001ITarKAG,Lindley Ridge at Chatham Hills,Fischer Homes,,Active,,,Wedgefield,4,3.00,2,3,3514,1115990,3/17/2026,aAaPc000000V3fxKAC,Non Active Adult,46074,Westfield,Hamilton,18057,"Indianapolis-Carmel-Greenwood, IN",26900,IN,Westfield-Washington Schools,Westfield Intermediate School; Monon Trail Elementary School,9; 6,Westfield Middle School,9,Westfield High School,10,,40.09149,-86.13268
aAfPc000001rcOLKAY,Welford at Easton Grey/Manors,Drees Homes,,Upcoming,,,PARKETTE,3,3.00,1,3,2284,530900,4/12/2026,aAaPc0000015fCzKAI,Non Active Adult,46123,Avon,Hendricks,18063,"Indianapolis-Carmel-Greenwood, IN",26900,IN,Avon Community School Corp,River Birch Elementary; Avon Intermediate School East,8; 6,Avon Middle School North,10,Avon High School,10,,39.77407,-86.43379
aAfPc000001L2HZKA0,Reserve (The),Taylor Morrison,,Active,,,Courtyard 1752,3,2.00,1,2,1752,275000,5/12/2026,aAaPc000000r9DYKAY,Non Active Adult,46239,Indianapolis,Marion,18097,"Indianapolis-Carmel-Greenwood, IN",26900,IN,M S D Warren Township,Creston Middle School; Grassy Creek Elementary School,4; 3,Creston Middle School,4,Warren Central High School,2,,39.75405,-85.97066
aAf3x000001QYOMCA4,Trescott Gardens,Drees Homes,,Active,,,DAWSON,3,2.00,1,2,1986,423900,5/22/2026,aAaPc000001IvxhKAC,Non Active Adult,46168,Plainfield,Hendricks,18063,"Indianapolis-Carmel-Greenwood, IN",26900,IN,Plainfield Community Sch Corp,Clarks Creek Elementary,5,Plainfield Com Middle School,8,Plainfield High School,9,,39.67444,-86.40719
aAfPc000001L26HKAS,Evergreen Estates,Olthof Homes,,Active,,,Bryson,2,1.00,1,2,1533,289851,4/10/2026,aAaPc000000RIk1KAG,Non Active Adult,46140,Greenfield,Hancock,18059,"Indianapolis-Carmel-Greenwood, IN",26900,IN,Greenfield-Central Com Schools,J B Stephens Elementary School; Maxwell Intermediate School,8; 6,Greenfield Central Junior High School,6,Greenfield-Central High School,7,,39.81495,-85.74382
aAf3x000001YlGQCA0,Brandywine Fields,Ryan Homes,NVR Inc.,Active,,,Elder,4,2.50,2,2,2203,299990,4/27/2026,aAa3x000000YiNQCA0,Non Active Adult,46140,Greenfield,Hancock,18059,"Indianapolis-Carmel-Greenwood, IN",26900,IN,Greenfield-Central Com Schools,J B Stephens Elementary School; Maxwell Intermediate School,8; 6,Greenfield Central Junior High School,6,Greenfield-Central High School,7,,39.81131,-85.74918
aAfPc000001ltJqKAI,Haven at Whitestown,Davis Homes,,Active,,,Buckner,3,2.50,2,2,1653,230990,5/20/2026,aAaPc000000rDWzKAM,Non Active Adult,46075,Whitestown,Boone,18011,"Indianapolis-Carmel-Greenwood, IN",26900,IN,Lebanon Community School Corp,Perry Worth Elementary School,6,Lebanon Middle School,5,Lebanon Senior High School,9,,39.99045,-86.34629
aAfPc000001gMOrKAM,Midelton/Arrival,Arbor Homes,Clayton Properties Group,Active,,,Rockaway,2,2.00,2,2,1372,219995,5/7/2026,aAaPc000001E0bpKAC,Non Active Adult,46235,Indianapolis,Marion,18097,"Indianapolis-Carmel-Greenwood, IN",26900,IN,M S D Lawrence Township,Winding Ridge Elementary School,3,Belzer Middle School,3,Lawrence Central High School,3,,39.84089,-85.96899
aAf3x000001QdoZCAS,Towns at River Place,Pulte Homes,PulteGroup Inc.,Active,,,Hadley,4,2.50,2,2,1883,351990,5/25/2026,aAaPc0000017SL9KAM,Non Active Adult,46250,Indianapolis,Marion,18097,"Indianapolis-Carmel-Greenwood, IN",26900,IN,Hamilton Southeastern Schools,Riverside Intermediate School; Fishers Elementary School,10; 8,Riverside Jr High,8,Fishers High School,10,,39.93090,-86.06916
aAfPc000001ht8jKAA,Ravinia/SL Arch,Lennar,,Active,,,3500,5,3.50,2,2,3573,850995,5/9/2026,aAaPc000000zdzxKAA,Non Active Adult,46074,Westfield,Hamilton,18057,"Indianapolis-Carmel-Greenwood, IN",26900,IN,Westfield-Washington Schools,Westfield Intermediate School; Maple Glen Elementary,9; 8,Westfield Middle School,9,Westfield High School,10,,40.02861,-86.19191
aAfPc000001vB08KAE,Canterwood,Pulte Homes,PulteGroup Inc.,Upcoming,,,Continental,4,2.50,2,2,3008,,5/19/2026,aAaPc000001GtSzKAK,Non Active Adult,46037,Fishers,Hamilton,18057,"Indianapolis-Carmel-Greenwood, IN",26900,IN,Hamilton Southeastern Schools,Riverside Intermediate School; Lantern Road Elementary School,10; 9,Riverside Jr High,8,Hamilton Southeastern High School,10,,39.94805,-85.99447
aAfPc000001PPseKAG,Harper Estates,D.R. Horton,"D.R. Horton, Inc.",Active,,,Henley,5,3.00,2,3,2720,444900,5/29/2026,aAaPc000000i9sPKAQ,Non Active Adult,46123,Avon,Hendricks,18063,"Indianapolis-Carmel-Greenwood, IN",26900,IN,Avon Community School Corp,Maple Elementary School; Avon Intermediate School East,8; 6,Avon Middle School North,10,Avon High School,10,,39.77059,-86.38074
aAfPc000000p28VKAQ,Willow Ridge,Silverthorne Homes,Clayton Properties Group,Active,,,Lincoln,4,2.50,2,2,2961,377995,5/7/2026,aAaPc000000JYRmKAO,Non Active Adult,46163,New Palestine,Hancock,18059,"Indianapolis-Carmel-Greenwood, IN",26900,IN,New Palestine Community Schools,New Palestine Elementary School,8,New Palestine Jr High School,8,New Palestine High School,10,,39.72820,-85.88640
aAf3x000001WlFcCAK,Edgewood Farms,D.R. Horton,"D.R. Horton, Inc.",Active,,,Elwood,3,2.50,1,2,1839,354900,5/9/2026,aAaPc0000019di3KAA,Non Active Adult,46239,Indianapolis,Marion,18097,"Indianapolis-Carmel-Greenwood, IN",26900,IN,Franklin Township Com Sch Corp,,,,,Franklin Central High School,9,,39.68241,-86.00724
aAf3x000001WeIxCAK,Silver Stream,Arbor Homes,Clayton Properties Group,Active,,,Palmetto,4,2.50,2,2,2580,306995,5/21/2026,aAa3x000000YimeCAC,Non Active Adult,46235,Indianapolis,Marion,18097,"Indianapolis-Carmel-Greenwood, IN",26900,IN,M S D Lawrence Township,Indian Creek Elementary School,4,Fall Creek Valley Middle School,5,Lawrence North High School,5,,39.84161,-85.98043
aAf3x000001WTU0CAO,Sawyer Walk,M/I Homes,,Active,,,Mackey II,2,2.00,1,2,1603,356990,5/29/2026,aAaPc0000002Zl0KAE,Non Active Adult,46106,Bargersville,Johnson,18081,"Indianapolis-Carmel-Greenwood, IN",26900,IN,Center Grove Com Sch Corp,Maple Grove Elementary School,8,Center Grove Middle School Central,8,Center Grove High School,10,,39.52297,-86.17236
aAfPc000001kkLpKAI,Colonnade,Drees Homes,,Active,,,VANDERBURGH,4,2.50,2,2,3252,609900,5/1/2026,aAaPc000000sPZ1KAM,Non Active Adult,46055,Mccordsville,Hancock,18059,"Indianapolis-Carmel-Greenwood, IN",26900,IN,Mt Vernon Community Sch Corp,McCordsville Elementary School,6,Mt Vernon Middle School,6,Mt Vernon High School,8,,39.88541,-85.91438
aAf3x000001QLLnCAO,Meadows at Belleview,D.R. Horton,"D.R. Horton, Inc.",Active,,,Branson,4,2.50,2,3,2851,440900,4/1/2026,aAaPc0000019diJKAQ,Non Active Adult,46143,Greenwood,Johnson,18081,"Indianapolis-Carmel-Greenwood, IN",26900,IN,Center Grove Com Sch Corp,Pleasant Grove Elementary School,8,Center Grove Middle School North,8,Center Grove High School,10,,39.59582,-86.21492
aAfPc000001RqDMKA0,Rockport,M/I Homes,,Active,,,Columbia Basement,4,2.50,2,3,2878,566490,5/22/2026,aAaPc000000hE3KKAU,Non Active Adult,46055,Vernon,Hancock,18059,"Indianapolis-Carmel-Greenwood, IN",26900,IN,Mt Vernon Community Sch Corp,McCordsville Elementary School,6,Mt Vernon Middle School,6,Mt Vernon High School,8,,39.91552,-85.92644
aAf3x000001Ye5CCAS,Kimblewick/Keeneland,Del Webb,PulteGroup Inc.,Active,,,Meadow,2,2.00,1,2,1504,369990,5/6/2026,aAa3x000000cWSfCAM,Active Adult,46074,Westfield,Hamilton,18057,"Indianapolis-Carmel-Greenwood, IN",26900,IN,Westfield-Washington Schools,Westfield Intermediate School; Shamrock Springs Elementary School,9; 8,Westfield Middle School,9,Westfield High School,10,,40.00812,-86.20483
aAfPc0000019MldKAE,Courtyards of TowneRun,EPCON Communities,,Active,,,Cambridge,2,2.50,2,2,1349,389900,5/28/2026,aAaPc000000diA1KAI,Non Active Adult,46074,Westfield,Hamilton,18057,"Indianapolis-Carmel-Greenwood, IN",26900,IN,Westfield-Washington Schools,Westfield Intermediate School; Shamrock Springs Elementary School,9; 8,Westfield Middle School,9,Westfield High School,10,,40.02155,-86.19552
aAf3x000001Qd2HCAS,Brunson's Landing,D.R. Horton,"D.R. Horton, Inc.",Active,,,Bellamy,4,2.50,2,2,2053,314900,5/8/2026,aAaPc000000HuzyKAC,Non Active Adult,46140,Greenfield,Hancock,18059,"Indianapolis-Carmel-Greenwood, IN",26900,IN,Greenfield-Central Com Schools,Greenfield Intermediate School; Weston Elementary School,5; 5,Greenfield Central Junior High School,6,Greenfield-Central High School,7,,39.80169,-85.78519
aAf3x000001QhjwCAC,Saddlebrook Farms North/Tradition,D.R. Horton,"D.R. Horton, Inc.",Active,,,Dayton,5,3.50,2,3,3388,430900,5/29/2026,aAaPc000000k6n5KAA,Non Active Adult,46184,Whiteland,Johnson,18081,"Indianapolis-Carmel-Greenwood, IN",26900,IN,Clark-Pleasant Com School Corp,Whiteland Elementary School,8,Clark Pleasant Middle School,7,Whiteland Community High School,5,,39.55071,-86.07083
aAf3x000000UOUyCAO,Bridle Oaks,Pulte Homes,PulteGroup Inc.,Active,,,Fifth Avenue,3,2.50,2,2,2426,377990,5/7/2026,aAa3x000000TqXtCAK,Non Active Adult,46075,Whitestown,Boone,18011,"Indianapolis-Carmel-Greenwood, IN",26900,IN,Lebanon Community School Corp,Perry Worth Elementary School,6,Lebanon Middle School,5,Lebanon Senior High School,9,,39.99164,-86.34494
aAf3x000001WTU0CAO,Sawyer Walk,M/I Homes,,Active,,,Glendale,4,2.50,2,2,3152,463990,5/29/2026,aAaPc000000U1JkKAK,Non Active Adult,46106,Bargersville,Johnson,18081,"Indianapolis-Carmel-Greenwood, IN",26900,IN,Center Grove Com Sch Corp,Maple Grove Elementary School,8,Center Grove Middle School Central,8,Center Grove High School,10,,39.52297,-86.17236
aAf3x000001WoRWCA0,Hickory Run,M/I Homes,,Active,,,Ashton,2,2.00,1,2,1842,333990,5/18/2026,aAa3x000000ZaBaCAK,Non Active Adult,46239,Indianapolis,Marion,18097,"Indianapolis-Carmel-Greenwood, IN",26900,IN,Franklin Township Com Sch Corp,,,,,Franklin Central High School,9,,39.68048,-85.99215
aAf3x000001QhcyCAC,Cardinal Grove/Express,D.R. Horton,"D.R. Horton, Inc.",Active,,,Henley,5,3.00,2,2,2600,367900,4/23/2026,aAaPc000000AIWjKAO,Non Active Adult,46221,Indianapolis,Marion,18097,"Indianapolis-Carmel-Greenwood, IN",26900,IN,M S D Decatur Township,Gold Academy,4,Decatur Middle School,3,Decatur Central High School,3,,39.67001,-86.27891
aAf3x000001WoRWCA0,Hickory Run,M/I Homes,,Active,,,Drake Basement,4,2.50,2,3,2884,482490,5/18/2026,aAaPc0000018rMsKAI,Non Active Adult,46239,Indianapolis,Marion,18097,"Indianapolis-Carmel-Greenwood, IN",26900,IN,Franklin Township Com Sch Corp,,,,,Franklin Central High School,9,,39.68048,-85.99215
aAfPc000001kX6rKAE,Centennial of Brownsburg/TH,Davis Homes,,Upcoming,,,Ashwick,2,2.00,1,2,1248,344990,5/1/2026,aAaPc000001IffFKAS,Non Active Adult,46112,Brownsburg,Hendricks,18063,"Indianapolis-Carmel-Greenwood, IN",26900,IN,Brownsburg Community Sch Corp,White Lick Elementary School,8,Brownsburg West Middle School,8,Brownsburg High School,10,,39.80269,-86.36523
aAfPc000001fA4TKAU,Parkside at Finch Creek/Crossings Side Load,Pulte Homes,PulteGroup Inc.,Active,,,Greenfield - Side Load,4,2.50,2,2,3021,482990,5/19/2026,aAaPc000000bf5dKAA,Non Active Adult,46060,Noblesville,Hamilton,18057,"Indianapolis-Carmel-Greenwood, IN",26900,IN,Hamilton Southeastern Schools,Hamilton Southeastern Jr High School; Deer Creek Elementary,9; 7,Hamilton Southeastern Jr High School,9,Hamilton Southeastern High School,10,,40.03075,-85.93807
aAf3x000001WdgGCAS,Fairview West,Olthof Homes,,Active,,,Willow,5,2.50,2,3,3142,466300,4/6/2026,aAaPc000000qCkhKAE,Non Active Adult,46112,Brownsburg,Hendricks,18063,"Indianapolis-Carmel-Greenwood, IN",26900,IN,Brownsburg Community Sch Corp,Delaware Trail Elementary School,9,Brownsburg East Middle School,9,Brownsburg High School,10,,39.86584,-86.42391
aAf3x000001WTYwCAO,Silo Ridge/TH,M/I Homes,,Active,,,T1778,2,2.50,2,2,1778,274990,5/13/2026,aAaPc000000IdmkKAC,Non Active Adult,46060,Noblesville,Hamilton,18057,"Indianapolis-Carmel-Greenwood, IN",26900,IN,Hamilton Southeastern Schools,Fall Creek Intermediate School; Deer Creek Elementary,9; 7,Fall Creek Junior High,7,Hamilton Southeastern High School,10,,40.03510,-85.94254
aAf3x000001QYOMCA4,Trescott Gardens,Drees Homes,,Active,,,SHELBURN,3,2.50,1,2,2294,441900,5/22/2026,aAa3x000000ZfWACA0,Non Active Adult,46168,Plainfield,Hendricks,18063,"Indianapolis-Carmel-Greenwood, IN",26900,IN,Plainfield Community Sch Corp,Clarks Creek Elementary,5,Plainfield Com Middle School,8,Plainfield High School,9,,39.67444,-86.40719
aAfPc000001ltJqKAI,Haven at Whitestown,Davis Homes,,Active,,,Hampton,3,2.50,2,2,2090,250990,5/20/2026,aAaPc000000rDOvKAM,Non Active Adult,46075,Whitestown,Boone,18011,"Indianapolis-Carmel-Greenwood, IN",26900,IN,Lebanon Community School Corp,Perry Worth Elementary School,6,Lebanon Middle School,5,Lebanon Senior High School,9,,39.99045,-86.34629
aAfPc000001gqrQKAQ,Westfall Place,Arbor Homes,Clayton Properties Group,Active,,,Norway,5,2.50,2,2,2961,324995,5/16/2026,aAaPc000000wGXxKAM,Non Active Adult,46071,Thorntown,Boone,18011,"Indianapolis-Carmel-Greenwood, IN",26900,IN,Western Boone County Com Sch District,,,Western Boone Jr-Sr High School,6,Western Boone Jr-Sr High School,6,,40.12700,-86.62602
aAfPc000000wZdJKAU,Talon Woods/TH,Olthof Homes,,Active,,,Adler,3,2.00,2,2,1415,303800,5/21/2026,aAaPc000000MMTJKA4,Non Active Adult,46112,Brownsburg,Hendricks,18063,"Indianapolis-Carmel-Greenwood, IN",26900,IN,Brownsburg Community Sch Corp,,,Brownsburg East Middle School,9,Brownsburg High School,10,,39.81958,-86.37191
aAf3x000001WbpECAS,Preserve at Brookside,Bridgenorth Homes,,Active,,,Cleveland,2,2.00,1,2,1445,358490,5/22/2026,aAaPc000000wM4zKAE,Non Active Adult,46055,McCordsville,Hancock,18059,"Indianapolis-Carmel-Greenwood, IN",26900,IN,Mt Vernon Community Sch Corp,McCordsville Elementary School,6,Mt Vernon Middle School,6,Mt Vernon High School,8,,39.91258,-85.92031
aAf3x000001QWY8CAO,Scottsdale Estates,Silverthorne Homes,Clayton Properties Group,Active,,,Van Buren,4,2.50,2,2,2929,402995,3/23/2026,aAa3x000000ZashCAC,Non Active Adult,46143,Bargersville,Johnson,18081,"Indianapolis-Carmel-Greenwood, IN",26900,IN,Center Grove Com Sch Corp,Sugar Grove Elementary School,6,Center Grove Middle School North,8,Center Grove High School,10,,39.59260,-86.13997
aAf3x000001QVVICA4,Carramore,Drees Homes,,Active,,,PARKETTE,3,2.00,1,3,2284,570900,5/13/2026,aAa3x000000ZZNJCA4,Non Active Adult,46069,Sheridan,Hamilton,18057,"Indianapolis-Carmel-Greenwood, IN",26900,IN,Westfield-Washington Schools,Westfield Intermediate School; Monon Trail Elementary School,9; 6,Westfield Middle School,9,Westfield High School,10,,40.07796,-86.16111
aAfPc000001rtRSKAY,Cooks Corner,Arbor Homes,Clayton Properties Group,Upcoming,,,Spruce,4,2.50,2,2,2343,296995,4/27/2026,aAaPc000001HTSfKAO,Non Active Adult,46140,Greenfield,Hancock,18059,"Indianapolis-Carmel-Greenwood, IN",26900,IN,Greenfield-Central Com Schools,Weston Elementary School; Greenfield Intermediate School,5; 5,Greenfield Central Junior High School,6,Greenfield-Central High School,7,,39.79849,-85.81656
aAf3x000001Wnx7CAC,Landings at Hobbs Station,Pulte Homes,PulteGroup Inc.,Active,,,Park Place,4,2.50,2,2,2746,397990,5/18/2026,aAaPc0000005DkyKAE,Non Active Adult,46168,Plainfield,Hendricks,18063,"Indianapolis-Carmel-Greenwood, IN",26900,IN,Avon Community School Corp,Cedar Elementary School; Avon Intermediate School West,7; 7,Avon Middle School South,10,Avon High School,10,,39.72213,-86.35615
aAfPc000001rOZtKAM,Windswept Farms,Ryan Homes,NVR Inc.,Active,,,Hudson,4,2.50,2,2,2718,423990,3/27/2026,aAaPc000001E2RBKA0,Non Active Adult,46075,Whitestown,Boone,18011,"Indianapolis-Carmel-Greenwood, IN",26900,IN,Lebanon Community School Corp,Perry Worth Elementary School,6,Lebanon Middle School,5,Lebanon Senior High School,9,,39.97861,-86.33781
aAfPc000001T95lKAC,Winterfield/Tradition,D.R. Horton,"D.R. Horton, Inc.",Active,,,Johnstown,5,3.50,2,3,3062,429900,4/8/2026,aAaPc000000e27xKAA,Non Active Adult,46131,Franklin,Johnson,18081,"Indianapolis-Carmel-Greenwood, IN",26900,IN,Franklin Community School Corp,Needham Elementary School; Custer Baker Intermediate School,7; 7,Franklin Community Middle School,7,Franklin Community High School,6,,39.51567,-86.03785
aAf3x000001YhaeCAC,Atwater/Villas,Olthof Homes,,Active,,,Willow (SFH),4,2.50,2,3,3142,470600,5/23/2026,aAaPc000000C6UfKAK,Non Active Adult,46069,Sheridan,Hamilton,18057,"Indianapolis-Carmel-Greenwood, IN",26900,IN,Westfield-Washington Schools,Westfield Intermediate School; Monon Trail Elementary School,9; 6,Westfield Middle School,9,Westfield High School,10,,40.06794,-86.18028
aAfPc000000iAOtKAM,Gatherings® at Aurora,Beazer Homes,,Active,,,Wabash,3,2.50,1,3,2193,444990,5/5/2026,aAaPc000000YHclKAG,Active Adult,46055,McCordsville,Hancock,18059,"Indianapolis-Carmel-Greenwood, IN",26900,IN,Mt Vernon Community Sch Corp,McCordsville Elementary School,6,Mt Vernon Middle School,6,Mt Vernon High School,8,,39.88275,-85.90553
aAf3x000001WeIxCAK,Silver Stream,Arbor Homes,Clayton Properties Group,Active,,,Walnut,3,2.00,1,2,1228,240995,5/21/2026,aAa3x000000UEQKCA4,Non Active Adult,46235,Indianapolis,Marion,18097,"Indianapolis-Carmel-Greenwood, IN",26900,IN,M S D Lawrence Township,Indian Creek Elementary School,4,Fall Creek Valley Middle School,5,Lawrence North High School,5,,39.84161,-85.98043
aAfPc000001gqrQKAQ,Westfall Place,Arbor Homes,Clayton Properties Group,Active,,,Empress,5,2.50,2,2,3198,328995,5/16/2026,aAaPc000000wGXrKAM,Non Active Adult,46071,Thorntown,Boone,18011,"Indianapolis-Carmel-Greenwood, IN",26900,IN,Western Boone County Com Sch District,,,Western Boone Jr-Sr High School,6,Western Boone Jr-Sr High School,6,,40.12700,-86.62602
aAfPc000001DU69KAG,Midland/Terraces TH,Estridge Homes,,Active,,,The Attica,3,3.00,3,3,2104,467000,5/7/2026,aAaPc000001J53RKAS,Non Active Adult,46074,Westfield,Hamilton,18057,"Indianapolis-Carmel-Greenwood, IN",26900,IN,Westfield-Washington Schools,Westfield Intermediate School; Maple Glen Elementary,9; 8,Westfield Middle School,9,Westfield High School,10,,40.03976,-86.18435
aAfPc000001M4UDKA0,Finch Creek,Taylor Morrison,,Active,,,Berkeley,3,2.50,2,2,2318,427000,5/15/2026,aAaPc0000018rNeKAI,Non Active Adult,46060,Noblesville,Hamilton,18057,"Indianapolis-Carmel-Greenwood, IN",26900,IN,Hamilton Southeastern Schools,Hamilton Southeastern Jr High School; Deer Creek Elementary,9; 7,Hamilton Southeastern Jr High School,9,Hamilton Southeastern High School,10,,40.01628,-85.93812
aAfPc0000016BkzKAE,Noble West Townhomes,Lennar,,Upcoming,,,Foxhall II,3,2.50,3,2,2355,,5/13/2026,aAaPc000001DdpNKAS,Non Active Adult,46033,Noblesville,Hamilton,18057,"Indianapolis-Carmel-Greenwood, IN",26900,IN,Noblesville Schools,Noble Crossing Elementary School,8,Noblesville West Middle School,9,Noblesville High School,10,,40.00584,-86.06971
aAfPc000000nGvHKAU,Grayson,M/I Homes,,Active,,,Juliet,4,2.50,2,2,2614,338990,5/16/2026,aAaPc000000LJB8KAO,Non Active Adult,46239,Indianapolis,Marion,18097,"Indianapolis-Carmel-Greenwood, IN",26900,IN,Franklin Township Com Sch Corp,,,,,Franklin Central High School,9,,39.71021,-86.03761
aAf2T000001MbYBSA0,Waterfront of West Clay/Island,Shoopman Homes,,Active,,,Owl,3,3.50,1,3,2860,998900,5/25/2026,aAa2T000000okihSAA,Non Active Adult,46077,Zionsville,Hamilton,18057,"Indianapolis-Carmel-Greenwood, IN",26900,IN,Carmel Clay Schools,West Clay Elementary,9,Creekside Middle School,10,Carmel High School,10,,39.95694,-86.23909
aAf3x000001WTNDCA4,Silo Ridge/SF,M/I Homes,,Active,,,Cheswicke II Basement,3,2.00,1,2,2191,519490,5/13/2026,aAa3x000000ZlZICA0,Non Active Adult,46060,Noblesville,Hamilton,18057,"Indianapolis-Carmel-Greenwood, IN",26900,IN,Hamilton Southeastern Schools,Fall Creek Intermediate School; Deer Creek Elementary,9; 7,Fall Creek Junior High,7,Hamilton Southeastern High School,10,,40.03510,-85.94254
aAfPc000000p28VKAQ,Willow Ridge,Silverthorne Homes,Clayton Properties Group,Active,,,Jefferson,3,2.00,1,2,2241,356995,5/7/2026,aAaPc000000LsHvKAK,Non Active Adult,46163,New Palestine,Hancock,18059,"Indianapolis-Carmel-Greenwood, IN",26900,IN,New Palestine Community Schools,New Palestine Elementary School,8,New Palestine Jr High School,8,New Palestine High School,10,,39.72820,-85.88640
aAf3x000001QNemCAG,The Cove,Fischer Homes,,Active,,,Finley,3,2.50,2,0,2457,662990,4/30/2026,aAaPc0000017jtiKAA,Non Active Adult,46040,Fishers,Hamilton,18057,"Indianapolis-Carmel-Greenwood, IN",26900,IN,Hamilton Southeastern Schools,Hamilton Southeastern Jr High School; Southeastern Elementary School,9; 7,Hamilton Southeastern Jr High School,9,Hamilton Southeastern High School,10,,39.96309,-85.89215
aAf3x000001QNelCAG,Hampton Walk/ Maple and Designer,Fischer Homes,,Active,,,Avery,4,2.00,2,2,2535,481990,5/13/2026,aAa3x000000ZrvgCAC,Non Active Adult,46055,McCordsville,Hancock,18059,"Indianapolis-Carmel-Greenwood, IN",26900,IN,Mt Vernon Community Sch Corp,McCordsville Elementary School,6,Mt Vernon Middle School,6,Mt Vernon High School,8,,39.88787,-85.91986
aAfPc000000vNZuKAM,Northwest Fortville Venture,Lennar,,Active,,,Springfield,4,3.00,2,2,2329,353995,4/30/2026,aAaPc000000FsQOKA0,Non Active Adult,46040,Fortville,Hancock,18059,"Indianapolis-Carmel-Greenwood, IN",26900,IN,Mt Vernon Community Sch Corp,Fortville Elementary School,7,Mt Vernon Middle School,6,Mt Vernon High School,8,,39.94177,-85.85969
aAfPc000001dpN3KAI,Nickel Row,Onyx+East,,Active,,,Rittenhouse on the Trail,2,2.50,4,2,2190,629900,5/25/2026,aAaPc0000016wLhKAI,Non Active Adult,46038,Fischers,Hamilton,18057,"Indianapolis-Carmel-Greenwood, IN",26900,IN,Hamilton Southeastern Schools,Riverside Intermediate School; Fishers Elementary School,10; 8,Riverside Jr High,8,Fishers High School,10,,39.95304,-86.02074
aAf3x000001QhcyCAC,Cardinal Grove/Express,D.R. Horton,"D.R. Horton, Inc.",Active,,,Harmony,3,2.00,1,2,1503,297900,4/23/2026,aAaPc000000AIIDKA4,Non Active Adult,46221,Indianapolis,Marion,18097,"Indianapolis-Carmel-Greenwood, IN",26900,IN,M S D Decatur Township,Gold Academy,4,Decatur Middle School,3,Decatur Central High School,3,,39.67001,-86.27891
aAf3x000001WmjKCAS,Sagebrook West/SF,M/I Homes,,Active,,,Drake Basement,4,2.50,2,3,2884,482490,3/30/2026,aAaPc000000Wdv8KAC,Non Active Adult,46239,Indianapolis,Marion,18097,"Indianapolis-Carmel-Greenwood, IN",26900,IN,Franklin Township Com Sch Corp,,,,,Franklin Central High School,9,,39.69289,-85.97854
aAf3x000001WXjRCAW,Cedar Ridge,Fischer Homes,,Active,,,DaVinci,3,2.00,1,2,1730,340990,5/25/2026,aAaPc00000065YPKAY,Non Active Adult,46052,Lebanon,Boone,18011,"Indianapolis-Carmel-Greenwood, IN",26900,IN,Lebanon Community School Corp,Central Elementary School,9,Lebanon Middle School,5,Lebanon Senior High School,9,,40.05570,-86.45563
aAfPc000000zkifKAA,Bo-Mar Estates/ TH,Olthof Homes,,Active,,,Piper,2,1.50,2,2,1356,274690,5/25/2026,aAaPc000000O4aLKAS,Non Active Adult,46168,Plainfield,Hendricks,18063,"Indianapolis-Carmel-Greenwood, IN",26900,IN,Avon Community School Corp,Cedar Elementary School; Avon Intermediate School West,7; 7,Avon Middle School South,10,Avon High School,10,,39.72793,-86.36178
aAfPc000001kX6rKAE,Centennial of Brownsburg/TH,Davis Homes,,Upcoming,,,Farrington,3,2.00,1,2,1397,359990,5/1/2026,aAaPc000001IfgrKAC,Non Active Adult,46112,Brownsburg,Hendricks,18063,"Indianapolis-Carmel-Greenwood, IN",26900,IN,Brownsburg Community Sch Corp,White Lick Elementary School,8,Brownsburg West Middle School,8,Brownsburg High School,10,,39.80269,-86.36523
aAf3x000001WqpfCAC,Somerset West,Silverthorne Homes,Clayton Properties Group,Active,,,Taylor,3,2.50,1,2,2001,391995,4/25/2026,aAa3x000000YhtICAS,Non Active Adult,46074,Westfield,Hamilton,18057,"Indianapolis-Carmel-Greenwood, IN",26900,IN,Westfield-Washington Schools,Westfield Intermediate School; Monon Trail Elementary School,9; 6,Westfield Middle School,9,Westfield High School,10,,40.04570,-86.17919
aAfPc000001RqDOKA0,Rivendell,Pulte Homes,PulteGroup Inc.,Active,,,Greenfield,4,2.50,2,2,3021,409990,5/16/2026,aAaPc0000010IEPKA2,Non Active Adult,46123,Avon,Hendricks,18063,"Indianapolis-Carmel-Greenwood, IN",26900,IN,Avon Community School Corp,Hickory Elementary School; Avon Intermediate School West,7; 7,Avon Middle School South,10,Avon High School,10,,39.74774,-86.41395
aAfPc000001RqDMKA0,Rockport,M/I Homes,,Active,,,Kentmore Basement,3,2.50,2,2,2070,514490,5/22/2026,aAaPc000000hE3IKAU,Non Active Adult,46055,Vernon,Hancock,18059,"Indianapolis-Carmel-Greenwood, IN",26900,IN,Mt Vernon Community Sch Corp,McCordsville Elementary School,6,Mt Vernon Middle School,6,Mt Vernon High School,8,,39.91552,-85.92644
aAfPc000000GNdNKAW,Grand Vista/Carriage Duplex,Lennar,,Active,,,Harmony,4,2.50,2,2,1803,298995,5/16/2026,aAaPc000000NKedKAG,Non Active Adult,46143,Greenwood,Johnson,18081,"Indianapolis-Carmel-Greenwood, IN",26900,IN,Clark-Pleasant Com School Corp,Clark Elementary School,6,Clark Pleasant Middle School,7,Whiteland Community High School,5,,39.59127,-86.04610
aAfPc000001fA4TKAU,Parkside at Finch Creek/Crossings Side Load,Pulte Homes,PulteGroup Inc.,Active,,,Riverton - Side Load,4,2.50,2,2,3126,487990,5/19/2026,aAaPc000000bf5lKAA,Non Active Adult,46060,Noblesville,Hamilton,18057,"Indianapolis-Carmel-Greenwood, IN",26900,IN,Hamilton Southeastern Schools,Hamilton Southeastern Jr High School; Deer Creek Elementary,9; 7,Hamilton Southeastern Jr High School,9,Hamilton Southeastern High School,10,,40.03075,-85.93807
aAf3x000001QNemCAG,The Cove,Fischer Homes,,Active,,,Morgan,2,2.00,1,0,1810,433990,4/30/2026,aAaPc000000HJ9iKAG,Non Active Adult,46040,Fishers,Hamilton,18057,"Indianapolis-Carmel-Greenwood, IN",26900,IN,Hamilton Southeastern Schools,Hamilton Southeastern Jr High School; Southeastern Elementary School,9; 7,Hamilton Southeastern Jr High School,9,Hamilton Southeastern High School,10,,39.96309,-85.89215
aAf3x000001WdclCAC,Chatham Village/Cottage Collection,David Weekley Homes,,Active,,,Honor,4,3.00,2,2,2973,668990,5/9/2026,aAa3x000000YR9uCAG,Non Active Adult,46074,Westfield,Hamilton,18057,"Indianapolis-Carmel-Greenwood, IN",26900,IN,Westfield-Washington Schools,Westfield Intermediate School; Monon Trail Elementary School,9; 6,Westfield Middle School,9,Westfield High School,10,,40.08103,-86.13605
aAf3x000001WgrLCAS,Northwood Haven,Arbor Homes,Clayton Properties Group,Active,,,Ashton,3,2.00,1,2,1354,280995,5/28/2026,aAa3x000000UQjyCAG,Non Active Adult,46122,Danville,Hendricks,18063,"Indianapolis-Carmel-Greenwood, IN",26900,IN,Danville Community School Corp,Danville Middle School; South Elementary School,8; 7,Danville Middle School,8,Danville Community High School,8,,39.77638,-86.49500
aAf3x000001QbsnCAC,Quail West,Taylor Morrison,,Active,,,Courtyard 1934,3,2.50,2,2,1934,317990,5/1/2026,aAa3x000000ZpUICA0,Non Active Adult,46122,Danville,Hendricks,18063,"Indianapolis-Carmel-Greenwood, IN",26900,IN,Danville Community School Corp,Danville Middle School; South Elementary School,8; 7,Danville Middle School,8,Danville Community High School,8,,39.76581,-86.48512
aAf3x000001WTNDCA4,Silo Ridge/SF,M/I Homes,,Active,,,Columbia Basement,4,2.50,2,2,2878,541490,5/13/2026,aAaPc000000IdmiKAC,Non Active Adult,46060,Noblesville,Hamilton,18057,"Indianapolis-Carmel-Greenwood, IN",26900,IN,Hamilton Southeastern Schools,Fall Creek Intermediate School; Deer Creek Elementary,9; 7,Fall Creek Junior High,7,Hamilton Southeastern High School,10,,40.03510,-85.94254
aAfPc0000019ebxKAA,Noble Heights Venture,Lennar,,Active,,,Ironwood,5,3.00,2,2,2460,359995,4/29/2026,aAaPc000001AqPlKAK,Non Active Adult,46221,Indianapolis,Marion,18097,"Indianapolis-Carmel-Greenwood, IN",26900,IN,M S D Decatur Township,West Newton Elementary School,5,Decatur Middle School,3,Decatur Central High School,3,,39.65265,-86.31888
aAfPc000001hd8nKAA,Magnolia Ridge/Distinctive,Pulte Homes,PulteGroup Inc.,Active,,,Renown,3,3.50,1,3,2754,572990,5/9/2026,aAaPc000000NjcLKAS,Non Active Adult,46062,Noblesville,Hamilton,18057,"Indianapolis-Carmel-Greenwood, IN",26900,IN,Noblesville Schools,Noble Crossing Elementary School,8,Noblesville West Middle School,9,Noblesville High School,10,,40.02936,-86.06009
aAf3x000001WbuhCAC,Fields at New Bethel,D.R. Horton,"D.R. Horton, Inc.",Active,,,Aria II,3,2.00,1,2,1601,310900,4/29/2026,aAaPc0000019di1KAA,Non Active Adult,46239,Indianapolis,Marion,18097,"Indianapolis-Carmel-Greenwood, IN",26900,IN,Franklin Township Com Sch Corp,,,,,Franklin Central High School,9,,39.69345,-86.00195
aAfPc000001rtRSKAY,Cooks Corner,Arbor Homes,Clayton Properties Group,Upcoming,,,Juniper,3,2.50,2,2,1760,270995,4/27/2026,aAaPc000001HTSgKAO,Non Active Adult,46140,Greenfield,Hancock,18059,"Indianapolis-Carmel-Greenwood, IN",26900,IN,Greenfield-Central Com Schools,Weston Elementary School; Greenfield Intermediate School,5; 5,Greenfield Central Junior High School,6,Greenfield-Central High School,7,,39.79849,-85.81656
aAf3x000001WoRWCA0,Hickory Run,M/I Homes,,Active,,,Ainsley II Basement,4,2.50,2,2,3141,512490,5/18/2026,aAaPc0000018rMnKAI,Non Active Adult,46239,Indianapolis,Marion,18097,"Indianapolis-Carmel-Greenwood, IN",26900,IN,Franklin Township Com Sch Corp,,,,,Franklin Central High School,9,,39.68048,-85.99215
aAf3x000001WeIxCAK,Silver Stream,Arbor Homes,Clayton Properties Group,Active,,,Empress,5,2.50,2,2,3198,317995,5/21/2026,aAa3x000000UEQGCA4,Non Active Adult,46235,Indianapolis,Marion,18097,"Indianapolis-Carmel-Greenwood, IN",26900,IN,M S D Lawrence Township,Indian Creek Elementary School,4,Fall Creek Valley Middle School,5,Lawrence North High School,5,,39.84161,-85.98043
aAf3x000001Wf1qCAC,Williams Run,Joyner Homes,,Active,,,Aspen,3,3.00,1,2,2387,340990,4/27/2026,aAa3x000000UJI1CAO,Non Active Adult,46140,Greenfield,Hancock,18059,"Indianapolis-Carmel-Greenwood, IN",26900,IN,Greenfield-Central Com Schools,J B Stephens Elementary School; Maxwell Intermediate School,8; 6,Greenfield Central Junior High School,6,Greenfield-Central High School,7,,39.80744,-85.74553
aAf3x000000UOUyCAO,Bridle Oaks,Pulte Homes,PulteGroup Inc.,Active,,,Boardwalk,4,2.50,2,2,2662,392990,5/7/2026,aAa3x000000TqXrCAK,Non Active Adult,46075,Whitestown,Boone,18011,"Indianapolis-Carmel-Greenwood, IN",26900,IN,Lebanon Community School Corp,Perry Worth Elementary School,6,Lebanon Middle School,5,Lebanon Senior High School,9,,39.99164,-86.34494
aAfPc00000163QrKAI,Oberlin/Simplicity,Taylor Morrison,,Active,,,Simplicity 1350,3,2.00,1,2,1350,298000,5/6/2026,aAaPc000000cKnnKAE,Non Active Adult,46113,Camby,Marion,18097,"Indianapolis-Carmel-Greenwood, IN",26900,IN,M S D Decatur Township,West Newton Elementary School,5,Decatur Middle School,3,Decatur Central High School,3,,39.65344,-86.31662
aAf3x000001QbssCAC,Hidden Hills,Taylor Morrison,,Active,,,Legacy 2307,3,2.50,2,2,2307,360000,5/18/2026,aAaPc000000LA9FKAW,Non Active Adult,46167,Pittsboro,Hendricks,18063,"Indianapolis-Carmel-Greenwood, IN",26900,IN,North West Hendricks Schools,Pittsboro Elementary; Pittsboro Primary School,9; 0,Tri-West Middle School,9,Tri-West Senior High School,9,,39.87140,-86.45638
aAfPc000001ltJqKAI,Haven at Whitestown,Davis Homes,,Active,,,Addison,3,2.00,1,2,1483,222990,5/20/2026,aAaPc000000rDbpKAE,Non Active Adult,46075,Whitestown,Boone,18011,"Indianapolis-Carmel-Greenwood, IN",26900,IN,Lebanon Community School Corp,Perry Worth Elementary School,6,Lebanon Middle School,5,Lebanon Senior High School,9,,39.99045,-86.34629
aAfPc000001cqD8KAI,Northwest Fortville/Ph 2,Ryan Homes,NVR Inc.,Active,,,Lehigh with Finished Rec Room,4,2.50,2,2,3878,449990,3/25/2026,aAaPc000001DxkrKAC,Non Active Adult,46040,Fortville,Hancock,18059,"Indianapolis-Carmel-Greenwood, IN",26900,IN,Mt Vernon Community Sch Corp,Fortville Elementary School,7,Mt Vernon Middle School,6,Mt Vernon High School,8,,39.94162,-85.86027
aAf3x000001WlFcCAK,Edgewood Farms,D.R. Horton,"D.R. Horton, Inc.",Active,,,Branson,4,2.50,2,3,2851,394900,5/9/2026,aAaPc0000019di2KAA,Non Active Adult,46239,Indianapolis,Marion,18097,"Indianapolis-Carmel-Greenwood, IN",26900,IN,Franklin Township Com Sch Corp,,,,,Franklin Central High School,9,,39.68241,-86.00724
aAfPc000000CAwTKAW,Kingsbridge 3-Car Venture,Lennar,,Active,,,Paddington,5,3.50,2,3,3020,422995,5/6/2026,aAaPc000000iszfKAA,Non Active Adult,46131,Franklin,Johnson,18081,"Indianapolis-Carmel-Greenwood, IN",26900,IN,Franklin Community School Corp,Custer Baker Intermediate School; Creekside Elementary School,7; 6,Franklin Community Middle School,7,Franklin Community High School,6,,39.53148,-86.08285
aAf3x000001QbssCAC,Hidden Hills,Taylor Morrison,,Active,,,Legacy 2146,3,2.50,2,2,2146,356000,5/18/2026,aAaPc000000LA61KAG,Non Active Adult,46167,Pittsboro,Hendricks,18063,"Indianapolis-Carmel-Greenwood, IN",26900,IN,North West Hendricks Schools,Pittsboro Elementary; Pittsboro Primary School,9; 0,Tri-West Middle School,9,Tri-West Senior High School,9,,39.87140,-86.45638
aAf3x000001WYwsCAG,Trailside,D.R. Horton,"D.R. Horton, Inc.",Active,,,Cortland,4,3.00,1,3,2278,414900,5/29/2026,aAaPc0000009eBpKAI,Non Active Adult,46075,Whitestown,Boone,18011,"Indianapolis-Carmel-Greenwood, IN",26900,IN,Lebanon Community School Corp,Perry Worth Elementary School,6,Lebanon Middle School,5,Lebanon Senior High School,9,,40.00540,-86.34623
aAf3x000001WTNDCA4,Silo Ridge/SF,M/I Homes,,Active,,,Ainsley II,4,2.50,2,2,3160,513990,5/13/2026,aAa3x000000ZlZCCA0,Non Active Adult,46060,Noblesville,Hamilton,18057,"Indianapolis-Carmel-Greenwood, IN",26900,IN,Hamilton Southeastern Schools,Fall Creek Intermediate School; Deer Creek Elementary,9; 7,Fall Creek Junior High,7,Hamilton Southeastern High School,10,,40.03510,-85.94254
aAfPc000001qNZjKAM,Darlington Villas/Arbor,Arbor Homes,Clayton Properties Group,Active,,,Ashton,3,2.00,1,2,1354,244995,5/25/2026,aAaPc000001BHBbKAO,Non Active Adult,46147,Jamestown,Boone,18011,"Indianapolis-Carmel-Greenwood, IN",26900,IN,Western Boone County Com Sch District,,,Western Boone Jr-Sr High School,6,Western Boone Jr-Sr High School,6,,39.93518,-86.62913
aAf3x000001QNemCAG,The Cove,Fischer Homes,,Active,,,Emmett,2,2.00,1,2,2212,505990,4/30/2026,aAaPc0000011H56KAE,Non Active Adult,46040,Fishers,Hamilton,18057,"Indianapolis-Carmel-Greenwood, IN",26900,IN,Hamilton Southeastern Schools,Hamilton Southeastern Jr High School; Southeastern Elementary School,9; 7,Hamilton Southeastern Jr High School,9,Hamilton Southeastern High School,10,,39.96309,-85.89215
aAf3x000001QYOMCA4,Trescott Gardens,Drees Homes,,Active,,,HUTTON,5,4.50,2,3,3246,527900,5/22/2026,aAaPc000001IvxiKAC,Non Active Adult,46168,Plainfield,Hendricks,18063,"Indianapolis-Carmel-Greenwood, IN",26900,IN,Plainfield Community Sch Corp,Clarks Creek Elementary,5,Plainfield Com Middle School,8,Plainfield High School,9,,39.67444,-86.40719
aAf3x000001QR5BCAW,Colonnade Signature,Beazer Homes,,Active,,,Weston,5,3.00,2,2,3456,535990,4/23/2026,aAaPc00000123QEKAY,Non Active Adult,46055,McCordsville,Hancock,18059,"Indianapolis-Carmel-Greenwood, IN",26900,IN,Mt Vernon Community Sch Corp,McCordsville Elementary School,6,Mt Vernon Middle School,6,Mt Vernon High School,8,,39.89064,-85.91169
aAfPc000001wVxdKAE,Reserve at Holliday Farms (The),Fischer Homes,,Upcoming,,,Meridian,2,3.00,3,0,2157,504990,5/4/2026,aAaPc000001ISbvKAG,Non Active Adult,46077,Zionsville,Boone,18011,"Indianapolis-Carmel-Greenwood, IN",26900,IN,Zionsville Community Schools,Zionsville Middle School; Union Elementary School,9; 8,Zionsville Middle School,9,Zionsville Community High School,10,,39.98737,-86.25868
aAf3x000001WmjKCAS,Sagebrook West/SF,M/I Homes,,Active,,,Drake Slab,4,2.50,2,3,2884,409990,3/30/2026,aAa3x000000UpY9CAK,Non Active Adult,46239,Indianapolis,Marion,18097,"Indianapolis-Carmel-Greenwood, IN",26900,IN,Franklin Township Com Sch Corp,,,,,Franklin Central High School,9,,39.69289,-85.97854
aAfPc000001kkLpKAI,Colonnade,Drees Homes,,Active,,,BELLEVILLE II,4,2.50,2,3,2972,544900,5/1/2026,aAaPc000000sPYzKAM,Non Active Adult,46055,Mccordsville,Hancock,18059,"Indianapolis-Carmel-Greenwood, IN",26900,IN,Mt Vernon Community Sch Corp,McCordsville Elementary School,6,Mt Vernon Middle School,6,Mt Vernon High School,8,,39.88541,-85.91438
aAfPc000001srExKAI,Village At Trail Crossing/TH,M/I Homes,,Active,,,Noble,3,2.50,3,2,2262,374990,5/28/2026,aAaPc000001J7i0KAC,Non Active Adult,46062,Noblesville,Hamilton,18057,"Indianapolis-Carmel-Greenwood, IN",26900,IN,Noblesville Schools,Hazel Dell Elementary School,7,Noblesville West Middle School,9,Noblesville High School,10,,40.04203,-86.07256
aAf3x000001QVVICA4,Carramore,Drees Homes,,Active,,,AYDEN,4,3.50,2,2,3285,655900,5/13/2026,aAa3x000000Zc4qCAC,Non Active Adult,46069,Sheridan,Hamilton,18057,"Indianapolis-Carmel-Greenwood, IN",26900,IN,Westfield-Washington Schools,Westfield Intermediate School; Monon Trail Elementary School,9; 6,Westfield Middle School,9,Westfield High School,10,,40.07796,-86.16111
aAf3x000001WmjKCAS,Sagebrook West/SF,M/I Homes,,Active,,,Columbia Basement,4,2.50,2,2,2878,479490,3/30/2026,aAaPc0000007F2lKAE,Non Active Adult,46239,Indianapolis,Marion,18097,"Indianapolis-Carmel-Greenwood, IN",26900,IN,Franklin Township Com Sch Corp,,,,,Franklin Central High School,9,,39.69289,-85.97854
aAf3x000001QOsCCAW,Sagebrook West/Villas,M/I Homes,,Active,,,Dimora,2,2.50,1,2,1716,286990,3/30/2026,aAa3x000000Zf4JCAS,Non Active Adult,46239,Indianapolis,Marion,18097,"Indianapolis-Carmel-Greenwood, IN",26900,IN,Franklin Township Com Sch Corp,,,,,Franklin Central High School,9,,39.69289,-85.97854
aAfPc000001ht8jKAA,Ravinia/SL Arch,Lennar,,Active,,,3100,5,3.50,2,2,3064,812995,5/9/2026,aAaPc000000zdzwKAA,Non Active Adult,46074,Westfield,Hamilton,18057,"Indianapolis-Carmel-Greenwood, IN",26900,IN,Westfield-Washington Schools,Westfield Intermediate School; Maple Glen Elementary,9; 8,Westfield Middle School,9,Westfield High School,10,,40.02861,-86.19191
aAf3x000001Wf1qCAC,Williams Run,Joyner Homes,,Active,,,Camden,2,2.00,1,2,1638,297900,4/27/2026,aAa3x000000UJHSCA4,Non Active Adult,46140,Greenfield,Hancock,18059,"Indianapolis-Carmel-Greenwood, IN",26900,IN,Greenfield-Central Com Schools,J B Stephens Elementary School; Maxwell Intermediate School,8; 6,Greenfield Central Junior High School,6,Greenfield-Central High School,7,,39.80744,-85.74553
aAf3x000001WrTwCAK,Westwind at Cumberland,Arbor Homes,Clayton Properties Group,Active,,,Norway,5,2.50,2,2,2961,326995,5/25/2026,aAa3x000000YSyxCAG,Non Active Adult,46131,Franklin,Johnson,18081,"Indianapolis-Carmel-Greenwood, IN",26900,IN,Franklin Community School Corp,Custer Baker Intermediate School; Creekside Elementary School,7; 6,Franklin Community Middle School,7,Franklin Community High School,6,,39.49405,-86.08407
aAfPc000000eJU1KAM,Timbers Architectural SL,Lennar,,Active,,,3500,5,3.50,2,3,3582,717995,5/6/2026,aAaPc000000CbQoKAK,Non Active Adult,46062,Noblesville,Hamilton,18057,"Indianapolis-Carmel-Greenwood, IN",26900,IN,Noblesville Schools,Hinkle Creek Elementary School,8,Noblesville West Middle School,9,Noblesville High School,10,,40.06832,-86.06257
aAf3x000001WYwxCAG,Woodfield Pointe,Arbor Homes,Clayton Properties Group,Active,,,Empress,5,2.50,2,2,3198,326995,5/15/2026,aAa3x000000YfjqCAC,Non Active Adult,46140,Greenfield,Hancock,18059,"Indianapolis-Carmel-Greenwood, IN",26900,IN,Greenfield-Central Com Schools,Weston Elementary School; Greenfield Intermediate School,5; 5,Greenfield Central Junior High School,6,Greenfield-Central High School,7,,39.78944,-85.81685
aAf3x000001WYwxCAG,Woodfield Pointe,Arbor Homes,Clayton Properties Group,Active,,,Norway,5,2.50,2,2,2961,316995,5/15/2026,aAa3x000000YfjuCAC,Non Active Adult,46140,Greenfield,Hancock,18059,"Indianapolis-Carmel-Greenwood, IN",26900,IN,Greenfield-Central Com Schools,Weston Elementary School; Greenfield Intermediate School,5; 5,Greenfield Central Junior High School,6,Greenfield-Central High School,7,,39.78944,-85.81685
aAf3x000001WZU6CAO,Towns at Trailside,D.R. Horton,"D.R. Horton, Inc.",Active,,,Albany Villa,3,2.50,2,2,1808,288900,5/29/2026,aAa3x000000UDPQCA4,Non Active Adult,46075,Whitestown,Boone,18011,"Indianapolis-Carmel-Greenwood, IN",26900,IN,Lebanon Community School Corp,Perry Worth Elementary School,6,Lebanon Middle School,5,Lebanon Senior High School,9,,40.00293,-86.34857
aAfPc000001dVUrKAM,Helm's Mill,M/I Homes,,Active,,,Foster,4,2.00,2,2,2714,401990,5/25/2026,aAaPc000000vqQuKAI,Non Active Adult,46055,McCordsville,Hancock,18059,"Indianapolis-Carmel-Greenwood, IN",26900,IN,Mt Vernon Community Sch Corp,McCordsville Elementary School,6,Mt Vernon Middle School,6,Mt Vernon High School,8,,39.92796,-85.88460
aAf3x000001QbssCAC,Hidden Hills,Taylor Morrison,,Active,,,Exclusives 2665,4,2.50,2,2,2665,423000,5/18/2026,aAaPc000000LDHRKA4,Non Active Adult,46167,Pittsboro,Hendricks,18063,"Indianapolis-Carmel-Greenwood, IN",26900,IN,North West Hendricks Schools,Pittsboro Elementary; Pittsboro Primary School,9; 0,Tri-West Middle School,9,Tri-West Senior High School,9,,39.87140,-86.45638
aAfPc000001F5I9KAK,Parkview Village,D.R. Horton,"D.R. Horton, Inc.",Active,,,Fairfax,4,3.00,1,3,1961,369900,4/23/2026,aAaPc000000oiqqKAA,Non Active Adult,46140,Cumberland,Hancock,18059,"Indianapolis-Carmel-Greenwood, IN",26900,IN,New Palestine Community Schools,Sugar Creek Elementary School,6,New Palestine Jr High School,8,New Palestine High School,10,,39.77823,-85.93275
aAf3x000001QItnCAG,Edgebrook Preserve,Silverthorne Homes,Clayton Properties Group,Active,,,Jefferson,3,2.00,1,2,2241,347995,5/6/2026,aAa3x000000YT0lCAG,Non Active Adult,46239,Indianapolis,Marion,18097,"Indianapolis-Carmel-Greenwood, IN",26900,IN,Franklin Township Com Sch Corp,,,,,Franklin Central High School,9,,39.68209,-85.98408
aAfPc000001rtRSKAY,Cooks Corner,Arbor Homes,Clayton Properties Group,Upcoming,,,Cooper,4,2.50,2,0,2813,315995,4/27/2026,aAaPc000001HTSjKAO,Non Active Adult,46140,Greenfield,Hancock,18059,"Indianapolis-Carmel-Greenwood, IN",26900,IN,Greenfield-Central Com Schools,Weston Elementary School; Greenfield Intermediate School,5; 5,Greenfield Central Junior High School,6,Greenfield-Central High School,7,,39.79849,-85.81656
aAfPc0000016BppKAE,Harvest Trail of Westfield/Signature Collection,David Weekley Homes,,Active,,,Carrington,4,3.00,2,4,3083,633990,5/25/2026,aAaPc000000RtGXKA0,Non Active Adult,46074,Westfield,Hamilton,18057,"Indianapolis-Carmel-Greenwood, IN",26900,IN,Westfield-Washington Schools,Westfield Intermediate School; Monon Trail Elementary School,9; 6,Westfield Middle School,9,Westfield High School,10,,40.06467,-86.14415
aAf3x000001QbsiCAC,Colonnade/Cornerstone Series,Taylor Morrison,,Active,,,Sonoma,3,2.50,2,2,2049,381000,5/23/2026,aAa3x000000ZoSeCAK,Non Active Adult,46055,McCordsville,Hancock,18059,"Indianapolis-Carmel-Greenwood, IN",26900,IN,Mt Vernon Community Sch Corp,McCordsville Elementary School,6,Mt Vernon Middle School,6,Mt Vernon High School,8,,39.89076,-85.91252
aAfPc000001U76jKAC,Winterburg Venture,Lennar,,Active,,,Rockwell,5,3.50,2,3,3488,555995,4/25/2026,aAaPc0000010IdtKAE,Non Active Adult,46069,Westfield,Hamilton,18057,"Indianapolis-Carmel-Greenwood, IN",26900,IN,Westfield-Washington Schools,Westfield Intermediate School; Monon Trail Elementary School,9; 6,Westfield Middle School,9,Westfield High School,10,,40.06349,-86.18046
aAfPc000000reB8KAI,Abbott Commons/Venture,Lennar,,Active,,,Davidson,4,3.00,2,2,2170,401995,5/29/2026,aAaPc000000yaUEKAY,Non Active Adult,46037,Fishers,Hamilton,18057,"Indianapolis-Carmel-Greenwood, IN",26900,IN,Hamilton Southeastern Schools,Hamilton Southeastern Jr High School; Southeastern Elementary School,9; 7,Hamilton Southeastern Jr High School,9,Hamilton Southeastern High School,10,,39.98846,-85.89194
aAfPc000000PEhJKAW,Fox Creek/Tradition,D.R. Horton,"D.R. Horton, Inc.",Active,,,Irvington,5,3.50,2,3,2569,424900,5/8/2026,aAaPc000001ATrNKAW,Non Active Adult,46118,Clayton,Hendricks,18063,"Indianapolis-Carmel-Greenwood, IN",26900,IN,Mill Creek Community Sch Corp,,,,,Cascade Senior High School,10,,39.67777,-86.45757
aAfPc000000zk2jKAA,Bo-Mar Estates/ SF,Olthof Homes,,Active,,,Sedona,4,2.50,2,2,2444,431400,5/23/2026,aAaPc000000O6HBKA0,Non Active Adult,46168,Plainfield,Hendricks,18063,"Indianapolis-Carmel-Greenwood, IN",26900,IN,Avon Community School Corp,Cedar Elementary School; Avon Intermediate School West,7; 7,Avon Middle School South,10,Avon High School,10,,39.72793,-86.36178
aAfPc0000022u8DKAQ,Colonnade,Lennar,,Upcoming,,,Jasper,5,3.00,2,3,2578,420995,5/29/2026,aAaPc000001K1CLKA0,Non Active Adult,46055,McCordsville,Hancock,18059,"Indianapolis-Carmel-Greenwood, IN",26900,IN,Mt Vernon Community Sch Corp,McCordsville Elementary School,6,Mt Vernon Middle School,6,Mt Vernon High School,8,,39.89078,-85.91059
aAfPc0000012lQTKAY,Liberty Junction/ TH,Drees Homes,,Upcoming,,,Fletcher,3,2.50,2,2,1871,300000,5/26/2026,aAaPc000001LGqnKAG,Non Active Adult,46112,Brownsburg,Hendricks,18063,"Indianapolis-Carmel-Greenwood, IN",26900,IN,Brownsburg Community Sch Corp,White Lick Elementary School,8,Brownsburg West Middle School,8,Brownsburg High School,10,,39.80694,-86.36333
aAfPc000001DUCbKAO,Midland/Terraces SF,Estridge Homes,,Active,,,The Rueben,4,3.00,2,2,2040,534000,5/7/2026,aAaPc000000Mzw5KAC,Non Active Adult,46074,Westfield,Hamilton,18057,"Indianapolis-Carmel-Greenwood, IN",26900,IN,Westfield-Washington Schools,Westfield Intermediate School; Maple Glen Elementary,9; 8,Westfield Middle School,9,Westfield High School,10,,40.03976,-86.18435
aAf3x000001WrRPCA0,Augusta Heights,Arbor Homes,Clayton Properties Group,Active,,,Ironwood,3,2.50,2,2,2731,275995,5/14/2026,aAa3x000000YixkCAC,Non Active Adult,46268,Indianapolis,Marion,18097,"Indianapolis-Carmel-Greenwood, IN",26900,IN,M S D Pike Township,,,,,Pike High School,4,,39.89474,-86.21371
aAf3x000001WqpfCAC,Somerset West,Silverthorne Homes,Clayton Properties Group,Active,,,Jefferson,3,2.00,1,2,2241,408995,4/25/2026,aAa3x000000YhtFCAS,Non Active Adult,46074,Westfield,Hamilton,18057,"Indianapolis-Carmel-Greenwood, IN",26900,IN,Westfield-Washington Schools,Westfield Intermediate School; Monon Trail Elementary School,9; 6,Westfield Middle School,9,Westfield High School,10,,40.04570,-86.17919
aAfPc0000016BwHKAU,Noble Heights Carriage,Lennar,,Active,,,Hampshire,5,3.00,2,2,2422,335995,4/29/2026,aAaPc000001ISoTKAW,Non Active Adult,46221,Indianapolis,Marion,18097,"Indianapolis-Carmel-Greenwood, IN",26900,IN,M S D Decatur Township,West Newton Elementary School,5,Decatur Middle School,3,Decatur Central High School,3,,39.65265,-86.31888
aAf3x000001QVVICA4,Carramore,Drees Homes,,Active,,,BUCHANAN,4,2.50,2,2,2718,624900,5/13/2026,aAa3x000000ZZNTCA4,Non Active Adult,46069,Sheridan,Hamilton,18057,"Indianapolis-Carmel-Greenwood, IN",26900,IN,Westfield-Washington Schools,Westfield Intermediate School; Monon Trail Elementary School,9; 6,Westfield Middle School,9,Westfield High School,10,,40.07796,-86.16111
aAfPc0000011RtdKAE,Countryside Estates,Ryan Homes,NVR Inc.,Active,,,Cumberland,3,2.00,1,2,1907,399990,5/7/2026,aAaPc000000c51tKAA,Non Active Adult,46123,Avon,Hendricks,18063,"Indianapolis-Carmel-Greenwood, IN",26900,IN,Avon Community School Corp,Maple Elementary School; Avon Intermediate School East,8; 6,Avon Middle School North,10,Avon High School,10,,39.77736,-86.38764
aAf3x000001QX5cCAG,Chatham Village/Executive Collection,David Weekley Homes,,Active,,,Whitmore,4,3.50,2,3,3377,996990,5/9/2026,aAa3x000000ZzGdCAK,Non Active Adult,46074,Westfield,Hamilton,18057,"Indianapolis-Carmel-Greenwood, IN",26900,IN,Westfield-Washington Schools,Westfield Intermediate School; Monon Trail Elementary School,9; 6,Westfield Middle School,9,Westfield High School,10,,40.08057,-86.13476
aAf3x000001QbssCAC,Hidden Hills,Taylor Morrison,,Active,,,Legacy 2719,3,2.50,2,2,2719,375000,5/18/2026,aAaPc000000LAFhKAO,Non Active Adult,46167,Pittsboro,Hendricks,18063,"Indianapolis-Carmel-Greenwood, IN",26900,IN,North West Hendricks Schools,Pittsboro Elementary; Pittsboro Primary School,9; 0,Tri-West Middle School,9,Tri-West Senior High School,9,,39.87140,-86.45638
aAfPc000001gSKzKAM,Langdon Crossing,Arbor Homes,Clayton Properties Group,Active,,,Norway,5,2.50,2,2,2961,354995,3/12/2026,aAaPc0000015fE2KAI,Non Active Adult,46030,Arcadia,Hamilton,18057,"Indianapolis-Carmel-Greenwood, IN",26900,IN,Hamilton Heights School Corp,Hamilton Heights Middle School; Hamilton Heights Elementary School,8; 6,Hamilton Heights Middle School,8,Hamilton Heights High School,8,,40.16554,-86.02772
aAfPc000001gqrQKAQ,Westfall Place,Arbor Homes,Clayton Properties Group,Active,,,Walnut,3,2.00,1,2,1228,239995,5/2/2026,aAaPc000000wGXuKAM,Non Active Adult,46071,Thorntown,Boone,18011,"Indianapolis-Carmel-Greenwood, IN",26900,IN,Western Boone County Com Sch District,,,Western Boone Jr-Sr High School,6,Western Boone Jr-Sr High School,6,,40.12700,-86.62602
aAfPc0000011RtdKAE,Countryside Estates,Ryan Homes,NVR Inc.,Active,,,Savannah,3,2.00,1,2,2733,424990,5/7/2026,aAaPc000000c53VKAQ,Non Active Adult,46123,Avon,Hendricks,18063,"Indianapolis-Carmel-Greenwood, IN",26900,IN,Avon Community School Corp,Maple Elementary School; Avon Intermediate School East,8; 6,Avon Middle School North,10,Avon High School,10,,39.77736,-86.38764
aAf3x000001YafaCAC,Heron Creek,Arbor Homes,Clayton Properties Group,Active,,,Aspen II,4,2.50,2,2,2176,317995,5/10/2026,aAa3x000000Yee0CAC,Non Active Adult,46140,Greenfield,Hancock,18059,"Indianapolis-Carmel-Greenwood, IN",26900,IN,Mt Vernon Community Sch Corp,Mt Comfort Elementary School,6,Mt Vernon Middle School,6,Mt Vernon High School,8,,39.80734,-85.92481
aAfPc000001fA2rKAE,Parkside at Finch Creek/Crossings Front Load,Pulte Homes,PulteGroup Inc.,Active,,,Westchester - Front Load,4,2.50,2,2,3300,469990,5/19/2026,aAaPc000000bf5fKAA,Non Active Adult,46060,Noblesville,Hamilton,18057,"Indianapolis-Carmel-Greenwood, IN",26900,IN,Hamilton Southeastern Schools,Hamilton Southeastern Jr High School; Deer Creek Elementary,9; 7,Hamilton Southeastern Jr High School,9,Hamilton Southeastern High School,10,,40.03075,-85.93807
aAf3x000001QNelCAG,Hampton Walk/ Maple and Designer,Fischer Homes,,Active,,,Emmett,2,2.00,1,2,2212,425990,5/13/2026,aAaPc000000raVqKAI,Non Active Adult,46055,McCordsville,Hancock,18059,"Indianapolis-Carmel-Greenwood, IN",26900,IN,Mt Vernon Community Sch Corp,McCordsville Elementary School,6,Mt Vernon Middle School,6,Mt Vernon High School,8,,39.88787,-85.91986
aAfPc000000PEhJKAW,Fox Creek/Tradition,D.R. Horton,"D.R. Horton, Inc.",Active,,,Fairfax,4,3.00,1,3,1961,392900,5/8/2026,aAaPc000000RQmPKAW,Non Active Adult,46118,Clayton,Hendricks,18063,"Indianapolis-Carmel-Greenwood, IN",26900,IN,Mill Creek Community Sch Corp,,,,,Cascade Senior High School,10,,39.67777,-86.45757
aAf3x000001QLLnCAO,Meadows at Belleview,D.R. Horton,"D.R. Horton, Inc.",Active,,,Henley,5,3.00,2,2,2600,404000,4/1/2026,aAaPc000000a5JXKAY,Non Active Adult,46143,Greenwood,Johnson,18081,"Indianapolis-Carmel-Greenwood, IN",26900,IN,Center Grove Com Sch Corp,Pleasant Grove Elementary School,8,Center Grove Middle School North,8,Center Grove High School,10,,39.59582,-86.21492
aAfPc000001jhJZKAY,Sandstone Landings,Pulte Homes,PulteGroup Inc.,Active,,,Wall Street,4,2.50,2,2,2451,354990,4/27/2026,aAaPc0000010IpBKAU,Non Active Adult,46168,Plainfield,Hendricks,18063,"Indianapolis-Carmel-Greenwood, IN",26900,IN,Plainfield Community Sch Corp,Central Elementary School,9,Plainfield Com Middle School,8,Plainfield High School,9,,39.71108,-86.43711
aAfPc000001htLdKAI,Sagebriar/Designer,Del Webb,PulteGroup Inc.,Active,,,Mystique,2,2.00,1,2,1841,398990,5/19/2026,aAaPc000000VSjBKAW,Active Adult,46143,Greenwood,Johnson,18081,"Indianapolis-Carmel-Greenwood, IN",26900,IN,Clark-Pleasant Com School Corp,Clark Elementary School,6,Clark Pleasant Middle School,7,Whiteland Community High School,5,,39.62684,-86.04309
aAfPc000000reB7KAI,Abbott Commons/Heritage,Lennar,,Active,,,Springfield,4,3.00,2,2,2329,431995,5/28/2026,aAaPc000000TWRbKAO,Non Active Adult,46037,Fishers,Hamilton,18057,"Indianapolis-Carmel-Greenwood, IN",26900,IN,Hamilton Southeastern Schools,Hamilton Southeastern Jr High School; Southeastern Elementary School,9; 7,Hamilton Southeastern Jr High School,9,Hamilton Southeastern High School,10,,39.98846,-85.89194
aAfPc000001tI0XKAU,Winterburg,Beazer Homes,,Upcoming,,,Hudson,3,2.00,1,2,2051,469990,3/3/2026,aAaPc0000015o6vKAA,Non Active Adult,46074,Westfield,Hamilton,18057,"Indianapolis-Carmel-Greenwood, IN",26900,IN,Westfield-Washington Schools,Westfield Intermediate School; Monon Trail Elementary School,9; 6,Westfield Middle School,9,Westfield High School,10,,40.06335,-86.18048
aAf3x000001WYwxCAG,Woodfield Pointe,Arbor Homes,Clayton Properties Group,Active,,,Walnut,3,2.00,1,2,1228,239995,5/15/2026,aAa3x000000YfjvCAC,Non Active Adult,46140,Greenfield,Hancock,18059,"Indianapolis-Carmel-Greenwood, IN",26900,IN,Greenfield-Central Com Schools,Weston Elementary School; Greenfield Intermediate School,5; 5,Greenfield Central Junior High School,6,Greenfield-Central High School,7,,39.78944,-85.81685
aAf3x000001QbssCAC,Hidden Hills,Taylor Morrison,,Active,,,Legacy 2432,4,2.50,2,2,2432,363000,5/18/2026,aAaPc000000LACTKA4,Non Active Adult,46167,Pittsboro,Hendricks,18063,"Indianapolis-Carmel-Greenwood, IN",26900,IN,North West Hendricks Schools,Pittsboro Elementary; Pittsboro Primary School,9; 0,Tri-West Middle School,9,Tri-West Senior High School,9,,39.87140,-86.45638
aAf3x000001WjZmCAK,Monon Corner/Arbor,Arbor Homes,Clayton Properties Group,Active,,,The Empress,5,2.50,2,2,3198,420995,5/10/2026,aAa3x000000UWSQCA4,Non Active Adult,46074,Westfield,Hamilton,18057,"Indianapolis-Carmel-Greenwood, IN",26900,IN,Westfield-Washington Schools,Westfield Intermediate School; Monon Trail Elementary School,9; 6,Westfield Middle School,9,Westfield High School,10,,40.08126,-86.16478
aAfPc000001lqsDKAQ,Pheasant Grove,Ryan Homes,NVR Inc.,Active,,,Eden Cay,3,2.00,1,2,1696,304990,5/29/2026,aAaPc0000012pdlKAA,Non Active Adult,46122,Danville,Hendricks,18063,"Indianapolis-Carmel-Greenwood, IN",26900,IN,Danville Community School Corp,Danville Middle School; South Elementary School,8; 7,Danville Middle School,8,Danville Community High School,8,,39.74807,-86.55825
aAfPc000000CAtFKAW,Kingsbridge Venture,Lennar,,Active,,,Kingston,5,3.00,2,2,2736,381995,4/29/2026,aAaPc000000BPkhKAG,Non Active Adult,46131,Franklin,Johnson,18081,"Indianapolis-Carmel-Greenwood, IN",26900,IN,Franklin Community School Corp,Custer Baker Intermediate School; Creekside Elementary School,7; 6,Franklin Community Middle School,7,Franklin Community High School,6,,39.53148,-86.08285
aAfPc000001NUuTKAW,Finch Creek by Del Webb/Distinctive,Del Webb,PulteGroup Inc.,Active,,,Stellar,2,2.50,1,3,2421,505990,5/28/2026,aAaPc000000ZN3NKAW,Active Adult,46060,Noblesville,Hamilton,18057,"Indianapolis-Carmel-Greenwood, IN",26900,IN,Hamilton Southeastern Schools,Hamilton Southeastern Jr High School; Deer Creek Elementary,9; 7,Hamilton Southeastern Jr High School,9,Hamilton Southeastern High School,10,,40.01651,-85.92586
aAf3x000001WTYmCAO,Silo Ridge/Villas,M/I Homes,,Active,,,Dimora,2,3.00,1,2,1716,344990,5/15/2026,aAa3x000000ZlJuCAK,Non Active Adult,46060,Noblesville,Hamilton,18057,"Indianapolis-Carmel-Greenwood, IN",26900,IN,Hamilton Southeastern Schools,Fall Creek Intermediate School; Deer Creek Elementary,9; 7,Fall Creek Junior High,7,Hamilton Southeastern High School,10,,40.03510,-85.94254
aAfPc0000016BrRKAU,Peabody Farms West Venture,Lennar,,Active,,,Broadmoor,4,2.50,2,2,2011,338995,5/19/2026,aAaPc000000kmhZKAQ,Non Active Adult,46075,Whitestown,Boone,18011,"Indianapolis-Carmel-Greenwood, IN",26900,IN,Lebanon Community School Corp,Perry Worth Elementary School,6,Lebanon Middle School,5,Lebanon Senior High School,9,,39.98811,-86.36139
aAfPc000001rcMjKAI,Welford at Easton Grey/Estates,Drees Homes,,Upcoming,,,AYDEN,4,3.50,2,2,3285,652900,4/12/2026,aAaPc0000015fCuKAI,Non Active Adult,46123,Avon,Hendricks,18063,"Indianapolis-Carmel-Greenwood, IN",26900,IN,Avon Community School Corp,River Birch Elementary; Avon Intermediate School East,8; 6,Avon Middle School North,10,Avon High School,10,,39.77407,-86.43379
aAfPc000001q6buKAA,Montelena,M/I Homes,,Upcoming,,,T1778 Plan,2,3.00,2,2,1778,324990,4/28/2026,aAaPc000001EKKrKAO,Non Active Adult,46060,Noblesville,Hamilton,18057,"Indianapolis-Carmel-Greenwood, IN",26900,IN,Noblesville Schools,Promise Road Elementary,7,Noblesville Middle School,8,Noblesville High School,10,,40.01439,-85.96833
aAf3x000001WrROCA0,Wood Preserve,Arbor Homes,Clayton Properties Group,Active,,,Spruce,4,2.50,2,2,2343,284995,5/28/2026,aAa3x000000Yfk0CAC,Non Active Adult,46181,Trafalgar,Johnson,18081,"Indianapolis-Carmel-Greenwood, IN",26900,IN,Nineveh-Hensley-Jackson United,Indian Creek Intermediate School; Indian Creek Elementary School,7; 0,Indian Creek Middle School,7,Indian Creek Sr High School,6,,39.41924,-86.15678
aAf3x000001QbsiCAC,Colonnade/Cornerstone Series,Taylor Morrison,,Active,,,Brooklyn,3,2.50,2,2,2057,381000,5/23/2026,aAa3x000000ZoSjCAK,Non Active Adult,46055,McCordsville,Hancock,18059,"Indianapolis-Carmel-Greenwood, IN",26900,IN,Mt Vernon Community Sch Corp,McCordsville Elementary School,6,Mt Vernon Middle School,6,Mt Vernon High School,8,,39.89076,-85.91252
aAfPc00000186MuKAI,Sage Run,Pulte Homes,PulteGroup Inc.,Active,,,Hampton,4,2.50,2,2,2606,369990,4/20/2026,aAaPc0000019vEFKAY,Non Active Adult,46143,Greenwood,Johnson,18081,"Indianapolis-Carmel-Greenwood, IN",26900,IN,Clark-Pleasant Com School Corp,Clark Elementary School,6,Clark Pleasant Middle School,7,Whiteland Community High School,5,,39.62766,-86.04496
aAfPc000001qNZiKAM,Darlington Villas/Arrival,Arbor Homes,Clayton Properties Group,Upcoming,,,Victoria,3,2.00,2,2,1428,,1/20/2026,aAaPc00000119LdKAI,Non Active Adult,46147,Jamestown,Boone,18011,"Indianapolis-Carmel-Greenwood, IN",26900,IN,Western Boone County Com Sch District,,,Western Boone Jr-Sr High School,6,Western Boone Jr-Sr High School,6,,39.93163,-86.62914
aAf3x000001WYtoCAG,Midland,Estridge Homes,,Active,,,The Bennett,3,2.50,1,3,2404,659900,5/7/2026,aAaPc000001J4CDKA0,Non Active Adult,46074,Westfield,Hamilton,18057,"Indianapolis-Carmel-Greenwood, IN",26900,IN,Westfield-Washington Schools,Westfield Intermediate School; Maple Glen Elementary,9; 8,Westfield Middle School,9,Westfield High School,10,,40.03976,-86.18435
aAfPc000001L2HZKA0,Reserve (The),Taylor Morrison,,Active,,,Courtyard 2056,3,2.50,2,2,2056,293000,5/12/2026,aAaPc000000r9DXKAY,Non Active Adult,46239,Indianapolis,Marion,18097,"Indianapolis-Carmel-Greenwood, IN",26900,IN,M S D Warren Township,Creston Middle School; Grassy Creek Elementary School,4; 3,Creston Middle School,4,Warren Central High School,2,,39.75405,-85.97066
aAfPc000000zi49KAA,Flora/TH,Onyx+East,,Active,,,Chatham Rooftop,2,2.50,3,2,2248,525000,5/13/2026,aAaPc000000MCYnKAO,Non Active Adult,46290,Carmel,Hamilton,18057,"Indianapolis-Carmel-Greenwood, IN",26900,IN,Carmel Clay Schools,Towne Meadow Elementary School,9,Creekside Middle School,10,Carmel High School,10,,39.93223,-86.16525
aAfPc000001iOMMKA2,Bridle Oaks South,Arbor Homes,Clayton Properties Group,Active,,,Palmetto,4,2.50,2,2,2580,346995,5/28/2026,aAaPc0000018eTAKAY,Non Active Adult,46075,Whitestown,Boone,18011,"Indianapolis-Carmel-Greenwood, IN",26900,IN,Lebanon Community School Corp,Perry Worth Elementary School,6,Lebanon Middle School,5,Lebanon Senior High School,9,,39.98791,-86.34573
aAfPc000001F5I9KAK,Parkview Village,D.R. Horton,"D.R. Horton, Inc.",Active,,,Irvington,5,3.50,2,3,2569,389900,4/23/2026,aAaPc000001AX8UKAW,Non Active Adult,46140,Cumberland,Hancock,18059,"Indianapolis-Carmel-Greenwood, IN",26900,IN,New Palestine Community Schools,Sugar Creek Elementary School,6,New Palestine Jr High School,8,New Palestine High School,10,,39.77823,-85.93275
aAfPc000001kX6rKAE,Centennial of Brownsburg/TH,Davis Homes,,Upcoming,,,Capri,2,2.00,1,2,1418,418990,5/1/2026,aAaPc000001IfTxKAK,Non Active Adult,46112,Brownsburg,Hendricks,18063,"Indianapolis-Carmel-Greenwood, IN",26900,IN,Brownsburg Community Sch Corp,White Lick Elementary School,8,Brownsburg West Middle School,8,Brownsburg High School,10,,39.80269,-86.36523
aAfPc000001rtRSKAY,Cooks Corner,Arbor Homes,Clayton Properties Group,Upcoming,,,Ashton,3,2.00,1,2,1354,244995,4/27/2026,aAaPc000001HTSmKAO,Non Active Adult,46140,Greenfield,Hancock,18059,"Indianapolis-Carmel-Greenwood, IN",26900,IN,Greenfield-Central Com Schools,Weston Elementary School; Greenfield Intermediate School,5; 5,Greenfield Central Junior High School,6,Greenfield-Central High School,7,,39.79849,-85.81656
aAf3x000001QeudCAC,Miles Farm/Tradition,D.R. Horton,"D.R. Horton, Inc.",Active,,,Fairfax,4,3.00,1,3,1961,384900,5/19/2026,aAaPc000000FJgKKAW,Non Active Adult,46122,Danville,Hendricks,18063,"Indianapolis-Carmel-Greenwood, IN",26900,IN,Danville Community School Corp,Danville Middle School; South Elementary School,8; 7,Danville Middle School,8,Danville Community High School,8,,39.76422,-86.53935
aAfPc000001F5I9KAK,Parkview Village,D.R. Horton,"D.R. Horton, Inc.",Active,,,Branson,4,2.50,2,3,2851,403900,4/23/2026,aAaPc0000019diQKAQ,Non Active Adult,46140,Cumberland,Hancock,18059,"Indianapolis-Carmel-Greenwood, IN",26900,IN,New Palestine Community Schools,Sugar Creek Elementary School,6,New Palestine Jr High School,8,New Palestine High School,10,,39.77823,-85.93275
aAfPc000000iAOtKAM,Gatherings® at Aurora,Beazer Homes,,Active,,,Charleston,2,2.50,1,3,2217,459990,5/5/2026,aAaPc000000YHckKAG,Active Adult,46055,McCordsville,Hancock,18059,"Indianapolis-Carmel-Greenwood, IN",26900,IN,Mt Vernon Community Sch Corp,McCordsville Elementary School,6,Mt Vernon Middle School,6,Mt Vernon High School,8,,39.88275,-85.90553
aAf3x000001WeIxCAK,Silver Stream,Arbor Homes,Clayton Properties Group,Active,,,Norway,5,2.50,2,2,2961,316995,5/21/2026,aAa3x000000UEQFCA4,Non Active Adult,46235,Indianapolis,Marion,18097,"Indianapolis-Carmel-Greenwood, IN",26900,IN,M S D Lawrence Township,Indian Creek Elementary School,4,Fall Creek Valley Middle School,5,Lawrence North High School,5,,39.84161,-85.98043
aAf3x000001WmjKCAS,Sagebrook West/SF,M/I Homes,,Active,,,Kensington Slab,4,2.50,2,3,3382,432990,3/30/2026,aAa3x000000UpYBCA0,Non Active Adult,46239,Indianapolis,Marion,18097,"Indianapolis-Carmel-Greenwood, IN",26900,IN,Franklin Township Com Sch Corp,,,,,Franklin Central High School,9,,39.69289,-85.97854
aAf3x000001QWMGCA4,Haven Ponds,Silverthorne Homes,Clayton Properties Group,Active,,,Harrison,4,2.50,2,2,2813,399995,5/12/2026,aAaPc00000096lqKAA,Non Active Adult,46055,McCordsville,Hancock,18059,"Indianapolis-Carmel-Greenwood, IN",26900,IN,Mt Vernon Community Sch Corp,McCordsville Elementary School,6,Mt Vernon Middle School,6,Mt Vernon High School,8,,39.92797,-85.89899
aAf3x000001QeudCAC,Miles Farm/Tradition,D.R. Horton,"D.R. Horton, Inc.",Active,,,Lyndhurst,4,2.50,2,2,2904,404900,5/19/2026,aAaPc000001K8AXKA0,Non Active Adult,46122,Danville,Hendricks,18063,"Indianapolis-Carmel-Greenwood, IN",26900,IN,Danville Community School Corp,Danville Middle School; South Elementary School,8; 7,Danville Middle School,8,Danville Community High School,8,,39.76422,-86.53935
aAf3x000001WeIxCAK,Silver Stream,Arbor Homes,Clayton Properties Group,Active,,,Chestnut,3,2.00,1,0,1801,277995,5/21/2026,aAa3x000000UEQICA4,Non Active Adult,46235,Indianapolis,Marion,18097,"Indianapolis-Carmel-Greenwood, IN",26900,IN,M S D Lawrence Township,Indian Creek Elementary School,4,Fall Creek Valley Middle School,5,Lawrence North High School,5,,39.84161,-85.98043
aAf3x000001QNemCAG,The Cove,Fischer Homes,,Active,,,Paxton,4,2.00,2,2,4069,761990,4/30/2026,aAa3x000000ZiVuCAK,Non Active Adult,46040,Fishers,Hamilton,18057,"Indianapolis-Carmel-Greenwood, IN",26900,IN,Hamilton Southeastern Schools,Hamilton Southeastern Jr High School; Southeastern Elementary School,9; 7,Hamilton Southeastern Jr High School,9,Hamilton Southeastern High School,10,,39.96309,-85.89215
aAf3x000001QVVICA4,Carramore,Drees Homes,,Active,,,SHELBURN,3,2.50,1,2,2294,542900,5/13/2026,aAa3x000000ZZN9CAO,Non Active Adult,46069,Sheridan,Hamilton,18057,"Indianapolis-Carmel-Greenwood, IN",26900,IN,Westfield-Washington Schools,Westfield Intermediate School; Monon Trail Elementary School,9; 6,Westfield Middle School,9,Westfield High School,10,,40.07796,-86.16111
aAfPc000000U2BDKA0,Finch Creek by Del Webb/Designer,Del Webb,PulteGroup Inc.,Active,,,Prestige,2,2.50,1,2,2026,433990,5/19/2026,aAaPc000000bOFUKA2,Active Adult,46060,Noblesville,Hamilton,18057,"Indianapolis-Carmel-Greenwood, IN",26900,IN,Hamilton Southeastern Schools,Hamilton Southeastern Jr High School; Deer Creek Elementary,9; 7,Hamilton Southeastern Jr High School,9,Hamilton Southeastern High School,10,,40.01651,-85.92586
aAfPc000001DTjZKAW,Marilyn Woods/Courtyard Collection,David Weekley Homes,,Active,,,The Littleton,3,2.50,2,2,1859,399953,5/29/2026,aAaPc000000PMDRKA4,Non Active Adult,46060,Noblesville,Hamilton,18057,"Indianapolis-Carmel-Greenwood, IN",26900,IN,Hamilton Southeastern Schools,Harrison Parkway Elementary School; Sand Creek Intermediate School,8; 7,Fishers Junior High School,7,Fishers High School,10,,39.99621,-85.95345
aAfPc000000wYyzKAE,Hampton Walk/Paired,Fischer Homes,,Active,,,Wembley,2,1.50,1,2,1247,268990,4/29/2026,aAa3x000000ZrvjCAC,Non Active Adult,46055,McCordsville,Hancock,18059,"Indianapolis-Carmel-Greenwood, IN",26900,IN,Mt Vernon Community Sch Corp,McCordsville Elementary School,6,Mt Vernon Middle School,6,Mt Vernon High School,8,,39.88787,-85.91986
aAf3x000001WYtoCAG,Midland,Estridge Homes,,Active,,,The Callahan,4,2.50,2,2,3413,964900,5/7/2026,aAaPc000000WdwaKAC,Non Active Adult,46074,Westfield,Hamilton,18057,"Indianapolis-Carmel-Greenwood, IN",26900,IN,Westfield-Washington Schools,Westfield Intermediate School; Maple Glen Elementary,9; 8,Westfield Middle School,9,Westfield High School,10,,40.03976,-86.18435
aAf3x000001Qeu9CAC,Fields at Sugar Creek,D.R. Horton,"D.R. Horton, Inc.",Active,,,Branson,4,2.50,2,3,2851,429900,5/8/2026,aAaPc0000019diMKAQ,Non Active Adult,46163,New Palestine,Hancock,18059,"Indianapolis-Carmel-Greenwood, IN",26900,IN,New Palestine Community Schools,New Palestine Elementary School,8,New Palestine Jr High School,8,New Palestine High School,10,,39.72423,-85.89985
aAfPc000000GNezKAG,Grand Vista/Venture,Lennar,,Active,,,Valencia,5,3.50,2,2,3054,423995,5/6/2026,aAaPc000000NKeaKAG,Non Active Adult,46143,Greenwood,Johnson,18081,"Indianapolis-Carmel-Greenwood, IN",26900,IN,Clark-Pleasant Com School Corp,Clark Elementary School,6,Clark Pleasant Middle School,7,Whiteland Community High School,5,,39.59127,-86.04610
aAf3x000001Qev2CAC,Centre Place/Tradition,D.R. Horton,"D.R. Horton, Inc.",Active,,,Henley,5,3.00,2,2,2600,362900,5/29/2026,aAaPc00000065Z4KAI,Non Active Adult,46069,Sheridan,Hamilton,18057,"Indianapolis-Carmel-Greenwood, IN",26900,IN,Sheridan Community Schools,Sheridan Elementary School,7,Sheridan Middle School,8,Sheridan High School,8,,40.14310,-86.21876
aAfPc000000dJKnKAM,Timbers Cornerstone,Lennar,,Active,,,Seabrook,3,3.00,1,2,2225,492995,5/25/2026,aAaPc000000CMWXKA4,Non Active Adult,46062,Noblesville,Hamilton,18057,"Indianapolis-Carmel-Greenwood, IN",26900,IN,Noblesville Schools,Hinkle Creek Elementary School,8,Noblesville West Middle School,9,Noblesville High School,10,,40.06832,-86.06257
aAfPc000001hdAPKAY,Magnolia Ridge/Designer,Pulte Homes,PulteGroup Inc.,Active,,,Prestige,2,2.00,1,2,2026,421990,5/15/2026,aAaPc000000NjXVKA0,Non Active Adult,46062,Noblesville,Hamilton,18057,"Indianapolis-Carmel-Greenwood, IN",26900,IN,Noblesville Schools,Noble Crossing Elementary School,8,Noblesville West Middle School,9,Noblesville High School,10,,40.02936,-86.06009
aAf3x000001QNelCAG,Hampton Walk/ Maple and Designer,Fischer Homes,,Active,,,Jensen,4,2.50,2,2,2794,405990,4/29/2026,aAa3x000000ZrvzCAC,Non Active Adult,46055,McCordsville,Hancock,18059,"Indianapolis-Carmel-Greenwood, IN",26900,IN,Mt Vernon Community Sch Corp,McCordsville Elementary School,6,Mt Vernon Middle School,6,Mt Vernon High School,8,,39.88787,-85.91986
aAf3x000001QbsiCAC,Colonnade/Cornerstone Series,Taylor Morrison,,Active,,,Soho,3,2.50,2,2,2221,391000,5/23/2026,aAa3x000000ZoStCAK,Non Active Adult,46055,McCordsville,Hancock,18059,"Indianapolis-Carmel-Greenwood, IN",26900,IN,Mt Vernon Community Sch Corp,McCordsville Elementary School,6,Mt Vernon Middle School,6,Mt Vernon High School,8,,39.89076,-85.91252
aAf3x000001QNemCAG,The Cove,Fischer Homes,,Active,,,Carrington,4,2.50,2,2,3517,554990,4/30/2026,aAaPc0000011H57KAE,Non Active Adult,46040,Fishers,Hamilton,18057,"Indianapolis-Carmel-Greenwood, IN",26900,IN,Hamilton Southeastern Schools,Hamilton Southeastern Jr High School; Southeastern Elementary School,9; 7,Hamilton Southeastern Jr High School,9,Hamilton Southeastern High School,10,,39.96309,-85.89215
aAf2T000001MbYESA0,Waterfront of West Clay/Penninsula,Shoopman Homes,,Active,,,Finch,4,3.50,2,3,4333,1169900,5/25/2026,aAa2T000000okiDSAQ,Non Active Adult,46077,Zionsville,Hamilton,18057,"Indianapolis-Carmel-Greenwood, IN",26900,IN,Carmel Clay Schools,West Clay Elementary,9,Creekside Middle School,10,Carmel High School,10,,39.95694,-86.23909
aAf3x000001WeIxCAK,Silver Stream,Arbor Homes,Clayton Properties Group,Active,,,Bradford,3,2.00,1,0,1613,262995,5/21/2026,aAa3x000000UEQMCA4,Non Active Adult,46235,Indianapolis,Marion,18097,"Indianapolis-Carmel-Greenwood, IN",26900,IN,M S D Lawrence Township,Indian Creek Elementary School,4,Fall Creek Valley Middle School,5,Lawrence North High School,5,,39.84161,-85.98043
aAfPc000000PEhJKAW,Fox Creek/Tradition,D.R. Horton,"D.R. Horton, Inc.",Active,,,Irvington,5,3.50,2,3,2569,424900,5/8/2026,aAaPc000001AX8TKAW,Non Active Adult,46118,Clayton,Hendricks,18063,"Indianapolis-Carmel-Greenwood, IN",26900,IN,Mill Creek Community Sch Corp,,,,,Cascade Senior High School,10,,39.67777,-86.45757
aAfPc000000PEhJKAW,Fox Creek/Tradition,D.R. Horton,"D.R. Horton, Inc.",Active,,,Branson,4,2.50,2,3,2851,437900,5/8/2026,aAaPc0000019diPKAQ,Non Active Adult,46118,Clayton,Hendricks,18063,"Indianapolis-Carmel-Greenwood, IN",26900,IN,Mill Creek Community Sch Corp,,,,,Cascade Senior High School,10,,39.67777,-86.45757
aAfPc000001T95lKAC,Winterfield/Tradition,D.R. Horton,"D.R. Horton, Inc.",Active,,,Cortland,4,3.00,1,3,2278,397900,4/8/2026,aAaPc000000e24jKAA,Non Active Adult,46131,Franklin,Johnson,18081,"Indianapolis-Carmel-Greenwood, IN",26900,IN,Franklin Community School Corp,Needham Elementary School; Custer Baker Intermediate School,7; 7,Franklin Community Middle School,7,Franklin Community High School,6,,39.51567,-86.03785
aAf2T000001UM5RSAW,Bluffs at Youngs Creek,Arbor Homes,Clayton Properties Group,Active,,,Ashton,3,2.00,1,2,1354,263995,3/31/2026,aAa2T000000c7miSAA,Non Active Adult,46131,Franklin,Johnson,18081,"Indianapolis-Carmel-Greenwood, IN",26900,IN,Franklin Community School Corp,Custer Baker Intermediate School; Creekside Elementary School,7; 6,Franklin Community Middle School,7,Franklin Community High School,6,,39.46475,-86.06519
aAf3x000001Qeu9CAC,Fields at Sugar Creek,D.R. Horton,"D.R. Horton, Inc.",Active,,,Johnstown,5,3.50,2,3,3062,439900,5/8/2026,aAaPc000000CvaPKAS,Non Active Adult,46163,New Palestine,Hancock,18059,"Indianapolis-Carmel-Greenwood, IN",26900,IN,New Palestine Community Schools,New Palestine Elementary School,8,New Palestine Jr High School,8,New Palestine High School,10,,39.72423,-85.89985
aAf3x000001YafaCAC,Heron Creek,Arbor Homes,Clayton Properties Group,Active,,,Juniper,3,2.50,2,2,1760,287995,5/10/2026,aAa3x000000Yi6cCAC,Non Active Adult,46140,Greenfield,Hancock,18059,"Indianapolis-Carmel-Greenwood, IN",26900,IN,Mt Vernon Community Sch Corp,Mt Comfort Elementary School,6,Mt Vernon Middle School,6,Mt Vernon High School,8,,39.80734,-85.92481
aAfPc000001RqDMKA0,Rockport,M/I Homes,,Active,,,Cheswicke II,3,2.00,1,2,2191,446990,5/22/2026,aAaPc000000hE3JKAU,Non Active Adult,46055,Vernon,Hancock,18059,"Indianapolis-Carmel-Greenwood, IN",26900,IN,Mt Vernon Community Sch Corp,McCordsville Elementary School,6,Mt Vernon Middle School,6,Mt Vernon High School,8,,39.91552,-85.92644
aAf3x000001WTU0CAO,Sawyer Walk,M/I Homes,,Active,,,Ainsley II Basement,4,2.50,2,2,3141,566490,5/29/2026,aAaPc000000U1JaKAK,Non Active Adult,46106,Bargersville,Johnson,18081,"Indianapolis-Carmel-Greenwood, IN",26900,IN,Center Grove Com Sch Corp,Maple Grove Elementary School,8,Center Grove Middle School Central,8,Center Grove High School,10,,39.52297,-86.17236
aAf3x000001WXjRCAW,Cedar Ridge,Fischer Homes,,Active,,,Breckenridge,4,2.50,2,2,3135,381990,5/25/2026,aAaPc00000065YQKAY,Non Active Adult,46052,Lebanon,Boone,18011,"Indianapolis-Carmel-Greenwood, IN",26900,IN,Lebanon Community School Corp,Central Elementary School,9,Lebanon Middle School,5,Lebanon Senior High School,9,,40.05570,-86.45563
aAfPc000001DTjZKAW,Marilyn Woods/Courtyard Collection,David Weekley Homes,,Active,,,The Holbrook,3,2.50,2,2,2295,449938,5/29/2026,aAaPc000000PMGfKAO,Non Active Adult,46060,Noblesville,Hamilton,18057,"Indianapolis-Carmel-Greenwood, IN",26900,IN,Hamilton Southeastern Schools,Harrison Parkway Elementary School; Sand Creek Intermediate School,8; 7,Fishers Junior High School,7,Fishers High School,10,,39.99621,-85.95345
aAfPc000000reB2KAI,Clifton Trace,Lennar,,Active,,,Clarence,3,2.00,1,2,1567,283995,5/23/2026,aAaPc000000NCnNKAW,Non Active Adult,46235,Indianapolis,Marion,18097,"Indianapolis-Carmel-Greenwood, IN",26900,IN,M S D Lawrence Township,Winding Ridge Elementary School,3,Belzer Middle School,3,Lawrence Central High School,3,,39.83451,-85.96004
aAf3x000001WmIACA0,Belle Crest,Drees Homes,,Active,,,LAUSANNE,2,2.00,1,2,1522,355900,5/7/2026,aAaPc000000LxZ7KAK,Non Active Adult,46062,Westfield,Hamilton,18057,"Indianapolis-Carmel-Greenwood, IN",26900,IN,Westfield-Washington Schools,Westfield Intermediate School; Washington Woods Elementary School,9; 7,Westfield Middle School,9,Westfield High School,10,,40.05909,-86.10203
aAfPc000001tvczKAA,Legacy Woods at Wild Air,David Weekley Homes,,Active,,,Hagerson,3,3.00,2,2,2291,659990,5/11/2026,aAaPc000001HcjvKAC,Non Active Adult,46077,Zionsville,Boone,18011,"Indianapolis-Carmel-Greenwood, IN",26900,IN,Zionsville Community Schools,Stonegate Elementary; Zionsville West Middle School,8; 8,Zionsville West Middle School,8,Zionsville Community High School,10,,39.95857,-86.30148
aAfPc000000zkifKAA,Bo-Mar Estates/ TH,Olthof Homes,,Active,,,Wren,3,2.50,2,2,1647,315109,5/25/2026,aAaPc000000O4dZKAS,Non Active Adult,46168,Plainfield,Hendricks,18063,"Indianapolis-Carmel-Greenwood, IN",26900,IN,Avon Community School Corp,Cedar Elementary School; Avon Intermediate School West,7; 7,Avon Middle School South,10,Avon High School,10,,39.72793,-86.36178
aAfPc000001rcOLKAY,Welford at Easton Grey/Manors,Drees Homes,,Upcoming,,,MAJESTIC,5,3.00,0,3,3243,566900,4/12/2026,aAaPc0000015fCvKAI,Non Active Adult,46123,Avon,Hendricks,18063,"Indianapolis-Carmel-Greenwood, IN",26900,IN,Avon Community School Corp,River Birch Elementary; Avon Intermediate School East,8; 6,Avon Middle School North,10,Avon High School,10,,39.77407,-86.43379
aAf3x000001WdclCAC,Chatham Village/Cottage Collection,David Weekley Homes,,Active,,,Federal,2,2.00,1,2,2022,631990,5/9/2026,aAa3x000000YR9pCAG,Non Active Adult,46074,Westfield,Hamilton,18057,"Indianapolis-Carmel-Greenwood, IN",26900,IN,Westfield-Washington Schools,Westfield Intermediate School; Monon Trail Elementary School,9; 6,Westfield Middle School,9,Westfield High School,10,,40.08103,-86.13605
aAf3x000001WYwsCAG,Trailside,D.R. Horton,"D.R. Horton, Inc.",Active,,,Stamford,4,2.50,2,2,2346,383900,5/29/2026,aAaPc000000VPZ4KAO,Non Active Adult,46075,Whitestown,Boone,18011,"Indianapolis-Carmel-Greenwood, IN",26900,IN,Lebanon Community School Corp,Perry Worth Elementary School,6,Lebanon Middle School,5,Lebanon Senior High School,9,,40.00540,-86.34623
aAfPc000001T95lKAC,Winterfield/Tradition,D.R. Horton,"D.R. Horton, Inc.",Active,,,Henley,5,3.00,2,2,2600,364900,4/8/2026,aAaPc000000e26LKAQ,Non Active Adult,46131,Franklin,Johnson,18081,"Indianapolis-Carmel-Greenwood, IN",26900,IN,Franklin Community School Corp,Needham Elementary School; Custer Baker Intermediate School,7; 7,Franklin Community Middle School,7,Franklin Community High School,6,,39.51567,-86.03785
aAf3x000001WYwsCAG,Trailside,D.R. Horton,"D.R. Horton, Inc.",Active,,,Lyndhurst,4,2.50,2,2,2904,418900,5/29/2026,aAaPc0000019di0KAA,Non Active Adult,46075,Whitestown,Boone,18011,"Indianapolis-Carmel-Greenwood, IN",26900,IN,Lebanon Community School Corp,Perry Worth Elementary School,6,Lebanon Middle School,5,Lebanon Senior High School,9,,40.00540,-86.34623
aAf3x000001QKUpCAO,Vintners Park Estates,Drees Homes,,Active,,,LYNDHURST,3,2.50,1,3,2392,653900,5/19/2026,aAaPc0000008sBqKAI,Non Active Adult,46055,McCordsville,Hancock,18059,"Indianapolis-Carmel-Greenwood, IN",26900,IN,Mt Vernon Community Sch Corp,McCordsville Elementary School,6,Mt Vernon Middle School,6,Mt Vernon High School,8,,39.91338,-85.92927
aAfPc000000JV58KAG,Townes at Grand Park Village,Fischer Homes,,Active,,,Meridian,2,3.00,3,0,2157,418990,5/25/2026,aAaPc000000wGT5KAM,Non Active Adult,46074,Westfield,Hamilton,18057,"Indianapolis-Carmel-Greenwood, IN",26900,IN,Westfield-Washington Schools,Westfield Intermediate School; Monon Trail Elementary School,9; 6,Westfield Middle School,9,Westfield High School,10,,40.05662,-86.15260
aAf3x000001QeGfCAK,Berry Chase,M/I Homes,,Active,,,Kentmore,3,2.50,2,2,2070,418990,5/25/2026,aAaPc000000TWSKKA4,Non Active Adult,46143,Greenwood,Johnson,18081,"Indianapolis-Carmel-Greenwood, IN",26900,IN,Center Grove Com Sch Corp,Sugar Grove Elementary School,6,Center Grove Middle School North,8,Center Grove High School,10,,39.60149,-86.17949
aAfPc000001PrBpKAK,Alvord Street Towns,Lennar,,Upcoming,,,Meridian lll,3,2.50,3,2,2295,,5/26/2026,aAaPc000000k85pKAA,Non Active Adult,46202,Indianapolis,Marion,18097,"Indianapolis-Carmel-Greenwood, IN",26900,IN,Indianapolis Public Schools,Thomas D. Gregg School 15; Brookside School 54,4; 4,Arlington Community Middle School,5,Arsenal Technical High School; George Washington Community High School...,1; 1,,39.79217,-86.13926
aAfPc000001fCsvKAE,Courtyards of Cielo Ranch,EPCON Communities,,Active,,,Portico,2,2.00,1,2,1776,537900,4/25/2026,aAaPc000000lPYWKA2,Active Adult,46074,Westfield,Hamilton,18057,"Indianapolis-Carmel-Greenwood, IN",26900,IN,Westfield-Washington Schools,Westfield Intermediate School; Oak Trace Elementary School,9; 8,Westfield Middle School,9,Westfield High School,10,,40.02250,-86.13990
aAf3x000001QNemCAG,The Cove,Fischer Homes,,Active,,,Margot,4,2.50,2,0,3155,716990,4/30/2026,aAaPc0000004Ff6KAE,Non Active Adult,46040,Fishers,Hamilton,18057,"Indianapolis-Carmel-Greenwood, IN",26900,IN,Hamilton Southeastern Schools,Hamilton Southeastern Jr High School; Southeastern Elementary School,9; 7,Hamilton Southeastern Jr High School,9,Hamilton Southeastern High School,10,,39.96309,-85.89215
aAfPc000001lg6TKAQ,Grey Hawk,Lennar,,Active,,,Monroe,2,2.00,1,2,1915,405995,5/28/2026,aAaPc000000zdzpKAA,Non Active Adult,46168,Plainfield,Hendricks,18063,"Indianapolis-Carmel-Greenwood, IN",26900,IN,Plainfield Community Sch Corp,Van Buren Elementary School,8,Plainfield Com Middle School,8,Plainfield High School,9,,39.71743,-86.36907
aAfPc000001pTlpKAE,Branson Reserve,M/I Homes,,Active,,,Irvington,3,2.50,2,2,2002,365990,5/23/2026,aAaPc000001A2jrKAC,Non Active Adult,46060,Noblesville,Hamilton,18057,"Indianapolis-Carmel-Greenwood, IN",26900,IN,Noblesville Schools,White River Elementary School,7,Noblesville Middle School,8,Noblesville High School,10,,40.07341,-85.97210
aAf3x000001Qd2HCAS,Brunson's Landing,D.R. Horton,"D.R. Horton, Inc.",Active,,,Harmony,3,2.00,1,2,1503,290900,5/8/2026,aAaPc000001B0oUKAS,Non Active Adult,46140,Greenfield,Hancock,18059,"Indianapolis-Carmel-Greenwood, IN",26900,IN,Greenfield-Central Com Schools,Greenfield Intermediate School; Weston Elementary School,5; 5,Greenfield Central Junior High School,6,Greenfield-Central High School,7,,39.80169,-85.78519
aAfPc000000CAwTKAW,Kingsbridge 3-Car Venture,Lennar,,Active,,,Wentworth,6,4.50,2,3,3300,436995,5/29/2026,aAaPc000000iszeKAA,Non Active Adult,46131,Franklin,Johnson,18081,"Indianapolis-Carmel-Greenwood, IN",26900,IN,Franklin Community School Corp,Custer Baker Intermediate School; Creekside Elementary School,7; 6,Franklin Community Middle School,7,Franklin Community High School,6,,39.53148,-86.08285
aAfPc0000016CYzKAM,Harvest Trail of Westfield/Executive Collection,David Weekley Homes,,Active,,,Wildcat,5,4.50,2,3,3428,766990,4/15/2026,aAaPc000000RsVlKAK,Non Active Adult,46074,Westfield,Hamilton,18057,"Indianapolis-Carmel-Greenwood, IN",26900,IN,Westfield-Washington Schools,Westfield Intermediate School; Monon Trail Elementary School,9; 6,Westfield Middle School,9,Westfield High School,10,,40.06467,-86.14415
aAfPc000000PEhJKAW,Fox Creek/Tradition,D.R. Horton,"D.R. Horton, Inc.",Active,,,Johnstown,5,3.50,2,3,3062,443900,5/8/2026,aAaPc000000raVyKAI,Non Active Adult,46118,Clayton,Hendricks,18063,"Indianapolis-Carmel-Greenwood, IN",26900,IN,Mill Creek Community Sch Corp,,,,,Cascade Senior High School,10,,39.67777,-86.45757
aAf3x000001WXjRCAW,Cedar Ridge,Fischer Homes,,Active,,,Cumberland,3,2.00,2,2,2439,353990,5/25/2026,aAa3x000000U0wgCAC,Non Active Adult,46052,Lebanon,Boone,18011,"Indianapolis-Carmel-Greenwood, IN",26900,IN,Lebanon Community School Corp,Central Elementary School,9,Lebanon Middle School,5,Lebanon Senior High School,9,,40.05570,-86.45563
aAfPc000001tIADKA2,Emerald Preserve,Fischer Homes,,Active,,,Avery,4,2.00,2,2,2535,455990,5/16/2026,aAaPc0000016SXUKA2,Non Active Adult,46239,Indianapolis,Marion,18097,"Indianapolis-Carmel-Greenwood, IN",26900,IN,Franklin Township Com Sch Corp,,,,,Franklin Central High School,9,,39.69260,-85.99509
aAfPc000001dpN3KAI,Nickel Row,Onyx+East,,Active,,,Rittenhouse,2,2.50,4,2,2190,579900,5/25/2026,aAaPc0000016wITKAY,Non Active Adult,46038,Fischers,Hamilton,18057,"Indianapolis-Carmel-Greenwood, IN",26900,IN,Hamilton Southeastern Schools,Riverside Intermediate School; Fishers Elementary School,10; 8,Riverside Jr High,8,Fishers High School,10,,39.95304,-86.02074
aAf3x000001WYtoCAG,Midland,Estridge Homes,,Active,,,The Alton,3,2.50,1,3,2300,623900,5/7/2026,aAaPc000000WdwVKAS,Non Active Adult,46074,Westfield,Hamilton,18057,"Indianapolis-Carmel-Greenwood, IN",26900,IN,Westfield-Washington Schools,Westfield Intermediate School; Maple Glen Elementary,9; 8,Westfield Middle School,9,Westfield High School,10,,40.03976,-86.18435
aAf3x000001YafaCAC,Heron Creek,Arbor Homes,Clayton Properties Group,Active,,,Ironwood,3,2.50,2,2,1963,302995,5/10/2026,aAa3x000000YjniCAC,Non Active Adult,46140,Greenfield,Hancock,18059,"Indianapolis-Carmel-Greenwood, IN",26900,IN,Mt Vernon Community Sch Corp,Mt Comfort Elementary School,6,Mt Vernon Middle School,6,Mt Vernon High School,8,,39.80734,-85.92481
aAf3x000001Qeu9CAC,Fields at Sugar Creek,D.R. Horton,"D.R. Horton, Inc.",Active,,,Irvington,5,3.50,2,3,2569,419900,5/8/2026,aAaPc000001AX8SKAW,Non Active Adult,46163,New Palestine,Hancock,18059,"Indianapolis-Carmel-Greenwood, IN",26900,IN,New Palestine Community Schools,New Palestine Elementary School,8,New Palestine Jr High School,8,New Palestine High School,10,,39.72423,-85.89985
aAfPc000001dVV6KAM,Courtyards of Hazel Dell,EPCON Communities,,Active,,,Portico,2,2.00,1,2,1776,512900,3/18/2026,aAaPc000000qpmqKAA,Non Active Adult,46062,Noblesville,Hamilton,18057,"Indianapolis-Carmel-Greenwood, IN",26900,IN,Noblesville Schools,Noble Crossing Elementary School,8,Noblesville West Middle School,9,Noblesville High School,10,,40.03802,-86.06885
aAf3x000001WTNDCA4,Silo Ridge/SF,M/I Homes,,Active,,,Foster,4,2.00,2,2,2714,425990,5/13/2026,aAa3x000000ZlZPCA0,Non Active Adult,46060,Noblesville,Hamilton,18057,"Indianapolis-Carmel-Greenwood, IN",26900,IN,Hamilton Southeastern Schools,Fall Creek Intermediate School; Deer Creek Elementary,9; 7,Fall Creek Junior High,7,Hamilton Southeastern High School,10,,40.03510,-85.94254
aAf3x000001WTU0CAO,Sawyer Walk,M/I Homes,,Active,,,Cheswicke II,3,2.00,1,2,2191,438990,5/29/2026,aAaPc000000U1JeKAK,Non Active Adult,46106,Bargersville,Johnson,18081,"Indianapolis-Carmel-Greenwood, IN",26900,IN,Center Grove Com Sch Corp,Maple Grove Elementary School,8,Center Grove Middle School Central,8,Center Grove High School,10,,39.52297,-86.17236
aAf3x000001WTU0CAO,Sawyer Walk,M/I Homes,,Active,,,Fairbanks,4,2.50,2,2,2957,419990,5/29/2026,aAaPc0000002ZkwKAE,Non Active Adult,46106,Bargersville,Johnson,18081,"Indianapolis-Carmel-Greenwood, IN",26900,IN,Center Grove Com Sch Corp,Maple Grove Elementary School,8,Center Grove Middle School Central,8,Center Grove High School,10,,39.52297,-86.17236
aAfPc000001LQi5KAG,Beyers Estates/Cornerstone,Lennar,,Active,,,Oxford,5,3.50,2,3,3309,485995,5/23/2026,aAaPc000000kkxVKAQ,Non Active Adult,46040,Fortville,Hancock,18059,"Indianapolis-Carmel-Greenwood, IN",26900,IN,Mt Vernon Community Sch Corp,Fortville Elementary School,7,Mt Vernon Middle School,6,Mt Vernon High School,8,,39.91139,-85.83463
aAf3x000001WrRPCA0,Augusta Heights,Arbor Homes,Clayton Properties Group,Active,,,Norway,5,2.50,2,2,2961,314995,5/14/2026,aAa3x000000YelZCAS,Non Active Adult,46268,Indianapolis,Marion,18097,"Indianapolis-Carmel-Greenwood, IN",26900,IN,M S D Pike Township,,,,,Pike High School,4,,39.89474,-86.21371
aAf3x000001WdclCAC,Chatham Village/Cottage Collection,David Weekley Homes,,Active,,,Independence,3,3.00,2,2,2697,678990,5/9/2026,aAa3x000000YR9tCAG,Non Active Adult,46074,Westfield,Hamilton,18057,"Indianapolis-Carmel-Greenwood, IN",26900,IN,Westfield-Washington Schools,Westfield Intermediate School; Monon Trail Elementary School,9; 6,Westfield Middle School,9,Westfield High School,10,,40.08103,-86.13605
aAfPc0000019eC9KAI,Peabody Farms West Cottage,Lennar,,Active,,,Roxbury II,3,2.50,2,2,1849,323995,5/25/2026,aAaPc000000kZQzKAM,Non Active Adult,46075,Whitestown,Boone,18011,"Indianapolis-Carmel-Greenwood, IN",26900,IN,Lebanon Community School Corp,Perry Worth Elementary School,6,Lebanon Middle School,5,Lebanon Senior High School,9,,39.98811,-86.36139
aAfPc000000RV02KAG,Cyntheanne Woods,Taylor Morrison,,Active,,,Tribeca,3,2.50,2,2,1896,392000,5/2/2026,aAaPc0000009CuuKAE,Non Active Adult,46037,Fishers,Hamilton,18057,"Indianapolis-Carmel-Greenwood, IN",26900,IN,Hamilton Southeastern Schools,Hamilton Southeastern Jr High School; Southeastern Elementary School,9; 7,Hamilton Southeastern Jr High School,9,Hamilton Southeastern High School,10,,39.98344,-85.88072
aAfPc000001QlihKAC,Magnolia Ridge/Venture,Lennar,,Active,,,Wentworth,6,4.50,2,3,3300,476995,5/29/2026,aAaPc000000TWRLKA4,Non Active Adult,46062,Noblesville,Hamilton,18057,"Indianapolis-Carmel-Greenwood, IN",26900,IN,Noblesville Schools,Noble Crossing Elementary School,8,Noblesville West Middle School,9,Noblesville High School,10,,40.03641,-86.05722
aAfPc000001FoAPKA0,Copperleaf at Finch Creek,Lennar,,Active,,,Hampshire,5,3.00,2,3,2422,435995,5/25/2026,aAaPc000000kRQaKAM,Non Active Adult,46060,Noblesville,Hamilton,18057,"Indianapolis-Carmel-Greenwood, IN",26900,IN,Hamilton Southeastern Schools,Hamilton Southeastern Jr High School; Deer Creek Elementary,9; 7,Hamilton Southeastern Jr High School,9,Hamilton Southeastern High School,10,,40.02172,-85.93493
aAfPc000001rtRSKAY,Cooks Corner,Arbor Homes,Clayton Properties Group,Upcoming,,,Norway,4,2.50,2,2,2961,316995,4/27/2026,aAaPc000001HTSeKAO,Non Active Adult,46140,Greenfield,Hancock,18059,"Indianapolis-Carmel-Greenwood, IN",26900,IN,Greenfield-Central Com Schools,Weston Elementary School; Greenfield Intermediate School,5; 5,Greenfield Central Junior High School,6,Greenfield-Central High School,7,,39.79849,-85.81656
aAfPc000001tvczKAA,Legacy Woods at Wild Air,David Weekley Homes,,Active,,,Littlebourne,2,2.00,1,2,1729,589990,5/11/2026,aAaPc000001HcjsKAC,Non Active Adult,46077,Zionsville,Boone,18011,"Indianapolis-Carmel-Greenwood, IN",26900,IN,Zionsville Community Schools,Stonegate Elementary; Zionsville West Middle School,8; 8,Zionsville West Middle School,8,Zionsville Community High School,10,,39.95857,-86.30148
aAf3x000001QX5cCAG,Chatham Village/Executive Collection,David Weekley Homes,,Active,,,Stradlin,4,3.50,2,3,3668,965990,5/9/2026,aAa3x000000ZzGcCAK,Non Active Adult,46074,Westfield,Hamilton,18057,"Indianapolis-Carmel-Greenwood, IN",26900,IN,Westfield-Washington Schools,Westfield Intermediate School; Monon Trail Elementary School,9; 6,Westfield Middle School,9,Westfield High School,10,,40.08057,-86.13476
aAf3x000001WmIACA0,Belle Crest,Drees Homes,,Active,,,ZURICH,2,2.50,1,2,1715,367900,5/7/2026,aAa3x000000YX3UCAW,Non Active Adult,46062,Westfield,Hamilton,18057,"Indianapolis-Carmel-Greenwood, IN",26900,IN,Westfield-Washington Schools,Westfield Intermediate School; Washington Woods Elementary School,9; 7,Westfield Middle School,9,Westfield High School,10,,40.05909,-86.10203
aAf3x000001WrROCA0,Wood Preserve,Arbor Homes,Clayton Properties Group,Active,,,Chestnut,3,2.00,1,0,1801,272995,5/28/2026,aAa3x000000Yfk2CAC,Non Active Adult,46181,Trafalgar,Johnson,18081,"Indianapolis-Carmel-Greenwood, IN",26900,IN,Nineveh-Hensley-Jackson United,Indian Creek Intermediate School; Indian Creek Elementary School,7; 0,Indian Creek Middle School,7,Indian Creek Sr High School,6,,39.41924,-86.15678
aAf3x000001WrTwCAK,Westwind at Cumberland,Arbor Homes,Clayton Properties Group,Active,,,Ironwood,3,2.50,2,2,1963,283995,5/25/2026,aAa3x000000YjnsCAC,Non Active Adult,46131,Franklin,Johnson,18081,"Indianapolis-Carmel-Greenwood, IN",26900,IN,Franklin Community School Corp,Custer Baker Intermediate School; Creekside Elementary School,7; 6,Franklin Community Middle School,7,Franklin Community High School,6,,39.49405,-86.08407
aAfPc0000018qnFKAQ,Parkrose/SF,Fischer Homes,,Active,,,Beacon,2,2.00,1,2,1419,283990,4/6/2026,aAaPc000000VSfxKAG,Non Active Adult,46140,Greenfield,Hancock,18059,"Indianapolis-Carmel-Greenwood, IN",26900,IN,Greenfield-Central Com Schools,Weston Elementary School; Greenfield Intermediate School,5; 5,Greenfield Central Junior High School,6,Greenfield-Central High School,7,,39.77213,-85.78301
aAfPc000001M4UDKA0,Finch Creek,Taylor Morrison,,Active,,,Brooklyn,3,2.50,2,2,2057,407000,5/15/2026,aAaPc0000018rNdKAI,Non Active Adult,46060,Noblesville,Hamilton,18057,"Indianapolis-Carmel-Greenwood, IN",26900,IN,Hamilton Southeastern Schools,Hamilton Southeastern Jr High School; Deer Creek Elementary,9; 7,Hamilton Southeastern Jr High School,9,Hamilton Southeastern High School,10,,40.01628,-85.93812
aAfPc000001LQi5KAG,Beyers Estates/Cornerstone,Lennar,,Active,,,Rockwell,5,3.50,2,3,3488,489995,5/23/2026,aAaPc000000kkz7KAA,Non Active Adult,46040,Fortville,Hancock,18059,"Indianapolis-Carmel-Greenwood, IN",26900,IN,Mt Vernon Community Sch Corp,Fortville Elementary School,7,Mt Vernon Middle School,6,Mt Vernon High School,8,,39.91139,-85.83463
aAfPc0000016BwHKAU,Noble Heights Carriage,Lennar,,Active,,,Victoria,4,2.50,2,2,2169,326995,4/29/2026,aAaPc000001ISmrKAG,Non Active Adult,46221,Indianapolis,Marion,18097,"Indianapolis-Carmel-Greenwood, IN",26900,IN,M S D Decatur Township,West Newton Elementary School,5,Decatur Middle School,3,Decatur Central High School,3,,39.65265,-86.31888
aAfPc000001rcMjKAI,Welford at Easton Grey/Estates,Drees Homes,,Upcoming,,,KENDALL,5,3.50,2,3,3729,734900,4/12/2026,aAaPc0000015fCsKAI,Non Active Adult,46123,Avon,Hendricks,18063,"Indianapolis-Carmel-Greenwood, IN",26900,IN,Avon Community School Corp,River Birch Elementary; Avon Intermediate School East,8; 6,Avon Middle School North,10,Avon High School,10,,39.77407,-86.43379
aAfPc000001tIADKA2,Emerald Preserve,Fischer Homes,,Active,,,Greenbriar,3,2.00,2,2,1983,344990,5/16/2026,aAaPc0000016SXRKA2,Non Active Adult,46239,Indianapolis,Marion,18097,"Indianapolis-Carmel-Greenwood, IN",26900,IN,Franklin Township Com Sch Corp,,,,,Franklin Central High School,9,,39.69260,-85.99509
aAfPc000001U76jKAC,Winterburg Venture,Lennar,,Active,,,Oxford,5,3.50,2,3,3381,543995,4/25/2026,aAaPc0000010IafKAE,Non Active Adult,46069,Westfield,Hamilton,18057,"Indianapolis-Carmel-Greenwood, IN",26900,IN,Westfield-Washington Schools,Westfield Intermediate School; Monon Trail Elementary School,9; 6,Westfield Middle School,9,Westfield High School,10,,40.06349,-86.18046
aAfPc000001tIADKA2,Emerald Preserve,Fischer Homes,,Active,,,Jensen,4,2.50,2,2,2794,370990,5/16/2026,aAaPc0000016SXaKAM,Non Active Adult,46239,Indianapolis,Marion,18097,"Indianapolis-Carmel-Greenwood, IN",26900,IN,Franklin Township Com Sch Corp,,,,,Franklin Central High School,9,,39.69260,-85.99509
aAfPc000001RqDOKA0,Rivendell,Pulte Homes,PulteGroup Inc.,Active,,,Riverton,4,2.50,2,2,3126,419990,5/16/2026,aAaPc0000010IEQKA2,Non Active Adult,46123,Avon,Hendricks,18063,"Indianapolis-Carmel-Greenwood, IN",26900,IN,Avon Community School Corp,Hickory Elementary School; Avon Intermediate School West,7; 7,Avon Middle School South,10,Avon High School,10,,39.74774,-86.41395
aAf3x000001WTYwCAO,Silo Ridge/TH,M/I Homes,,Active,,,T2025,2,2.50,2,2,2025,289990,5/13/2026,aAaPc000000IdmlKAC,Non Active Adult,46060,Noblesville,Hamilton,18057,"Indianapolis-Carmel-Greenwood, IN",26900,IN,Hamilton Southeastern Schools,Fall Creek Intermediate School; Deer Creek Elementary,9; 7,Fall Creek Junior High,7,Hamilton Southeastern High School,10,,40.03510,-85.94254
aAfPc000001ltJqKAI,Haven at Whitestown,Davis Homes,,Active,,,Hendricks,4,2.50,2,2,2249,256990,5/20/2026,aAaPc000000rDNJKA2,Non Active Adult,46075,Whitestown,Boone,18011,"Indianapolis-Carmel-Greenwood, IN",26900,IN,Lebanon Community School Corp,Perry Worth Elementary School,6,Lebanon Middle School,5,Lebanon Senior High School,9,,39.99045,-86.34629
aAfPc000001M4dtKAC,Rockridge,Taylor Morrison,,Active,,,Legacy 2307,3,2.50,2,2,2307,335000,5/12/2026,aAaPc0000011sWkKAI,Non Active Adult,46229,Warren Twp,Hancock,18059,"Indianapolis-Carmel-Greenwood, IN",26900,IN,New Palestine Community Schools,Sugar Creek Elementary School,6,New Palestine Jr High School,8,New Palestine High School,10,,39.77452,-85.95037
aAf3x000001QWY8CAO,Scottsdale Estates,Silverthorne Homes,Clayton Properties Group,Active,,,Jefferson,3,2.00,1,2,2241,376995,3/23/2026,aAa3x000000ZasfCAC,Non Active Adult,46143,Bargersville,Johnson,18081,"Indianapolis-Carmel-Greenwood, IN",26900,IN,Center Grove Com Sch Corp,Sugar Grove Elementary School,6,Center Grove Middle School North,8,Center Grove High School,10,,39.59260,-86.13997
aAfPc000000dqrZKAQ,Timbers Venture,Lennar,,Active,,,Hampshire,5,3.00,2,2,2422,423995,5/25/2026,aAaPc000000CUFNKA4,Non Active Adult,46062,Noblesville,Hamilton,18057,"Indianapolis-Carmel-Greenwood, IN",26900,IN,Noblesville Schools,Hinkle Creek Elementary School,8,Noblesville West Middle School,9,Noblesville High School,10,,40.06832,-86.06257
aAfPc000001yMWXKA2,Palermo Gardens,Ryan Homes,NVR Inc.,Active,,,Rosewood,3,2.00,1,2,1434,266990,4/29/2026,aAaPc000001ISWjKAO,Non Active Adult,46239,Indianapolis,Marion,18097,"Indianapolis-Carmel-Greenwood, IN",26900,IN,Franklin Township Com Sch Corp,,,,,Franklin Central High School,9,,39.70858,-85.98960
aAf3x000001WZU6CAO,Towns at Trailside,D.R. Horton,"D.R. Horton, Inc.",Active,,,Tallmadge,3,2.50,2,2,1635,280900,5/29/2026,aAaPc000001Hcm0KAC,Non Active Adult,46075,Whitestown,Boone,18011,"Indianapolis-Carmel-Greenwood, IN",26900,IN,Lebanon Community School Corp,Perry Worth Elementary School,6,Lebanon Middle School,5,Lebanon Senior High School,9,,40.00293,-86.34857
aAf3x000001QYOLCA4,Trescott Overlook,Drees Homes,,Active,,,BUCHANAN,4,2.50,2,2,2718,550900,5/18/2026,aAa3x000000ZfVzCAK,Non Active Adult,46168,Plainfield,Hendricks,18063,"Indianapolis-Carmel-Greenwood, IN",26900,IN,Plainfield Community Sch Corp,Clarks Creek Elementary,5,Plainfield Com Middle School,8,Plainfield High School,9,,39.67444,-86.40719
aAf3x000001WohdCAC,Brookstone Landings,Pulte Homes,PulteGroup Inc.,Active,,,Fifth Avenue,3,2.50,2,2,2426,383990,5/7/2026,aAa3x000000YlfOCAS,Non Active Adult,46123,Avon,Hendricks,18063,"Indianapolis-Carmel-Greenwood, IN",26900,IN,Avon Community School Corp,Sycamore Elementary School; Avon Intermediate School East,8; 6,Avon Middle School North,10,Avon High School,10,,39.77761,-86.35361
aAf3x000001QeGfCAK,Berry Chase,M/I Homes,,Active,,,Columbia Basement,4,2.50,2,2,2878,534490,5/25/2026,aAaPc000000P11qKAC,Non Active Adult,46143,Greenwood,Johnson,18081,"Indianapolis-Carmel-Greenwood, IN",26900,IN,Center Grove Com Sch Corp,Sugar Grove Elementary School,6,Center Grove Middle School North,8,Center Grove High School,10,,39.60149,-86.17949
aAf3x000001WdR1CAK,Grantham,David Weekley Homes,,Active,,,Shipman,3,2.00,1,3,2208,566990,4/14/2026,aAaPc000000oG3yKAE,Non Active Adult,46038,Fishers,Hamilton,18057,"Indianapolis-Carmel-Greenwood, IN",26900,IN,Hamilton Southeastern Schools,Riverside Intermediate School; New Britton Elementary School,10; 7,Riverside Jr High,8,Fishers High School,10,,39.96160,-86.01752
aAfPc000000p28VKAQ,Willow Ridge,Silverthorne Homes,Clayton Properties Group,Active,,,Harrison,4,2.50,2,2,2813,362995,5/7/2026,aAaPc000000JYRlKAO,Non Active Adult,46163,New Palestine,Hancock,18059,"Indianapolis-Carmel-Greenwood, IN",26900,IN,New Palestine Community Schools,New Palestine Elementary School,8,New Palestine Jr High School,8,New Palestine High School,10,,39.72820,-85.88640
aAfPc000001vB08KAE,Canterwood,Pulte Homes,PulteGroup Inc.,Upcoming,,,Ivy,3,2.50,2,2,2819,,5/19/2026,aAaPc000001GtRNKA0,Non Active Adult,46037,Fishers,Hamilton,18057,"Indianapolis-Carmel-Greenwood, IN",26900,IN,Hamilton Southeastern Schools,Riverside Intermediate School; Lantern Road Elementary School,10; 9,Riverside Jr High,8,Hamilton Southeastern High School,10,,39.94805,-85.99447
aAfPc000001ht8jKAA,Ravinia/SL Arch,Lennar,,Active,,,3400,5,3.50,2,2,3564,823995,5/9/2026,aAaPc000000zdzzKAA,Non Active Adult,46074,Westfield,Hamilton,18057,"Indianapolis-Carmel-Greenwood, IN",26900,IN,Westfield-Washington Schools,Westfield Intermediate School; Maple Glen Elementary,9; 8,Westfield Middle School,9,Westfield High School,10,,40.02861,-86.19191
aAf3x000001Wf1qCAC,Williams Run,Joyner Homes,,Active,,,Denali,3,2.00,1,2,2104,334900,4/27/2026,aAa3x000000UV1qCAG,Non Active Adult,46140,Greenfield,Hancock,18059,"Indianapolis-Carmel-Greenwood, IN",26900,IN,Greenfield-Central Com Schools,J B Stephens Elementary School; Maxwell Intermediate School,8; 6,Greenfield Central Junior High School,6,Greenfield-Central High School,7,,39.80744,-85.74553
aAfPc000001LR7tKAG,Easton/Central,Lennar,,Active,,,Fletcher,2,2.00,1,2,1674,379995,4/25/2026,aAaPc000000elIJKAY,Active Adult,46123,Avon,Hendricks,18063,"Indianapolis-Carmel-Greenwood, IN",26900,IN,Avon Community School Corp,River Birch Elementary; Avon Intermediate School East,8; 6,Avon Middle School North,10,Avon High School,10,,39.76793,-86.43780
aAfPc000001srExKAI,Village At Trail Crossing/TH,M/I Homes,,Active,,,Conner,3,2.50,3,2,2059,349990,5/28/2026,aAaPc000001IzICKA0,Non Active Adult,46062,Noblesville,Hamilton,18057,"Indianapolis-Carmel-Greenwood, IN",26900,IN,Noblesville Schools,Hazel Dell Elementary School,7,Noblesville West Middle School,9,Noblesville High School,10,,40.04203,-86.07256
aAfPc000001rOZtKAM,Windswept Farms,Ryan Homes,NVR Inc.,Active,,,Palladio Ranch,3,2.00,1,2,1947,399990,3/27/2026,aAaPc000001E2PZKA0,Non Active Adult,46075,Whitestown,Boone,18011,"Indianapolis-Carmel-Greenwood, IN",26900,IN,Lebanon Community School Corp,Perry Worth Elementary School,6,Lebanon Middle School,5,Lebanon Senior High School,9,,39.97861,-86.33781
aAf3x000001QWoMCAW,Lakes at Grantham,David Weekley Homes,,Active,,,Hayward,4,3.00,2,3,2832,701990,5/29/2026,aAaPc000000221ZKAQ,Non Active Adult,46040,Fishers,Hamilton,18057,"Indianapolis-Carmel-Greenwood, IN",26900,IN,Hamilton Southeastern Schools,Hamilton Southeastern Jr High School; Southeastern Elementary School,9; 7,Hamilton Southeastern Jr High School,9,Hamilton Southeastern High School,10,,39.95471,-85.87900
aAf2T000001UM5RSAW,Bluffs at Youngs Creek,Arbor Homes,Clayton Properties Group,Active,,,Aspen II,4,2.50,2,2,2176,302995,3/31/2026,aAa3x000000YedzCAC,Non Active Adult,46131,Franklin,Johnson,18081,"Indianapolis-Carmel-Greenwood, IN",26900,IN,Franklin Community School Corp,Custer Baker Intermediate School; Creekside Elementary School,7; 6,Franklin Community Middle School,7,Franklin Community High School,6,,39.46475,-86.06519
aAf3x000001WYwxCAG,Woodfield Pointe,Arbor Homes,Clayton Properties Group,Active,,,Juniper,3,2.50,2,2,1760,270995,5/15/2026,aAa3x000000ZbxYCAS,Non Active Adult,46140,Greenfield,Hancock,18059,"Indianapolis-Carmel-Greenwood, IN",26900,IN,Greenfield-Central Com Schools,Weston Elementary School; Greenfield Intermediate School,5; 5,Greenfield Central Junior High School,6,Greenfield-Central High School,7,,39.78944,-85.81685
aAfPc000001rtRSKAY,Cooks Corner,Arbor Homes,Clayton Properties Group,Upcoming,,,Chestnut,3,2.00,1,0,1801,280995,4/27/2026,aAaPc000001HTSnKAO,Non Active Adult,46140,Greenfield,Hancock,18059,"Indianapolis-Carmel-Greenwood, IN",26900,IN,Greenfield-Central Com Schools,Weston Elementary School; Greenfield Intermediate School,5; 5,Greenfield Central Junior High School,6,Greenfield-Central High School,7,,39.79849,-85.81656
aAf3x000001WlvOCAS,Promenade,Pulte Homes,PulteGroup Inc.,Active,,,Riverton,4,2.50,2,2,3126,435990,5/16/2026,aAa3x000000ZdIdCAK,Non Active Adult,46112,Brownsburg,Hendricks,18063,"Indianapolis-Carmel-Greenwood, IN",26900,IN,Brownsburg Community Sch Corp,Delaware Trail Elementary School,9,Brownsburg East Middle School,9,Brownsburg High School,10,,39.81374,-86.37300
aAf3x000001WVDTCA4,Townes at Kennedy-King,Onyx+East,,Active,,,Tannin,3,3.50,3,1,1430,349900,5/15/2026,aAa3x000000Tyy7CAC,Non Active Adult,46202,Indianapolis,Marion,18097,"Indianapolis-Carmel-Greenwood, IN",26900,IN,Indianapolis Public Schools,Thomas D. Gregg School 15; Brookside School 54,4; 4,Arlington Community Middle School,5,Arsenal Technical High School; George Washington Community High School...,1; 1,,39.79697,-86.14422
aAf3x000001WbpECAS,Preserve at Brookside,Bridgenorth Homes,,Active,,,Pennington,2,2.00,1,2,1621,372990,5/22/2026,aAa3x000000Zqp4CAC,Non Active Adult,46055,McCordsville,Hancock,18059,"Indianapolis-Carmel-Greenwood, IN",26900,IN,Mt Vernon Community Sch Corp,McCordsville Elementary School,6,Mt Vernon Middle School,6,Mt Vernon High School,8,,39.91258,-85.92031
aAf3x000001WXjRCAW,Cedar Ridge,Fischer Homes,,Active,,,Wesley,3,2.50,2,2,1842,337990,5/25/2026,aAa3x000000U0wbCAC,Non Active Adult,46052,Lebanon,Boone,18011,"Indianapolis-Carmel-Greenwood, IN",26900,IN,Lebanon Community School Corp,Central Elementary School,9,Lebanon Middle School,5,Lebanon Senior High School,9,,40.05570,-86.45563
aAf3x000001QYOMCA4,Trescott Gardens,Drees Homes,,Active,,,MAJESTIC,5,3.00,0,3,3039,485900,5/22/2026,aAaPc000000WekJKAS,Non Active Adult,46168,Plainfield,Hendricks,18063,"Indianapolis-Carmel-Greenwood, IN",26900,IN,Plainfield Community Sch Corp,Clarks Creek Elementary,5,Plainfield Com Middle School,8,Plainfield High School,9,,39.67444,-86.40719
aAf3x000001QNemCAG,The Cove,Fischer Homes,,Active,,,Charles,3,2.50,2,2,2457,530990,4/30/2026,aAa3x000000ZiVfCAK,Non Active Adult,46040,Fishers,Hamilton,18057,"Indianapolis-Carmel-Greenwood, IN",26900,IN,Hamilton Southeastern Schools,Hamilton Southeastern Jr High School; Southeastern Elementary School,9; 7,Hamilton Southeastern Jr High School,9,Hamilton Southeastern High School,10,,39.96309,-85.89215
aAfPc000001tI0XKAU,Winterburg,Beazer Homes,,Upcoming,,,Weston,5,3.00,2,2,3456,569990,3/3/2026,aAaPc0000015o6sKAA,Non Active Adult,46074,Westfield,Hamilton,18057,"Indianapolis-Carmel-Greenwood, IN",26900,IN,Westfield-Washington Schools,Westfield Intermediate School; Monon Trail Elementary School,9; 6,Westfield Middle School,9,Westfield High School,10,,40.06335,-86.18048
aAfPc000001yMWXKA2,Palermo Gardens,Ryan Homes,NVR Inc.,Active,,,Torrey,4,2.50,2,2,1946,299990,4/29/2026,aAaPc000001ISZxKAO,Non Active Adult,46239,Indianapolis,Marion,18097,"Indianapolis-Carmel-Greenwood, IN",26900,IN,Franklin Township Com Sch Corp,,,,,Franklin Central High School,9,,39.70858,-85.98960
aAfPc0000016Bt3KAE,Union Woodlands,Lennar,,Active,,,Hardy,3,3.50,1,3,2219,596995,4/27/2026,aAaPc0000013XDXKA2,Non Active Adult,46077,Zionsville,Boone,18011,"Indianapolis-Carmel-Greenwood, IN",26900,IN,Zionsville Community Schools,Zionsville Middle School; Union Elementary School,9; 8,Zionsville Middle School,9,Zionsville Community High School,10,,40.00931,-86.25374
aAfPc000001cr7ZKAQ,Briar Creek Estates/Ph 2,Ryan Homes,NVR Inc.,Active,,,Columbia,4,2.50,2,2,2423,349990,5/29/2026,aAaPc000000iDhVKAU,Non Active Adult,46184,Whiteland,Johnson,18081,"Indianapolis-Carmel-Greenwood, IN",26900,IN,Clark-Pleasant Com School Corp,Whiteland Elementary School,8,Clark Pleasant Middle School,7,Whiteland Community High School,5,,39.54531,-86.09131
aAfPc000001pTlpKAE,Branson Reserve,M/I Homes,,Active,,,Fairbanks,4,2.50,2,2,2957,406990,5/23/2026,aAaPc000001A2jlKAC,Non Active Adult,46060,Noblesville,Hamilton,18057,"Indianapolis-Carmel-Greenwood, IN",26900,IN,Noblesville Schools,White River Elementary School,7,Noblesville Middle School,8,Noblesville High School,10,,40.07341,-85.97210
aAfPc0000018qnFKAQ,Parkrose/SF,Fischer Homes,,Active,,,Winston,4,2.50,2,3,2826,392990,4/6/2026,aAaPc0000016SSTKA2,Non Active Adult,46140,Greenfield,Hancock,18059,"Indianapolis-Carmel-Greenwood, IN",26900,IN,Greenfield-Central Com Schools,Weston Elementary School; Greenfield Intermediate School,5; 5,Greenfield Central Junior High School,6,Greenfield-Central High School,7,,39.77213,-85.78301
aAfPc000000iAOuKAM,Retreat at Morse,Beazer Homes,,Active,,,Valencia,2,2.00,1,2,1562,329990,5/29/2026,aAaPc000000YvlYKAS,Non Active Adult,46062,Noblesville,Hamilton,18057,"Indianapolis-Carmel-Greenwood, IN",26900,IN,Noblesville Schools,Hinkle Creek Elementary School,8,Noblesville West Middle School,9,Noblesville High School,10,,40.07285,-86.03676
aAf3x000001WdR1CAK,Grantham,David Weekley Homes,,Active,,,Bluestem,4,3.00,2,4,2859,608990,4/14/2026,aAa3x000000UmItCAK,Non Active Adult,46038,Fishers,Hamilton,18057,"Indianapolis-Carmel-Greenwood, IN",26900,IN,Hamilton Southeastern Schools,Riverside Intermediate School; New Britton Elementary School,10; 7,Riverside Jr High,8,Fishers High School,10,,39.96160,-86.01752
aAf3x000001YafaCAC,Heron Creek,Arbor Homes,Clayton Properties Group,Active,,,Ashton,3,2.00,1,2,1354,263995,5/10/2026,aAa3x000000gaIrCAI,Non Active Adult,46140,Greenfield,Hancock,18059,"Indianapolis-Carmel-Greenwood, IN",26900,IN,Mt Vernon Community Sch Corp,Mt Comfort Elementary School,6,Mt Vernon Middle School,6,Mt Vernon High School,8,,39.80734,-85.92481
aAf3x000001WdgGCAS,Fairview West,Olthof Homes,,Active,,,Rowan,4,2.50,2,2,2820,445200,4/6/2026,aAaPc000000qCkiKAE,Non Active Adult,46112,Brownsburg,Hendricks,18063,"Indianapolis-Carmel-Greenwood, IN",26900,IN,Brownsburg Community Sch Corp,Delaware Trail Elementary School,9,Brownsburg East Middle School,9,Brownsburg High School,10,,39.86584,-86.42391
aAf3x000001QKUpCAO,Vintners Park Estates,Drees Homes,,Active,,,VANDERBURGH,4,2.50,2,3,3252,657900,5/19/2026,aAa3x000000YeIhCAK,Non Active Adult,46055,McCordsville,Hancock,18059,"Indianapolis-Carmel-Greenwood, IN",26900,IN,Mt Vernon Community Sch Corp,McCordsville Elementary School,6,Mt Vernon Middle School,6,Mt Vernon High School,8,,39.91338,-85.92927
aAf3x000001WmjKCAS,Sagebrook West/SF,M/I Homes,,Active,,,Glendale Slab,4,2.50,2,2,3152,419990,3/30/2026,aAa3x000000UpYACA0,Non Active Adult,46239,Indianapolis,Marion,18097,"Indianapolis-Carmel-Greenwood, IN",26900,IN,Franklin Township Com Sch Corp,,,,,Franklin Central High School,9,,39.69289,-85.97854
aAfPc000000JoBEKA0,Courtyards of Russell Oaks,EPCON Communities,,Active,,,Portico,2,2.00,1,2,1776,562900,5/29/2026,aAaPc000000FN2nKAG,Non Active Adult,46077,Zionsville,Boone,18011,"Indianapolis-Carmel-Greenwood, IN",26900,IN,Zionsville Community Schools,Stonegate Elementary; Zionsville West Middle School,8; 8,Zionsville West Middle School,8,Zionsville Community High School,10,,39.94980,-86.29671
aAf3x000001WkacCAC,Trescott,Pulte Homes,PulteGroup Inc.,Active,,,Amberwood,3,2.50,1,2,2323,384990,5/13/2026,aAa3x000000ZfqbCAC,Non Active Adult,46168,Plainfield,Hendricks,18063,"Indianapolis-Carmel-Greenwood, IN",26900,IN,Plainfield Community Sch Corp,Clarks Creek Elementary,5,Plainfield Com Middle School,8,Plainfield High School,9,,39.67374,-86.40810
aAf3x000001QYqPCAW,Auburn Ridge,M/I Homes,,Active,,,Glendale Basement,4,2.50,2,2,3152,560990,5/8/2026,aAaPc000000EgbCKAS,Non Active Adult,46112,Brownsburg,Hendricks,18063,"Indianapolis-Carmel-Greenwood, IN",26900,IN,Brownsburg Community Sch Corp,White Lick Elementary School,8,Brownsburg West Middle School,8,Brownsburg High School,10,,39.83231,-86.42558
aAfPc000001Nj0pKAC,Meadowstone,Pulte Homes,PulteGroup Inc.,Active,,,Renown,3,3.50,1,3,2754,643990,5/13/2026,aAaPc000000nr2fKAA,Non Active Adult,46033,Carmel,Hamilton,18057,"Indianapolis-Carmel-Greenwood, IN",26900,IN,Carmel Clay Schools,Cherry Tree Elementary School,9,Clay Middle School,8,Carmel High School,10,,40.00011,-86.08974
aAf3x000001QWY8CAO,Scottsdale Estates,Silverthorne Homes,Clayton Properties Group,Active,,,Reagan,3,2.50,1,2,2300,387995,3/23/2026,aAa3x000000ZasjCAC,Non Active Adult,46143,Bargersville,Johnson,18081,"Indianapolis-Carmel-Greenwood, IN",26900,IN,Center Grove Com Sch Corp,Sugar Grove Elementary School,6,Center Grove Middle School North,8,Center Grove High School,10,,39.59260,-86.13997
aAf3x000001QbssCAC,Hidden Hills,Taylor Morrison,,Active,,,Legacy 2634,4,2.50,2,2,2634,372000,5/18/2026,aAaPc000000LAE5KAO,Non Active Adult,46167,Pittsboro,Hendricks,18063,"Indianapolis-Carmel-Greenwood, IN",26900,IN,North West Hendricks Schools,Pittsboro Elementary; Pittsboro Primary School,9; 0,Tri-West Middle School,9,Tri-West Senior High School,9,,39.87140,-86.45638
aAf3x000001QeudCAC,Miles Farm/Tradition,D.R. Horton,"D.R. Horton, Inc.",Active,,,Henley,5,3.00,2,2,2600,367900,5/19/2026,aAaPc00000065ZQKAY,Non Active Adult,46122,Danville,Hendricks,18063,"Indianapolis-Carmel-Greenwood, IN",26900,IN,Danville Community School Corp,Danville Middle School; South Elementary School,8; 7,Danville Middle School,8,Danville Community High School,8,,39.76422,-86.53935
aAfPc000001YyM9KAK,Towns at Chatham (The),Lennar,,Active,,,Madison,3,2.50,3,2,2073,490995,5/25/2026,aAaPc000000zdztKAA,Non Active Adult,46074,Westfield,Hamilton,18057,"Indianapolis-Carmel-Greenwood, IN",26900,IN,Westfield-Washington Schools,Westfield Intermediate School; Monon Trail Elementary School,9; 6,Westfield Middle School,9,Westfield High School,10,,40.08069,-86.13496
aAfPc000001pTlpKAE,Branson Reserve,M/I Homes,,Active,,,Foster,4,2.00,2,2,2714,395990,5/23/2026,aAaPc000001A2jqKAC,Non Active Adult,46060,Noblesville,Hamilton,18057,"Indianapolis-Carmel-Greenwood, IN",26900,IN,Noblesville Schools,White River Elementary School,7,Noblesville Middle School,8,Noblesville High School,10,,40.07341,-85.97210
aAfPc000001F5I9KAK,Parkview Village,D.R. Horton,"D.R. Horton, Inc.",Active,,,Alamosa,4,2.50,2,2,1846,294900,5/25/2026,aAaPc000000oir0KAA,Non Active Adult,46140,Cumberland,Hancock,18059,"Indianapolis-Carmel-Greenwood, IN",26900,IN,New Palestine Community Schools,Sugar Creek Elementary School,6,New Palestine Jr High School,8,New Palestine High School,10,,39.77823,-85.93275
aAfPc000001sStEKAU,Wild Air Trails,David Weekley Homes,,Upcoming,,,The Foundation,4,3.00,2,2,2973,,4/12/2026,aAaPc000001GAdxKAG,Non Active Adult,46077,Zionsville,Boone,18011,"Indianapolis-Carmel-Greenwood, IN",26900,IN,Zionsville Community Schools,Stonegate Elementary; Zionsville West Middle School,8; 8,Zionsville West Middle School,8,Zionsville Community High School,10,,39.95740,-86.30281
aAf3x000001WYtoCAG,Midland,Estridge Homes,,Active,,,The Harrison,3,2.50,1,2,3084,626900,5/7/2026,aAaPc000001J4LtKAK,Non Active Adult,46074,Westfield,Hamilton,18057,"Indianapolis-Carmel-Greenwood, IN",26900,IN,Westfield-Washington Schools,Westfield Intermediate School; Maple Glen Elementary,9; 8,Westfield Middle School,9,Westfield High School,10,,40.03976,-86.18435
aAf3x000001QYOLCA4,Trescott Overlook,Drees Homes,,Active,,,BELLEVILLE,4,2.50,2,3,2694,559900,5/18/2026,aAa3x000000ZfVyCAK,Non Active Adult,46168,Plainfield,Hendricks,18063,"Indianapolis-Carmel-Greenwood, IN",26900,IN,Plainfield Community Sch Corp,Clarks Creek Elementary,5,Plainfield Com Middle School,8,Plainfield High School,9,,39.67444,-86.40719
aAf2T000001MbYBSA0,Waterfront of West Clay/Island,Shoopman Homes,,Active,,,Finch,4,3.50,2,3,4333,1169900,5/25/2026,aAa2T000000okirSAA,Non Active Adult,46077,Zionsville,Hamilton,18057,"Indianapolis-Carmel-Greenwood, IN",26900,IN,Carmel Clay Schools,West Clay Elementary,9,Creekside Middle School,10,Carmel High School,10,,39.95694,-86.23909
aAfPc000001QliiKAC,Magnolia Ridge/Cornerstone,Lennar,,Active,,,Seabrook,3,3.00,1,2,2225,485995,4/25/2026,aAaPc000000TWRNKA4,Non Active Adult,46062,Noblesville,Hamilton,18057,"Indianapolis-Carmel-Greenwood, IN",26900,IN,Noblesville Schools,Noble Crossing Elementary School,8,Noblesville West Middle School,9,Noblesville High School,10,,40.03641,-86.05722
aAf3x000001Qev2CAC,Centre Place/Tradition,D.R. Horton,"D.R. Horton, Inc.",Active,,,Holcombe,4,2.50,2,2,2356,367000,5/29/2026,aAaPc00000065Z3KAI,Non Active Adult,46069,Sheridan,Hamilton,18057,"Indianapolis-Carmel-Greenwood, IN",26900,IN,Sheridan Community Schools,Sheridan Elementary School,7,Sheridan Middle School,8,Sheridan High School,8,,40.14310,-86.21876
aAfPc000001ht8jKAA,Ravinia/SL Arch,Lennar,,Active,,,3300,5,3.50,2,2,3435,808995,5/9/2026,aAaPc000000zdzyKAA,Non Active Adult,46074,Westfield,Hamilton,18057,"Indianapolis-Carmel-Greenwood, IN",26900,IN,Westfield-Washington Schools,Westfield Intermediate School; Maple Glen Elementary,9; 8,Westfield Middle School,9,Westfield High School,10,,40.02861,-86.19191
aAfPc000001gqrQKAQ,Westfall Place,Arbor Homes,Clayton Properties Group,Active,,,Chestnut,3,2.00,1,0,1801,281995,5/16/2026,aAaPc000000wGXsKAM,Non Active Adult,46071,Thorntown,Boone,18011,"Indianapolis-Carmel-Greenwood, IN",26900,IN,Western Boone County Com Sch District,,,Western Boone Jr-Sr High School,6,Western Boone Jr-Sr High School,6,,40.12700,-86.62602
aAfPc000000GMuFKAW,Grand Vista/Cornerstone,Lennar,,Active,,,Fairmont,5,3.50,2,3,2995,508995,4/27/2026,aAaPc000000NKeXKAW,Non Active Adult,46143,Greenwood,Johnson,18081,"Indianapolis-Carmel-Greenwood, IN",26900,IN,Clark-Pleasant Com School Corp,Clark Elementary School,6,Clark Pleasant Middle School,7,Whiteland Community High School,5,,39.59127,-86.04611
aAf3x000001WmIKCA0,Towns at Fort Harrison,Davis Homes,,Active,,,Patton,3,2.50,3,2,2130,385000,5/16/2026,aAa3x000000ZyNECA0,Non Active Adult,46216,Indianapolis,Marion,18097,"Indianapolis-Carmel-Greenwood, IN",26900,IN,M S D Lawrence Township,Crestview Elementary School,5,Belzer Middle School,3,Lawrence Central High School,3,,39.85896,-86.00948
aAf3x000001WrRPCA0,Augusta Heights,Arbor Homes,Clayton Properties Group,Active,,,Empress,5,2.50,2,2,3200,316995,5/14/2026,aAa3x000000YelVCAS,Non Active Adult,46268,Indianapolis,Marion,18097,"Indianapolis-Carmel-Greenwood, IN",26900,IN,M S D Pike Township,,,,,Pike High School,4,,39.89474,-86.21371
aAf3x000001QR5BCAW,Colonnade Signature,Beazer Homes,,Active,,,Ashford,3,2.50,2,2,2560,439990,4/23/2026,aAaPc000000qpkpKAA,Non Active Adult,46055,McCordsville,Hancock,18059,"Indianapolis-Carmel-Greenwood, IN",26900,IN,Mt Vernon Community Sch Corp,McCordsville Elementary School,6,Mt Vernon Middle School,6,Mt Vernon High School,8,,39.89064,-85.91169
aAfPc000001JC8FKAW,Highlands,Pulte Homes,PulteGroup Inc.,Active,,,Raven,4,3.50,2,2,2515,342990,5/19/2026,aAaPc000000fHNLKA2,Non Active Adult,46075,Whitestown,Boone,18011,"Indianapolis-Carmel-Greenwood, IN",26900,IN,Lebanon Community School Corp,Perry Worth Elementary School,6,Lebanon Middle School,5,Lebanon Senior High School,9,,39.98320,-86.35628
aAfPc000001U76jKAC,Winterburg Venture,Lennar,,Active,,,Fairmont,5,3.50,2,3,2995,545495,4/25/2026,aAaPc0000010IZ3KAM,Non Active Adult,46069,Westfield,Hamilton,18057,"Indianapolis-Carmel-Greenwood, IN",26900,IN,Westfield-Washington Schools,Westfield Intermediate School; Monon Trail Elementary School,9; 6,Westfield Middle School,9,Westfield High School,10,,40.06349,-86.18046
aAf3x000001WTU0CAO,Sawyer Walk,M/I Homes,,Active,,,Kensington,4,2.50,2,3,3382,475990,5/29/2026,aAaPc000000U1JlKAK,Non Active Adult,46106,Bargersville,Johnson,18081,"Indianapolis-Carmel-Greenwood, IN",26900,IN,Center Grove Com Sch Corp,Maple Grove Elementary School,8,Center Grove Middle School Central,8,Center Grove High School,10,,39.52297,-86.17236
aAfPc000000nGvHKAU,Grayson,M/I Homes,,Active,,,Aubrey,4,2.50,2,2,2262,321990,5/16/2026,aAaPc000000LJB6KAO,Non Active Adult,46239,Indianapolis,Marion,18097,"Indianapolis-Carmel-Greenwood, IN",26900,IN,Franklin Township Com Sch Corp,,,,,Franklin Central High School,9,,39.71021,-86.03761
aAf2T000001UM5RSAW,Bluffs at Youngs Creek,Arbor Homes,Clayton Properties Group,Active,,,Chestnut,3,2.00,1,0,1801,292995,3/31/2026,aAa2T000000c7mhSAA,Non Active Adult,46131,Franklin,Johnson,18081,"Indianapolis-Carmel-Greenwood, IN",26900,IN,Franklin Community School Corp,Custer Baker Intermediate School; Creekside Elementary School,7; 6,Franklin Community Middle School,7,Franklin Community High School,6,,39.46475,-86.06519
aAfPc000000WBoLKAW,Sagebriar/Discovery,Del Webb,PulteGroup Inc.,Active,,,Mirage,2,2.00,1,2,1749,345990,5/19/2026,aAaPc000000VSrFKAW,Active Adult,46143,Greenwood,Johnson,18081,"Indianapolis-Carmel-Greenwood, IN",26900,IN,Clark-Pleasant Com School Corp,Clark Elementary School,6,Clark Pleasant Middle School,7,Whiteland Community High School,5,,39.62684,-86.04309
aAf2T000001MbYESA0,Waterfront of West Clay/Penninsula,Shoopman Homes,,Active,,,Owl,3,3.50,1,3,2860,998900,5/25/2026,aAa2T000000okhySAA,Non Active Adult,46077,Zionsville,Hamilton,18057,"Indianapolis-Carmel-Greenwood, IN",26900,IN,Carmel Clay Schools,West Clay Elementary,9,Creekside Middle School,10,Carmel High School,10,,39.95694,-86.23909
aAf3x000001WrROCA0,Wood Preserve,Arbor Homes,Clayton Properties Group,Active,,,Palmetto,4,2.50,2,2,2580,296995,5/28/2026,aAa3x000000Yfk9CAC,Non Active Adult,46181,Trafalgar,Johnson,18081,"Indianapolis-Carmel-Greenwood, IN",26900,IN,Nineveh-Hensley-Jackson United,Indian Creek Intermediate School; Indian Creek Elementary School,7; 0,Indian Creek Middle School,7,Indian Creek Sr High School,6,,39.41924,-86.15678
aAfPc000001T95lKAC,Winterfield/Tradition,D.R. Horton,"D.R. Horton, Inc.",Active,,,Stamford,4,2.50,2,2,2346,354900,4/8/2026,aAaPc000000e21WKAQ,Non Active Adult,46131,Franklin,Johnson,18081,"Indianapolis-Carmel-Greenwood, IN",26900,IN,Franklin Community School Corp,Needham Elementary School; Custer Baker Intermediate School,7; 7,Franklin Community Middle School,7,Franklin Community High School,6,,39.51567,-86.03785
aAf3x000001WZU6CAO,Towns at Trailside,D.R. Horton,"D.R. Horton, Inc.",Active,,,Brahms,3,2.50,2,2,2050,296900,5/29/2026,aAa3x000000UDPVCA4,Non Active Adult,46075,Whitestown,Boone,18011,"Indianapolis-Carmel-Greenwood, IN",26900,IN,Lebanon Community School Corp,Perry Worth Elementary School,6,Lebanon Middle School,5,Lebanon Senior High School,9,,40.00293,-86.34857
aAfPc000001qNZjKAM,Darlington Villas/Arbor,Arbor Homes,Clayton Properties Group,Active,,,Bradford,3,2.00,1,0,1613,258995,5/25/2026,aAaPc000001BHBaKAO,Non Active Adult,46147,Jamestown,Boone,18011,"Indianapolis-Carmel-Greenwood, IN",26900,IN,Western Boone County Com Sch District,,,Western Boone Jr-Sr High School,6,Western Boone Jr-Sr High School,6,,39.93518,-86.62913
aAfPc000000dJKnKAM,Timbers Cornerstone,Lennar,,Active,,,Oxford,5,3.50,2,2,3309,524995,5/25/2026,aAaPc000000CMWVKA4,Non Active Adult,46062,Noblesville,Hamilton,18057,"Indianapolis-Carmel-Greenwood, IN",26900,IN,Noblesville Schools,Hinkle Creek Elementary School,8,Noblesville West Middle School,9,Noblesville High School,10,,40.06832,-86.06257
aAfPc000000p28VKAQ,Willow Ridge,Silverthorne Homes,Clayton Properties Group,Active,,,Van Buren,4,2.50,2,2,2929,372995,5/7/2026,aAaPc000000JYRgKAO,Non Active Adult,46163,New Palestine,Hancock,18059,"Indianapolis-Carmel-Greenwood, IN",26900,IN,New Palestine Community Schools,New Palestine Elementary School,8,New Palestine Jr High School,8,New Palestine High School,10,,39.72820,-85.88640
aAfPc000001QliiKAC,Magnolia Ridge/Cornerstone,Lennar,,Active,,,Fairmont,5,3.50,2,2,2974,515995,4/25/2026,aAaPc000000TWROKA4,Non Active Adult,46062,Noblesville,Hamilton,18057,"Indianapolis-Carmel-Greenwood, IN",26900,IN,Noblesville Schools,Noble Crossing Elementary School,8,Noblesville West Middle School,9,Noblesville High School,10,,40.03641,-86.05722
aAfPc0000021mxVKAQ,Marilyn Woods/Signature Collection,David Weekley Homes,,Active,,,The Shipman,3,2.00,1,2,2208,512990,5/29/2026,aAaPc000001LHRtKAO,Non Active Adult,46060,Noblesville,Hamilton,18057,"Indianapolis-Carmel-Greenwood, IN",26900,IN,Hamilton Southeastern Schools,Harrison Parkway Elementary School; Sand Creek Intermediate School,8; 7,Fishers Junior High School,7,Fishers High School,10,,39.99443,-85.95267
aAfPc000000EW9hKAG,Manors at Avon/Designer,Fischer Homes,,Active,,,Carrington,4,2.50,2,2,3517,518990,5/25/2026,aAaPc0000010P2fKAE,Non Active Adult,46123,Avon,Hendricks,18063,"Indianapolis-Carmel-Greenwood, IN",26900,IN,Avon Community School Corp,River Birch Elementary; Avon Intermediate School East,8; 6,Avon Middle School North,10,Avon High School,10,,39.78371,-86.40136
aAfPc000001kX6rKAE,Centennial of Brownsburg/TH,Davis Homes,,Upcoming,,,Promenade Farmhouse,2,2.50,1,2,2053,486990,5/1/2026,aAaPc000001IfddKAC,Non Active Adult,46112,Brownsburg,Hendricks,18063,"Indianapolis-Carmel-Greenwood, IN",26900,IN,Brownsburg Community Sch Corp,White Lick Elementary School,8,Brownsburg West Middle School,8,Brownsburg High School,10,,39.80269,-86.36523
aAf3x000001WTU0CAO,Sawyer Walk,M/I Homes,,Active,,,Kentmore,3,2.50,2,2,2070,408990,5/29/2026,aAaPc000000U1JiKAK,Non Active Adult,46106,Bargersville,Johnson,18081,"Indianapolis-Carmel-Greenwood, IN",26900,IN,Center Grove Com Sch Corp,Maple Grove Elementary School,8,Center Grove Middle School Central,8,Center Grove High School,10,,39.52297,-86.17236
aAf3x000001QbLDCA0,Lone Pine Farms/Tradition,D.R. Horton,"D.R. Horton, Inc.",Active,,,Harmony,3,2.00,1,2,1503,335900,5/14/2026,aAaPc000000DEByKAO,Non Active Adult,46143,Greenwood,Johnson,18081,"Indianapolis-Carmel-Greenwood, IN",26900,IN,Center Grove Com Sch Corp,Maple Grove Elementary School,8,Center Grove Middle School Central,8,Center Grove High School,10,,39.56209,-86.14764
aAfPc000001qNZjKAM,Darlington Villas/Arbor,Arbor Homes,Clayton Properties Group,Active,,,Walnut,3,2.00,1,2,1228,239995,5/25/2026,aAaPc000001BHBdKAO,Non Active Adult,46147,Jamestown,Boone,18011,"Indianapolis-Carmel-Greenwood, IN",26900,IN,Western Boone County Com Sch District,,,Western Boone Jr-Sr High School,6,Western Boone Jr-Sr High School,6,,39.93518,-86.62913
aAfPc000001EjxZKAS,White Oak Estates,Drees Homes,,Active,,,SHELBURN,3,2.50,1,2,2294,602900,5/20/2026,aAaPc000000Wfb7KAC,Non Active Adult,46123,Avon,Hendricks,18063,"Indianapolis-Carmel-Greenwood, IN",26900,IN,Avon Community School Corp,Sycamore Elementary School; Avon Intermediate School East,8; 6,Avon Middle School North,10,Avon High School,10,,39.79188,-86.39403
aAf3x000001WdR1CAK,Grantham,David Weekley Homes,,Active,,,Bonner,3,2.50,1,3,2629,607990,4/14/2026,aAa3x000000UmIwCAK,Non Active Adult,46038,Fishers,Hamilton,18057,"Indianapolis-Carmel-Greenwood, IN",26900,IN,Hamilton Southeastern Schools,Riverside Intermediate School; New Britton Elementary School,10; 7,Riverside Jr High,8,Fishers High School,10,,39.96160,-86.01752
aAfPc000001dVV6KAM,Courtyards of Hazel Dell,EPCON Communities,,Active,,,Palazzo,2,2.00,1,2,1576,489900,3/18/2026,aAaPc000000qpmoKAA,Non Active Adult,46062,Noblesville,Hamilton,18057,"Indianapolis-Carmel-Greenwood, IN",26900,IN,Noblesville Schools,Noble Crossing Elementary School,8,Noblesville West Middle School,9,Noblesville High School,10,,40.03802,-86.06885
aAf3x000001QWMGCA4,Haven Ponds,Silverthorne Homes,Clayton Properties Group,Active,,,Lincoln,4,2.50,2,2,2961,403995,5/12/2026,aAaPc00000096lrKAA,Non Active Adult,46055,McCordsville,Hancock,18059,"Indianapolis-Carmel-Greenwood, IN",26900,IN,Mt Vernon Community Sch Corp,McCordsville Elementary School,6,Mt Vernon Middle School,6,Mt Vernon High School,8,,39.92797,-85.89899
aAf3x000001QeGfCAK,Berry Chase,M/I Homes,,Active,,,Berkeley Basement,4,2.50,2,2,3273,555490,5/25/2026,aAaPc000000P11nKAC,Non Active Adult,46143,Greenwood,Johnson,18081,"Indianapolis-Carmel-Greenwood, IN",26900,IN,Center Grove Com Sch Corp,Sugar Grove Elementary School,6,Center Grove Middle School North,8,Center Grove High School,10,,39.60149,-86.17949
aAfPc000001ltJqKAI,Haven at Whitestown,Davis Homes,,Active,,,Waveland,3,2.00,1,2,1619,238990,5/20/2026,aAaPc000000rDYbKAM,Non Active Adult,46075,Whitestown,Boone,18011,"Indianapolis-Carmel-Greenwood, IN",26900,IN,Lebanon Community School Corp,Perry Worth Elementary School,6,Lebanon Middle School,5,Lebanon Senior High School,9,,39.99045,-86.34629
aAf3x000001QdoYCAS,Magnolia Ridge/Crossing,Pulte Homes,PulteGroup Inc.,Active,,,Westchester,4,2.50,2,2,3300,469990,5/26/2026,aAaPc000000qzaTKAQ,Non Active Adult,46062,Noblesville,Hamilton,18057,"Indianapolis-Carmel-Greenwood, IN",26900,IN,Noblesville Schools,Noble Crossing Elementary School,8,Noblesville West Middle School,9,Noblesville High School,10,,40.02936,-86.06009
aAfPc000001hd8nKAA,Magnolia Ridge/Distinctive,Pulte Homes,PulteGroup Inc.,Active,,,Stellar,2,2.50,1,3,2421,547990,5/9/2026,aAaPc000000NjfZKAS,Non Active Adult,46062,Noblesville,Hamilton,18057,"Indianapolis-Carmel-Greenwood, IN",26900,IN,Noblesville Schools,Noble Crossing Elementary School,8,Noblesville West Middle School,9,Noblesville High School,10,,40.02936,-86.06009
aAf3x000001WTYFCA4,Brighton Knoll,Fischer Homes,,Active,,,Magnolia,3,2.00,1,0,1621,424990,4/14/2026,aAaPc0000007F3jKAE,Non Active Adult,46143,Greenwood,Johnson,18081,"Indianapolis-Carmel-Greenwood, IN",26900,IN,Greenwood Community Sch Corp,Westwood Elementary School,7,Greenwood Middle School,7,Greenwood Community High School,6,,39.59754,-86.13526
aAfPc000001Nj0pKAC,Meadowstone,Pulte Homes,PulteGroup Inc.,Active,,,Stardom,2,2.50,1,3,2213,608990,5/13/2026,aAaPc000000nr2eKAA,Non Active Adult,46033,Carmel,Hamilton,18057,"Indianapolis-Carmel-Greenwood, IN",26900,IN,Carmel Clay Schools,Cherry Tree Elementary School,9,Clay Middle School,8,Carmel High School,10,,40.00011,-86.08974
aAfPc0000021mxVKAQ,Marilyn Woods/Signature Collection,David Weekley Homes,,Active,,,The Taswell,3,2.00,1,2,2087,504990,5/29/2026,aAaPc000001LHOfKAO,Non Active Adult,46060,Noblesville,Hamilton,18057,"Indianapolis-Carmel-Greenwood, IN",26900,IN,Hamilton Southeastern Schools,Harrison Parkway Elementary School; Sand Creek Intermediate School,8; 7,Fishers Junior High School,7,Fishers High School,10,,39.99443,-85.95267
aAf3x000001QNemCAG,The Cove,Fischer Homes,,Active,,,Blair,4,2.00,2,2,3029,586990,4/30/2026,aAa3x000000ZiVgCAK,Non Active Adult,46040,Fishers,Hamilton,18057,"Indianapolis-Carmel-Greenwood, IN",26900,IN,Hamilton Southeastern Schools,Hamilton Southeastern Jr High School; Southeastern Elementary School,9; 7,Hamilton Southeastern Jr High School,9,Hamilton Southeastern High School,10,,39.96309,-85.89215
aAf3x000001YgzhCAC,Sunrise Lake,Bridgenorth Homes,,Active,,,Kent,3,2.50,2,2,2235,355990,4/29/2026,aAa3x000000grqoCAA,Non Active Adult,46163,New Palestine,Hancock,18059,"Indianapolis-Carmel-Greenwood, IN",26900,IN,New Palestine Community Schools,New Palestine Elementary School,8,New Palestine Jr High School,8,New Palestine High School,10,,39.73229,-85.88604
aAf3x000001Wf1qCAC,Williams Run,Joyner Homes,,Active,,,Cambridge,2,2.00,1,2,1679,298900,4/27/2026,aAa3x000000UJHNCA4,Non Active Adult,46140,Greenfield,Hancock,18059,"Indianapolis-Carmel-Greenwood, IN",26900,IN,Greenfield-Central Com Schools,J B Stephens Elementary School; Maxwell Intermediate School,8; 6,Greenfield Central Junior High School,6,Greenfield-Central High School,7,,39.80744,-85.74553
aAfPc000001rcOLKAY,Welford at Easton Grey/Manors,Drees Homes,,Upcoming,,,MARSHALL,4,4.50,2,3,2943,586900,4/12/2026,aAaPc0000015fCwKAI,Non Active Adult,46123,Avon,Hendricks,18063,"Indianapolis-Carmel-Greenwood, IN",26900,IN,Avon Community School Corp,River Birch Elementary; Avon Intermediate School East,8; 6,Avon Middle School North,10,Avon High School,10,,39.77407,-86.43379
aAf3x000001QOsCCAW,Sagebrook West/Villas,M/I Homes,,Active,,,Castello,2,2.50,1,2,1628,275990,3/30/2026,aAa3x000000Zf4ECAS,Non Active Adult,46239,Indianapolis,Marion,18097,"Indianapolis-Carmel-Greenwood, IN",26900,IN,Franklin Township Com Sch Corp,,,,,Franklin Central High School,9,,39.69289,-85.97854
aAfPc000001j1PBKAY,Ravinia/Venture,Lennar,,Active,,,Wentworth,6,4.50,2,3,3300,512995,5/29/2026,aAaPc000000zdzbKAA,Non Active Adult,46074,Westfield,Hamilton,18057,"Indianapolis-Carmel-Greenwood, IN",26900,IN,Westfield-Washington Schools,Westfield Intermediate School; Maple Glen Elementary,9; 8,Westfield Middle School,9,Westfield High School,10,,40.02861,-86.19191
aAf3x000001WoRWCA0,Hickory Run,M/I Homes,,Active,,,Columbia Basement,4,2.50,2,2,2878,479490,5/18/2026,aAaPc0000018rMtKAI,Non Active Adult,46239,Indianapolis,Marion,18097,"Indianapolis-Carmel-Greenwood, IN",26900,IN,Franklin Township Com Sch Corp,,,,,Franklin Central High School,9,,39.68048,-85.99215
aAf3x000001WdgGCAS,Fairview West,Olthof Homes,,Active,,,Adagio,2,2.00,1,2,1653,358900,4/6/2026,aAa3x000000Ua9kCAC,Non Active Adult,46112,Brownsburg,Hendricks,18063,"Indianapolis-Carmel-Greenwood, IN",26900,IN,Brownsburg Community Sch Corp,Delaware Trail Elementary School,9,Brownsburg East Middle School,9,Brownsburg High School,10,,39.86584,-86.42391
aAf3x000001WYtoCAG,Midland,Estridge Homes,,Active,,,The Sullivan,4,2.50,2,2,2517,599900,5/7/2026,aAaPc0000011QkfKAE,Non Active Adult,46074,Westfield,Hamilton,18057,"Indianapolis-Carmel-Greenwood, IN",26900,IN,Westfield-Washington Schools,Westfield Intermediate School; Maple Glen Elementary,9; 8,Westfield Middle School,9,Westfield High School,10,,40.03976,-86.18435
aAf2T000001MiySSAS,Briar Creek Ranches,Ryan Homes,NVR Inc.,Active,,,Grand Bahama,3,2.00,1,2,1365,281990,5/9/2026,aAaPc000000VBbtKAG,Non Active Adult,46184,Whiteland,Johnson,18081,"Indianapolis-Carmel-Greenwood, IN",26900,IN,Clark-Pleasant Com School Corp,Whiteland Elementary School,8,Clark Pleasant Middle School,7,Whiteland Community High School,5,,39.54723,-86.09546
aAfPc000001PrDRKA0,Eagle Manor,Lennar,,Active,,,Sycamore II,5,3.00,2,2,2247,367995,5/25/2026,aAaPc00000103S8KAI,Non Active Adult,46239,Indianapolis,Marion,18097,"Indianapolis-Carmel-Greenwood, IN",26900,IN,Franklin Township Com Sch Corp,,,,,Franklin Central High School,9,,39.69312,-86.01847
aAf3x000001QVVICA4,Carramore,Drees Homes,,Active,,,ALWICK,4,2.50,2,2,2631,592900,5/13/2026,aAa3x000000ZZNOCA4,Non Active Adult,46069,Sheridan,Hamilton,18057,"Indianapolis-Carmel-Greenwood, IN",26900,IN,Westfield-Washington Schools,Westfield Intermediate School; Monon Trail Elementary School,9; 6,Westfield Middle School,9,Westfield High School,10,,40.07796,-86.16111
aAfPc000000EW9hKAG,Manors at Avon/Designer,Fischer Homes,,Active,,,Grandin,4,2.50,2,2,2711,512990,5/25/2026,aAaPc000000KsaXKAS,Non Active Adult,46123,Avon,Hendricks,18063,"Indianapolis-Carmel-Greenwood, IN",26900,IN,Avon Community School Corp,River Birch Elementary; Avon Intermediate School East,8; 6,Avon Middle School North,10,Avon High School,10,,39.78371,-86.40136
aAf3x000001QYqPCAW,Auburn Ridge,M/I Homes,,Active,,,Drake,4,2.50,2,3,2889,474990,5/8/2026,aAaPc000000EgbBKAS,Non Active Adult,46112,Brownsburg,Hendricks,18063,"Indianapolis-Carmel-Greenwood, IN",26900,IN,Brownsburg Community Sch Corp,White Lick Elementary School,8,Brownsburg West Middle School,8,Brownsburg High School,10,,39.83231,-86.42558
aAf3x000001WXjRCAW,Cedar Ridge,Fischer Homes,,Active,,,Beacon,2,2.00,1,2,1419,311990,5/25/2026,aAa3x000000U0wdCAC,Non Active Adult,46052,Lebanon,Boone,18011,"Indianapolis-Carmel-Greenwood, IN",26900,IN,Lebanon Community School Corp,Central Elementary School,9,Lebanon Middle School,5,Lebanon Senior High School,9,,40.05570,-86.45563
aAf3x000001WrROCA0,Wood Preserve,Arbor Homes,Clayton Properties Group,Active,,,Bradford,3,2.00,1,0,1613,257995,5/28/2026,aAa3x000000Yfk7CAC,Non Active Adult,46181,Trafalgar,Johnson,18081,"Indianapolis-Carmel-Greenwood, IN",26900,IN,Nineveh-Hensley-Jackson United,Indian Creek Intermediate School; Indian Creek Elementary School,7; 0,Indian Creek Middle School,7,Indian Creek Sr High School,6,,39.41924,-86.15678
aAf3x000001QYqPCAW,Auburn Ridge,M/I Homes,,Active,,,Glendale,4,2.50,2,2,3152,482990,5/8/2026,aAaPc000000EgbDKAS,Non Active Adult,46112,Brownsburg,Hendricks,18063,"Indianapolis-Carmel-Greenwood, IN",26900,IN,Brownsburg Community Sch Corp,White Lick Elementary School,8,Brownsburg West Middle School,8,Brownsburg High School,10,,39.83231,-86.42558
aAfPc000000PEhJKAW,Fox Creek/Tradition,D.R. Horton,"D.R. Horton, Inc.",Active,,,Henley,5,3.00,2,2,2600,402900,5/8/2026,aAaPc000000D6pBKAS,Non Active Adult,46118,Clayton,Hendricks,18063,"Indianapolis-Carmel-Greenwood, IN",26900,IN,Mill Creek Community Sch Corp,,,,,Cascade Senior High School,10,,39.67777,-86.45757
aAf3x000001WTU0CAO,Sawyer Walk,M/I Homes,,Active,,,Everly,4,2.50,2,2,3034,423990,5/29/2026,aAaPc000000wg2XKAQ,Non Active Adult,46106,Bargersville,Johnson,18081,"Indianapolis-Carmel-Greenwood, IN",26900,IN,Center Grove Com Sch Corp,Maple Grove Elementary School,8,Center Grove Middle School Central,8,Center Grove High School,10,,39.52297,-86.17236
aAfPc000001iOMMKA2,Bridle Oaks South,Arbor Homes,Clayton Properties Group,Active,,,Spruce,4,2.50,2,2,2343,330995,5/28/2026,aAaPc0000018eT6KAI,Non Active Adult,46075,Whitestown,Boone,18011,"Indianapolis-Carmel-Greenwood, IN",26900,IN,Lebanon Community School Corp,Perry Worth Elementary School,6,Lebanon Middle School,5,Lebanon Senior High School,9,,39.98791,-86.34573
aAf3x000001QbLDCA0,Lone Pine Farms/Tradition,D.R. Horton,"D.R. Horton, Inc.",Active,,,Lyndhurst,4,2.50,2,2,2904,412900,5/14/2026,aAaPc0000019diGKAQ,Non Active Adult,46143,Greenwood,Johnson,18081,"Indianapolis-Carmel-Greenwood, IN",26900,IN,Center Grove Com Sch Corp,Maple Grove Elementary School,8,Center Grove Middle School Central,8,Center Grove High School,10,,39.56209,-86.14764
aAfPc000000PEhJKAW,Fox Creek/Tradition,D.R. Horton,"D.R. Horton, Inc.",Active,,,Elwood,3,2.50,1,2,1839,374900,5/8/2026,aAaPc0000019diOKAQ,Non Active Adult,46118,Clayton,Hendricks,18063,"Indianapolis-Carmel-Greenwood, IN",26900,IN,Mill Creek Community Sch Corp,,,,,Cascade Senior High School,10,,39.67777,-86.45757
aAfPc000001L2HZKA0,Reserve (The),Taylor Morrison,,Active,,,Courtyard 1601,2,2.00,1,2,1601,260000,5/12/2026,aAaPc000000r9DZKAY,Non Active Adult,46239,Indianapolis,Marion,18097,"Indianapolis-Carmel-Greenwood, IN",26900,IN,M S D Warren Township,Creston Middle School; Grassy Creek Elementary School,4; 3,Creston Middle School,4,Warren Central High School,2,,39.75405,-85.97066
aAf3x000001WmjKCAS,Sagebrook West/SF,M/I Homes,,Active,,,Berkeley Basement,4,2.50,2,2,3273,504490,3/30/2026,aAa3x000000UpY7CAK,Non Active Adult,46239,Indianapolis,Marion,18097,"Indianapolis-Carmel-Greenwood, IN",26900,IN,Franklin Township Com Sch Corp,,,,,Franklin Central High School,9,,39.69289,-85.97854
aAf3x000001WrRPCA0,Augusta Heights,Arbor Homes,Clayton Properties Group,Active,,,Spruce,4,2.50,2,2,2313,289995,5/14/2026,aAa3x000000YelUCAS,Non Active Adult,46268,Indianapolis,Marion,18097,"Indianapolis-Carmel-Greenwood, IN",26900,IN,M S D Pike Township,,,,,Pike High School,4,,39.89474,-86.21371
aAf3x000001WlvOCAS,Promenade,Pulte Homes,PulteGroup Inc.,Active,,,Westchester,4,2.50,2,2,3300,450990,5/16/2026,aAa3x000000ZdIeCAK,Non Active Adult,46112,Brownsburg,Hendricks,18063,"Indianapolis-Carmel-Greenwood, IN",26900,IN,Brownsburg Community Sch Corp,Delaware Trail Elementary School,9,Brownsburg East Middle School,9,Brownsburg High School,10,,39.81374,-86.37300
aAf3x000001WoRWCA0,Hickory Run,M/I Homes,,Active,,,Berkeley Basement,4,2.50,2,2,3273,504490,5/18/2026,aAaPc0000018rMpKAI,Non Active Adult,46239,Indianapolis,Marion,18097,"Indianapolis-Carmel-Greenwood, IN",26900,IN,Franklin Township Com Sch Corp,,,,,Franklin Central High School,9,,39.68048,-85.99215
aAfPc000000JV58KAG,Townes at Grand Park Village,Fischer Homes,,Active,,,Tustin,2,3.00,3,0,2097,406990,5/25/2026,aAaPc000000gF6MKAU,Non Active Adult,46074,Westfield,Hamilton,18057,"Indianapolis-Carmel-Greenwood, IN",26900,IN,Westfield-Washington Schools,Westfield Intermediate School; Monon Trail Elementary School,9; 6,Westfield Middle School,9,Westfield High School,10,,40.05662,-86.15260
aAfPc000001LR7tKAG,Easton/Central,Lennar,,Active,,,Shafer,2,2.00,1,2,2015,399995,4/25/2026,aAaPc000000elIHKAY,Active Adult,46123,Avon,Hendricks,18063,"Indianapolis-Carmel-Greenwood, IN",26900,IN,Avon Community School Corp,River Birch Elementary; Avon Intermediate School East,8; 6,Avon Middle School North,10,Avon High School,10,,39.76793,-86.43780
aAf3x000001WrROCA0,Wood Preserve,Arbor Homes,Clayton Properties Group,Active,,,Cooper,4,2.50,2,0,2813,307995,5/28/2026,aAa3x000000Yfk4CAC,Non Active Adult,46181,Trafalgar,Johnson,18081,"Indianapolis-Carmel-Greenwood, IN",26900,IN,Nineveh-Hensley-Jackson United,Indian Creek Intermediate School; Indian Creek Elementary School,7; 0,Indian Creek Middle School,7,Indian Creek Sr High School,6,,39.41924,-86.15678
aAf3x000001YgzhCAC,Sunrise Lake,Bridgenorth Homes,,Active,,,Stirling,3,2.50,2,2,2615,364990,4/29/2026,aAa3x000000YiQjCAK,Non Active Adult,46163,New Palestine,Hancock,18059,"Indianapolis-Carmel-Greenwood, IN",26900,IN,New Palestine Community Schools,New Palestine Elementary School,8,New Palestine Jr High School,8,New Palestine High School,10,,39.73229,-85.88604
aAfPc000001PPseKAG,Harper Estates,D.R. Horton,"D.R. Horton, Inc.",Active,,,Cortland,4,3.00,1,3,2278,435900,5/29/2026,aAaPc000000i9qnKAA,Non Active Adult,46123,Avon,Hendricks,18063,"Indianapolis-Carmel-Greenwood, IN",26900,IN,Avon Community School Corp,Maple Elementary School; Avon Intermediate School East,8; 6,Avon Middle School North,10,Avon High School,10,,39.77059,-86.38074
aAfPc000001HB9qKAG,Evergreen Estates/Venture,Lennar,,Active,,,Kingston,5,3.00,2,2,2736,413995,4/20/2026,aAaPc000000ON75KAG,Non Active Adult,46140,Greenfield,Hancock,18059,"Indianapolis-Carmel-Greenwood, IN",26900,IN,Greenfield-Central Com Schools,J B Stephens Elementary School; Maxwell Intermediate School,8; 6,Greenfield Central Junior High School,6,Greenfield-Central High School,7,,39.81487,-85.74474
aAfPc000001rtRSKAY,Cooks Corner,Arbor Homes,Clayton Properties Group,Upcoming,,,Ironwood,3,2.50,2,2,1963,282995,4/27/2026,aAaPc000001HTSlKAO,Non Active Adult,46140,Greenfield,Hancock,18059,"Indianapolis-Carmel-Greenwood, IN",26900,IN,Greenfield-Central Com Schools,Weston Elementary School; Greenfield Intermediate School,5; 5,Greenfield Central Junior High School,6,Greenfield-Central High School,7,,39.79849,-85.81656
aAfPc0000021mxVKAQ,Marilyn Woods/Signature Collection,David Weekley Homes,,Active,,,The Landram,4,3.00,2,2,2853,550990,5/29/2026,aAaPc000001LHZxKAO,Non Active Adult,46060,Noblesville,Hamilton,18057,"Indianapolis-Carmel-Greenwood, IN",26900,IN,Hamilton Southeastern Schools,Harrison Parkway Elementary School; Sand Creek Intermediate School,8; 7,Fishers Junior High School,7,Fishers High School,10,,39.99443,-85.95267
aAf3x000001QVVICA4,Carramore,Drees Homes,,Active,,,HORIZON,5,3.00,2,2,3334,559100,5/13/2026,aAaPc000000WL1aKAG,Non Active Adult,46069,Sheridan,Hamilton,18057,"Indianapolis-Carmel-Greenwood, IN",26900,IN,Westfield-Washington Schools,Westfield Intermediate School; Monon Trail Elementary School,9; 6,Westfield Middle School,9,Westfield High School,10,,40.07796,-86.16111
aAf3x000001YZF2CAO,Kimblewick/Churchill,Del Webb,PulteGroup Inc.,Active,,,Renown,3,3.50,1,3,2754,585990,5/13/2026,aAa3x000000cWSmCAM,Active Adult,46074,Westfield,Hamilton,18057,"Indianapolis-Carmel-Greenwood, IN",26900,IN,Westfield-Washington Schools,Westfield Intermediate School; Shamrock Springs Elementary School,9; 8,Westfield Middle School,9,Westfield High School,10,,40.00812,-86.20483
aAfPc000001pTlpKAE,Branson Reserve,M/I Homes,,Active,,,Everly,4,2.50,2,2,3034,410990,5/23/2026,aAaPc000001A2jsKAC,Non Active Adult,46060,Noblesville,Hamilton,18057,"Indianapolis-Carmel-Greenwood, IN",26900,IN,Noblesville Schools,White River Elementary School,7,Noblesville Middle School,8,Noblesville High School,10,,40.07341,-85.97210
aAfPc000001yvnlKAA,Wood Wind Landing,Fischer Homes,,Active,,,Grayson,4,2.50,2,3,2929,736990,5/19/2026,aAaPc000001FiGvKAK,Non Active Adult,46074,Westfield,Hamilton,18057,"Indianapolis-Carmel-Greenwood, IN",26900,IN,Westfield-Washington Schools,Westfield Intermediate School; Shamrock Springs Elementary School,9; 8,Westfield Middle School,9,Westfield High School,10,,40.02774,-86.19140
aAf3x000001QbLDCA0,Lone Pine Farms/Tradition,D.R. Horton,"D.R. Horton, Inc.",Active,,,Stamford,4,2.50,2,2,2346,375900,5/14/2026,aAaPc000000VPZ7KAO,Non Active Adult,46143,Greenwood,Johnson,18081,"Indianapolis-Carmel-Greenwood, IN",26900,IN,Center Grove Com Sch Corp,Maple Grove Elementary School,8,Center Grove Middle School Central,8,Center Grove High School,10,,39.56209,-86.14764
aAf3x000001QNelCAG,Hampton Walk/ Maple and Designer,Fischer Homes,,Active,,,Charles,3,2.50,2,2,2457,453990,5/13/2026,aAa3x000000ZrvpCAC,Non Active Adult,46055,McCordsville,Hancock,18059,"Indianapolis-Carmel-Greenwood, IN",26900,IN,Mt Vernon Community Sch Corp,McCordsville Elementary School,6,Mt Vernon Middle School,6,Mt Vernon High School,8,,39.88787,-85.91986
aAfPc000000reB7KAI,Abbott Commons/Heritage,Lennar,,Active,,,Milford,4,3.50,2,3,2784,490995,5/28/2026,aAaPc000000TWRXKA4,Non Active Adult,46037,Fishers,Hamilton,18057,"Indianapolis-Carmel-Greenwood, IN",26900,IN,Hamilton Southeastern Schools,Hamilton Southeastern Jr High School; Southeastern Elementary School,9; 7,Hamilton Southeastern Jr High School,9,Hamilton Southeastern High School,10,,39.98846,-85.89194
aAf3x000001WoIZCA0,Bonterra/ TH,M/I Homes,,Active,,,T1778,2,2.50,2,2,1778,354900,5/13/2026,aAa3x000000ZeDBCA0,Non Active Adult,46062,Westfield,Hamilton,18057,"Indianapolis-Carmel-Greenwood, IN",26900,IN,Westfield-Washington Schools,Westfield Intermediate School; Washington Woods Elementary School,9; 7,Westfield Middle School,9,Westfield High School,10,,40.04310,-86.09604
aAfPc000001tIADKA2,Emerald Preserve,Fischer Homes,,Active,,,Blair,4,2.00,2,2,3029,481990,5/16/2026,aAaPc0000016SXVKA2,Non Active Adult,46239,Indianapolis,Marion,18097,"Indianapolis-Carmel-Greenwood, IN",26900,IN,Franklin Township Com Sch Corp,,,,,Franklin Central High School,9,,39.69260,-85.99509
aAf2T000001UM5RSAW,Bluffs at Youngs Creek,Arbor Homes,Clayton Properties Group,Active,,,Ironwood,3,2.50,2,2,1968,291995,3/31/2026,aAa3x000000YjnhCAC,Non Active Adult,46131,Franklin,Johnson,18081,"Indianapolis-Carmel-Greenwood, IN",26900,IN,Franklin Community School Corp,Custer Baker Intermediate School; Creekside Elementary School,7; 6,Franklin Community Middle School,7,Franklin Community High School,6,,39.46475,-86.06519
aAf3x000001Qd2HCAS,Brunson's Landing,D.R. Horton,"D.R. Horton, Inc.",Active,,,Lyndhurst,4,2.50,2,2,2904,354900,5/8/2026,aAaPc0000019di4KAA,Non Active Adult,46140,Greenfield,Hancock,18059,"Indianapolis-Carmel-Greenwood, IN",26900,IN,Greenfield-Central Com Schools,Greenfield Intermediate School; Weston Elementary School,5; 5,Greenfield Central Junior High School,6,Greenfield-Central High School,7,,39.80169,-85.78519
aAf3x000001WqpfCAC,Somerset West,Silverthorne Homes,Clayton Properties Group,Active,,,Eisenhower,3,2.00,1,2,1801,375995,4/25/2026,aAaPc000000mDFtKAM,Non Active Adult,46074,Westfield,Hamilton,18057,"Indianapolis-Carmel-Greenwood, IN",26900,IN,Westfield-Washington Schools,Westfield Intermediate School; Monon Trail Elementary School,9; 6,Westfield Middle School,9,Westfield High School,10,,40.04570,-86.17919
aAfPc000001LQesKAG,Easton/Southern,Lennar,,Active,,,Sullivan,3,3.00,1,3,2550,491995,5/28/2026,aAaPc000000elIGKAY,Active Adult,46123,Avon,Hendricks,18063,"Indianapolis-Carmel-Greenwood, IN",26900,IN,Avon Community School Corp,River Birch Elementary; Avon Intermediate School East,8; 6,Avon Middle School North,10,Avon High School,10,,39.76793,-86.43780
aAfPc000001gMOrKAM,Midelton/Arrival,Arbor Homes,Clayton Properties Group,Active,,,Gladstone,3,2.50,3,2,2186,269995,5/7/2026,aAaPc000001E0bqKAC,Non Active Adult,46235,Indianapolis,Marion,18097,"Indianapolis-Carmel-Greenwood, IN",26900,IN,M S D Lawrence Township,Winding Ridge Elementary School,3,Belzer Middle School,3,Lawrence Central High School,3,,39.84089,-85.96899
aAfPc000001kkLpKAI,Colonnade,Drees Homes,,Active,,,PARKETTE,3,3.00,1,3,2284,549900,5/1/2026,aAaPc000000p7QpKAI,Non Active Adult,46055,Mccordsville,Hancock,18059,"Indianapolis-Carmel-Greenwood, IN",26900,IN,Mt Vernon Community Sch Corp,McCordsville Elementary School,6,Mt Vernon Middle School,6,Mt Vernon High School,8,,39.88541,-85.91438
aAf3x000001Wf1qCAC,Williams Run,Joyner Homes,,Active,,,Cypress,2,2.00,1,3,1881,310900,4/27/2026,aAa3x000000UJHXCA4,Non Active Adult,46140,Greenfield,Hancock,18059,"Indianapolis-Carmel-Greenwood, IN",26900,IN,Greenfield-Central Com Schools,J B Stephens Elementary School; Maxwell Intermediate School,8; 6,Greenfield Central Junior High School,6,Greenfield-Central High School,7,,39.80744,-85.74553
aAf3x000001WgrLCAS,Northwood Haven,Arbor Homes,Clayton Properties Group,Active,,,Bradford,3,2.00,1,0,1613,295995,5/28/2026,aAa3x000000UQk2CAG,Non Active Adult,46122,Danville,Hendricks,18063,"Indianapolis-Carmel-Greenwood, IN",26900,IN,Danville Community School Corp,Danville Middle School; South Elementary School,8; 7,Danville Middle School,8,Danville Community High School,8,,39.77638,-86.49500
aAf3x000001WoRWCA0,Hickory Run,M/I Homes,,Active,,,Findlay,3,2.50,2,2,2315,340990,5/18/2026,aAa3x000000ZaBcCAK,Non Active Adult,46239,Indianapolis,Marion,18097,"Indianapolis-Carmel-Greenwood, IN",26900,IN,Franklin Township Com Sch Corp,,,,,Franklin Central High School,9,,39.68048,-85.99215
aAf3x000001WVDTCA4,Townes at Kennedy-King,Onyx+East,,Active,,,Truxton,3,3.50,3,2,1688,374900,5/15/2026,aAa3x000000TyxxCAC,Non Active Adult,46202,Indianapolis,Marion,18097,"Indianapolis-Carmel-Greenwood, IN",26900,IN,Indianapolis Public Schools,Thomas D. Gregg School 15; Brookside School 54,4; 4,Arlington Community Middle School,5,Arsenal Technical High School; George Washington Community High School...,1; 1,,39.79697,-86.14422
aAf3x000001QeGfCAK,Berry Chase,M/I Homes,,Active,,,Kentmore Basement,3,2.50,2,2,2070,488490,5/26/2026,aAaPc000000TWSIKA4,Non Active Adult,46143,Greenwood,Johnson,18081,"Indianapolis-Carmel-Greenwood, IN",26900,IN,Center Grove Com Sch Corp,Sugar Grove Elementary School,6,Center Grove Middle School North,8,Center Grove High School,10,,39.60149,-86.17949
aAf3x000001QYOLCA4,Trescott Overlook,Drees Homes,,Active,,,CRESTVIEW,5,3.00,2,3,2929,510900,5/18/2026,aAaPc000000aveoKAA,Non Active Adult,46168,Plainfield,Hendricks,18063,"Indianapolis-Carmel-Greenwood, IN",26900,IN,Plainfield Community Sch Corp,Clarks Creek Elementary,5,Plainfield Com Middle School,8,Plainfield High School,9,,39.67444,-86.40719
aAf3x000001WTNDCA4,Silo Ridge/SF,M/I Homes,,Active,,,Irvington,3,2.50,2,2,2002,391990,5/13/2026,aAa3x000000ZlZSCA0,Non Active Adult,46060,Noblesville,Hamilton,18057,"Indianapolis-Carmel-Greenwood, IN",26900,IN,Hamilton Southeastern Schools,Fall Creek Intermediate School; Deer Creek Elementary,9; 7,Fall Creek Junior High,7,Hamilton Southeastern High School,10,,40.03510,-85.94254
aAfPc000000iAOuKAM,Retreat at Morse,Beazer Homes,,Active,,,Vienna,3,2.00,2,2,2302,379990,5/29/2026,aAaPc00000123QKKAY,Non Active Adult,46062,Noblesville,Hamilton,18057,"Indianapolis-Carmel-Greenwood, IN",26900,IN,Noblesville Schools,Hinkle Creek Elementary School,8,Noblesville West Middle School,9,Noblesville High School,10,,40.07285,-86.03676
aAf2T000001ULX7SAO,Mt Vernon North,D.R. Horton,"D.R. Horton, Inc.",Active,,,Aria II,3,2.00,1,2,1601,332900,4/25/2026,aAaPc0000019dhvKAA,Non Active Adult,46040,Fortville,Hancock,18059,"Indianapolis-Carmel-Greenwood, IN",26900,IN,Mt Vernon Community Sch Corp,Fortville Elementary School,7,Mt Vernon Middle School,6,Mt Vernon High School,8,,39.91192,-85.84315
aAfPc0000012lQTKAY,Liberty Junction/ TH,Drees Homes,,Upcoming,,,Delmore,3,2.50,2,2,1818,300000,5/26/2026,aAaPc000001LGpBKAW,Non Active Adult,46112,Brownsburg,Hendricks,18063,"Indianapolis-Carmel-Greenwood, IN",26900,IN,Brownsburg Community Sch Corp,White Lick Elementary School,8,Brownsburg West Middle School,8,Brownsburg High School,10,,39.80694,-86.36333
aAf3x000001WTYFCA4,Brighton Knoll,Fischer Homes,,Active,,,Avery,4,2.00,2,2,2535,510990,4/14/2026,aAaPc0000007F3rKAE,Non Active Adult,46143,Greenwood,Johnson,18081,"Indianapolis-Carmel-Greenwood, IN",26900,IN,Greenwood Community Sch Corp,Westwood Elementary School,7,Greenwood Middle School,7,Greenwood Community High School,6,,39.59754,-86.13526
aAfPc000001cqD8KAI,Northwest Fortville/Ph 2,Ryan Homes,NVR Inc.,Active,,,Ballenger with Finished Lower Rec Room,4,2.50,2,2,2737,399990,3/25/2026,aAaPc000001DxcnKAC,Non Active Adult,46040,Fortville,Hancock,18059,"Indianapolis-Carmel-Greenwood, IN",26900,IN,Mt Vernon Community Sch Corp,Fortville Elementary School,7,Mt Vernon Middle School,6,Mt Vernon High School,8,,39.94162,-85.86027
aAfPc000001FPdRKAW,Parkrose/Paired,Fischer Homes,,Active,,,Wembley,2,1.50,1,2,1247,232990,5/28/2026,aAaPc000000TuejKAC,Non Active Adult,46140,Greenfield,Hancock,18059,"Indianapolis-Carmel-Greenwood, IN",26900,IN,Greenfield-Central Com Schools,Weston Elementary School; Greenfield Intermediate School,5; 5,Greenfield Central Junior High School,6,Greenfield-Central High School,7,,39.77213,-85.78301
aAfPc000001FoAPKA0,Copperleaf at Finch Creek,Lennar,,Active,,,Ironwood,5,3.00,2,2,2460,435995,5/25/2026,aAaPc000000kRQfKAM,Non Active Adult,46060,Noblesville,Hamilton,18057,"Indianapolis-Carmel-Greenwood, IN",26900,IN,Hamilton Southeastern Schools,Hamilton Southeastern Jr High School; Deer Creek Elementary,9; 7,Hamilton Southeastern Jr High School,9,Hamilton Southeastern High School,10,,40.02172,-85.93493
aAf2T000001MjgESAS,Grant's Corner/SF,Olthof Homes,,Active,,,Aspen,4,2.50,2,2,2353,370014,4/15/2026,aAaPc000000GlXdKAK,Non Active Adult,46229,Indianapolis,Hancock,18059,"Indianapolis-Carmel-Greenwood, IN",26900,IN,New Palestine Community Schools,Sugar Creek Elementary School,6,New Palestine Jr High School,8,New Palestine High School,10,,39.77767,-85.93498
aAf3x000001QbsnCAC,Quail West,Taylor Morrison,,Active,,,Courtyard 1752,3,2.00,1,2,1752,305990,5/1/2026,aAa3x000000ZpU8CAK,Non Active Adult,46122,Danville,Hendricks,18063,"Indianapolis-Carmel-Greenwood, IN",26900,IN,Danville Community School Corp,Danville Middle School; South Elementary School,8; 7,Danville Middle School,8,Danville Community High School,8,,39.76581,-86.48512
aAf2T000001ULX7SAO,Mt Vernon North,D.R. Horton,"D.R. Horton, Inc.",Active,,,Cortland,4,3.00,1,3,2278,389900,4/25/2026,aAaPc000000olCzKAI,Non Active Adult,46040,Fortville,Hancock,18059,"Indianapolis-Carmel-Greenwood, IN",26900,IN,Mt Vernon Community Sch Corp,Fortville Elementary School,7,Mt Vernon Middle School,6,Mt Vernon High School,8,,39.91192,-85.84315
aAf3x000001QNelCAG,Hampton Walk/ Maple and Designer,Fischer Homes,,Active,,,Calvin,3,2.00,1,2,2069,424990,5/13/2026,aAa3x000000ZrvtCAC,Non Active Adult,46055,McCordsville,Hancock,18059,"Indianapolis-Carmel-Greenwood, IN",26900,IN,Mt Vernon Community Sch Corp,McCordsville Elementary School,6,Mt Vernon Middle School,6,Mt Vernon High School,8,,39.88787,-85.91986
aAf3x000001WYwxCAG,Woodfield Pointe,Arbor Homes,Clayton Properties Group,Active,,,Cooper,4,2.50,2,0,2813,315995,5/15/2026,aAa3x000000YfjtCAC,Non Active Adult,46140,Greenfield,Hancock,18059,"Indianapolis-Carmel-Greenwood, IN",26900,IN,Greenfield-Central Com Schools,Weston Elementary School; Greenfield Intermediate School,5; 5,Greenfield Central Junior High School,6,Greenfield-Central High School,7,,39.78944,-85.81685
aAfPc000001FoAPKA0,Copperleaf at Finch Creek,Lennar,,Active,,,Valencia,5,3.50,2,3,3054,474995,5/25/2026,aAaPc000000kRQdKAM,Non Active Adult,46060,Noblesville,Hamilton,18057,"Indianapolis-Carmel-Greenwood, IN",26900,IN,Hamilton Southeastern Schools,Hamilton Southeastern Jr High School; Deer Creek Elementary,9; 7,Hamilton Southeastern Jr High School,9,Hamilton Southeastern High School,10,,40.02172,-85.93493
aAf3x000001WTNDCA4,Silo Ridge/SF,M/I Homes,,Active,,,Kensington,4,2.50,2,3,3382,484990,5/13/2026,aAa3x000000ZlZUCA0,Non Active Adult,46060,Noblesville,Hamilton,18057,"Indianapolis-Carmel-Greenwood, IN",26900,IN,Hamilton Southeastern Schools,Fall Creek Intermediate School; Deer Creek Elementary,9; 7,Fall Creek Junior High,7,Hamilton Southeastern High School,10,,40.03510,-85.94254
aAf3x000001QbssCAC,Hidden Hills,Taylor Morrison,,Active,,,Legacy 3536,4,2.50,2,2,3536,404000,5/18/2026,aAaPc000000LAIvKAO,Non Active Adult,46167,Pittsboro,Hendricks,18063,"Indianapolis-Carmel-Greenwood, IN",26900,IN,North West Hendricks Schools,Pittsboro Elementary; Pittsboro Primary School,9; 0,Tri-West Middle School,9,Tri-West Senior High School,9,,39.87140,-86.45638
aAf3x000001QWY8CAO,Scottsdale Estates,Silverthorne Homes,Clayton Properties Group,Active,,,Monroe,4,2.50,2,2,3310,436995,3/24/2026,aAa3x000000ZasgCAC,Non Active Adult,46143,Bargersville,Johnson,18081,"Indianapolis-Carmel-Greenwood, IN",26900,IN,Center Grove Com Sch Corp,Sugar Grove Elementary School,6,Center Grove Middle School North,8,Center Grove High School,10,,39.59260,-86.13997
aAf3x000001Qev2CAC,Centre Place/Tradition,D.R. Horton,"D.R. Horton, Inc.",Active,,,Stamford,4,2.50,2,2,2346,352900,5/29/2026,aAaPc000000a5JKKAY,Non Active Adult,46069,Sheridan,Hamilton,18057,"Indianapolis-Carmel-Greenwood, IN",26900,IN,Sheridan Community Schools,Sheridan Elementary School,7,Sheridan Middle School,8,Sheridan High School,8,,40.14310,-86.21876
aAfPc000000WBoLKAW,Sagebriar/Discovery,Del Webb,PulteGroup Inc.,Active,,,Vista,2,2.00,1,2,1622,339990,4/16/2026,aAaPc000000VSsrKAG,Active Adult,46143,Greenwood,Johnson,18081,"Indianapolis-Carmel-Greenwood, IN",26900,IN,Clark-Pleasant Com School Corp,Clark Elementary School,6,Clark Pleasant Middle School,7,Whiteland Community High School,5,,39.62684,-86.04309
aAfPc000001ITarKAG,Lindley Ridge at Chatham Hills,Fischer Homes,,Active,,,Wheatland,4,3.00,2,3,4628,1220990,3/17/2026,aAaPc000000V3ZVKA0,Non Active Adult,46074,Westfield,Hamilton,18057,"Indianapolis-Carmel-Greenwood, IN",26900,IN,Westfield-Washington Schools,Westfield Intermediate School; Monon Trail Elementary School,9; 6,Westfield Middle School,9,Westfield High School,10,,40.09149,-86.13268
aAfPc000000CAtFKAW,Kingsbridge Venture,Lennar,,Active,,,Paddington,5,3.50,2,3,3020,421995,4/29/2026,aAaPc000001IHg9KAG,Non Active Adult,46131,Franklin,Johnson,18081,"Indianapolis-Carmel-Greenwood, IN",26900,IN,Franklin Community School Corp,Custer Baker Intermediate School; Creekside Elementary School,7; 6,Franklin Community Middle School,7,Franklin Community High School,6,,39.53148,-86.08285
aAfPc000001L2HZKA0,Reserve (The),Taylor Morrison,,Active,,,Courtyard 1586,2,2.00,1,2,1586,255000,5/12/2026,aAaPc000000r9DaKAI,Non Active Adult,46239,Indianapolis,Marion,18097,"Indianapolis-Carmel-Greenwood, IN",26900,IN,M S D Warren Township,Creston Middle School; Grassy Creek Elementary School,4; 3,Creston Middle School,4,Warren Central High School,2,,39.75405,-85.97066
aAf3x000001WqBjCAK,Trailside/TH,M/I Homes,,Active,,,T1800,2,2.50,3,2,1884,311990,5/16/2026,aAaPc0000003moqKAA,Non Active Adult,46112,Brownsburg,Hendricks,18063,"Indianapolis-Carmel-Greenwood, IN",26900,IN,Brownsburg Community Sch Corp,White Lick Elementary School,8,Brownsburg West Middle School,8,Brownsburg High School,10,,39.81316,-86.40060
aAf3x000001Qd2HCAS,Brunson's Landing,D.R. Horton,"D.R. Horton, Inc.",Active,,,Chatham,4,2.00,1,2,1771,305900,5/8/2026,aAaPc00000065YyKAI,Non Active Adult,46140,Greenfield,Hancock,18059,"Indianapolis-Carmel-Greenwood, IN",26900,IN,Greenfield-Central Com Schools,Greenfield Intermediate School; Weston Elementary School,5; 5,Greenfield Central Junior High School,6,Greenfield-Central High School,7,,39.80169,-85.78519
aAfPc000000dqrZKAQ,Timbers Venture,Lennar,,Active,,,Kingston,5,3.00,2,2,2736,439995,5/25/2026,aAaPc000000CUFLKA4,Non Active Adult,46062,Noblesville,Hamilton,18057,"Indianapolis-Carmel-Greenwood, IN",26900,IN,Noblesville Schools,Hinkle Creek Elementary School,8,Noblesville West Middle School,9,Noblesville High School,10,,40.06832,-86.06257
aAf3x000001WVDTCA4,Townes at Kennedy-King,Onyx+East,,Active,,,Truxton Terrace,2,2.50,3,2,1536,374900,5/15/2026,aAa3x000000Tyy2CAC,Non Active Adult,46202,Indianapolis,Marion,18097,"Indianapolis-Carmel-Greenwood, IN",26900,IN,Indianapolis Public Schools,Thomas D. Gregg School 15; Brookside School 54,4; 4,Arlington Community Middle School,5,Arsenal Technical High School; George Washington Community High School...,1; 1,,39.79697,-86.14422
aAf3x000001YgExCAK,Courtyards of Westfield,EPCON Communities,,Active,,,Promenade Craftsman,2,2.00,1,2,2053,506900,5/5/2026,aAaPc000000qpmlKAA,Non Active Adult,46074,Westfield,Hamilton,18057,"Indianapolis-Carmel-Greenwood, IN",26900,IN,Westfield-Washington Schools,Westfield Intermediate School; Shamrock Springs Elementary School,9; 8,Westfield Middle School,9,Westfield High School,10,,40.00465,-86.20697
aAf3x000001WjZmCAK,Monon Corner/Arbor,Arbor Homes,Clayton Properties Group,Active,,,Palmetto,4,2.50,2,2,2580,411995,5/10/2026,aAa3x000000YimgCAC,Non Active Adult,46074,Westfield,Hamilton,18057,"Indianapolis-Carmel-Greenwood, IN",26900,IN,Westfield-Washington Schools,Westfield Intermediate School; Monon Trail Elementary School,9; 6,Westfield Middle School,9,Westfield High School,10,,40.08126,-86.16478
aAfPc000001kkLpKAI,Colonnade,Drees Homes,,Active,,,LYNDHURST,3,2.50,1,2,2392,547900,5/1/2026,aAaPc000000p7QoKAI,Non Active Adult,46055,Mccordsville,Hancock,18059,"Indianapolis-Carmel-Greenwood, IN",26900,IN,Mt Vernon Community Sch Corp,McCordsville Elementary School,6,Mt Vernon Middle School,6,Mt Vernon High School,8,,39.88541,-85.91438
aAfPc000001fCsvKAE,Courtyards of Cielo Ranch,EPCON Communities,,Active,,,Verona,3,3.00,1,2,2114,788345,4/25/2026,aAaPc0000013NVsKAM,Active Adult,46074,Westfield,Hamilton,18057,"Indianapolis-Carmel-Greenwood, IN",26900,IN,Westfield-Washington Schools,Westfield Intermediate School; Oak Trace Elementary School,9; 8,Westfield Middle School,9,Westfield High School,10,,40.02250,-86.13990
aAf3x000001QfKWCA0,Colonnade Estates,Beazer Homes,,Active,,,Charleston,2,2.50,1,3,2214,459990,5/1/2026,aAa3x000000ZxvACAS,Non Active Adult,46055,McCordsville,Hancock,18059,"Indianapolis-Carmel-Greenwood, IN",26900,IN,Mt Vernon Community Sch Corp,McCordsville Elementary School,6,Mt Vernon Middle School,6,Mt Vernon High School,8,,39.88600,-85.90997
aAfPc000001RqDMKA0,Rockport,M/I Homes,,Active,,,Kentmore,3,2.50,2,2,2070,436990,5/22/2026,aAaPc000000hE3MKAU,Non Active Adult,46055,Vernon,Hancock,18059,"Indianapolis-Carmel-Greenwood, IN",26900,IN,Mt Vernon Community Sch Corp,McCordsville Elementary School,6,Mt Vernon Middle School,6,Mt Vernon High School,8,,39.91552,-85.92644
aAfPc000001L7hTKAS,Beyers Estates/Venture,Lennar,,Active,,,Kingston,5,3.00,2,2,2736,385995,5/29/2026,aAaPc000000jXhNKAU,Non Active Adult,46040,Fortville,Hancock,18059,"Indianapolis-Carmel-Greenwood, IN",26900,IN,Mt Vernon Community Sch Corp,Fortville Elementary School,7,Mt Vernon Middle School,6,Mt Vernon High School,8,,39.91139,-85.83463
aAfPc000001hdAPKAY,Magnolia Ridge/Designer,Pulte Homes,PulteGroup Inc.,Active,,,Palmary,2,2.00,1,2,1892,413990,5/15/2026,aAaPc000000NjUHKA0,Non Active Adult,46062,Noblesville,Hamilton,18057,"Indianapolis-Carmel-Greenwood, IN",26900,IN,Noblesville Schools,Noble Crossing Elementary School,8,Noblesville West Middle School,9,Noblesville High School,10,,40.02936,-86.06009
aAfPc000001iOMMKA2,Bridle Oaks South,Arbor Homes,Clayton Properties Group,Active,,,Aspen II,4,2.50,2,2,2176,329995,5/28/2026,aAaPc0000018eTDKAY,Non Active Adult,46075,Whitestown,Boone,18011,"Indianapolis-Carmel-Greenwood, IN",26900,IN,Lebanon Community School Corp,Perry Worth Elementary School,6,Lebanon Middle School,5,Lebanon Senior High School,9,,39.98791,-86.34573
aAf3x000001WrROCA0,Wood Preserve,Arbor Homes,Clayton Properties Group,Active,,,Empress,5,2.50,2,2,3198,311995,5/28/2026,aAa3x000000Yfk1CAC,Non Active Adult,46181,Trafalgar,Johnson,18081,"Indianapolis-Carmel-Greenwood, IN",26900,IN,Nineveh-Hensley-Jackson United,Indian Creek Intermediate School; Indian Creek Elementary School,7; 0,Indian Creek Middle School,7,Indian Creek Sr High School,6,,39.41924,-86.15678
aAfPc000001iOMMKA2,Bridle Oaks South,Arbor Homes,Clayton Properties Group,Active,,,Norway,5,2.50,2,2,2961,358995,5/28/2026,aAaPc0000018eT7KAI,Non Active Adult,46075,Whitestown,Boone,18011,"Indianapolis-Carmel-Greenwood, IN",26900,IN,Lebanon Community School Corp,Perry Worth Elementary School,6,Lebanon Middle School,5,Lebanon Senior High School,9,,39.98791,-86.34573
aAf3x000001QeudCAC,Miles Farm/Tradition,D.R. Horton,"D.R. Horton, Inc.",Active,,,Cortland,4,3.00,1,3,2278,400900,5/19/2026,aAaPc000000MksDKAS,Non Active Adult,46122,Danville,Hendricks,18063,"Indianapolis-Carmel-Greenwood, IN",26900,IN,Danville Community School Corp,Danville Middle School; South Elementary School,8; 7,Danville Middle School,8,Danville Community High School,8,,39.76422,-86.53935
aAf3x000001QLLnCAO,Meadows at Belleview,D.R. Horton,"D.R. Horton, Inc.",Active,,,Lyndhurst,4,2.50,2,2,2904,434900,4/1/2026,aAaPc0000019diIKAQ,Non Active Adult,46143,Greenwood,Johnson,18081,"Indianapolis-Carmel-Greenwood, IN",26900,IN,Center Grove Com Sch Corp,Pleasant Grove Elementary School,8,Center Grove Middle School North,8,Center Grove High School,10,,39.59582,-86.21492
aAfPc000001tIADKA2,Emerald Preserve,Fischer Homes,,Active,,,Danville,3,2.50,2,2,1740,337990,5/16/2026,aAaPc0000016SXNKA2,Non Active Adult,46239,Indianapolis,Marion,18097,"Indianapolis-Carmel-Greenwood, IN",26900,IN,Franklin Township Com Sch Corp,,,,,Franklin Central High School,9,,39.69260,-85.99509
aAf2T000000sgDhSAI,Lancaster/Townhomes,Pulte Homes,PulteGroup Inc.,Active,,,Ashton,3,2.50,2,2,1858,320000,5/22/2026,aAa3x000000gtHcCAI,Non Active Adult,46074,Westfield,Hamilton,18057,"Indianapolis-Carmel-Greenwood, IN",26900,IN,Westfield-Washington Schools,Westfield Intermediate School; Monon Trail Elementary School,9; 6,Westfield Middle School,9,Westfield High School,10,,40.05728,-86.17071
aAfPc000000wZdJKAU,Talon Woods/TH,Olthof Homes,,Active,,,Wren,3,2.50,2,2,1647,333210,5/21/2026,aAaPc000000MMQ5KAO,Non Active Adult,46112,Brownsburg,Hendricks,18063,"Indianapolis-Carmel-Greenwood, IN",26900,IN,Brownsburg Community Sch Corp,,,Brownsburg East Middle School,9,Brownsburg High School,10,,39.81958,-86.37191
aAf3x000001WYwxCAG,Woodfield Pointe,Arbor Homes,Clayton Properties Group,Active,,,Bradford,3,2.00,1,0,1613,258995,5/15/2026,aAa3x000000YfjwCAC,Non Active Adult,46140,Greenfield,Hancock,18059,"Indianapolis-Carmel-Greenwood, IN",26900,IN,Greenfield-Central Com Schools,Weston Elementary School; Greenfield Intermediate School,5; 5,Greenfield Central Junior High School,6,Greenfield-Central High School,7,,39.78944,-85.81685
aAf3x000001QNelCAG,Hampton Walk/ Maple and Designer,Fischer Homes,,Active,,,Carrington,4,2.50,2,2,3517,470990,5/13/2026,aAaPc000000raVpKAI,Non Active Adult,46055,McCordsville,Hancock,18059,"Indianapolis-Carmel-Greenwood, IN",26900,IN,Mt Vernon Community Sch Corp,McCordsville Elementary School,6,Mt Vernon Middle School,6,Mt Vernon High School,8,,39.88787,-85.91986
aAf3x000001QNemCAG,The Cove,Fischer Homes,,Active,,,Olive,3,2.50,1,2,2417,459990,4/30/2026,aAaPc000000QulWKAS,Non Active Adult,46040,Fishers,Hamilton,18057,"Indianapolis-Carmel-Greenwood, IN",26900,IN,Hamilton Southeastern Schools,Hamilton Southeastern Jr High School; Southeastern Elementary School,9; 7,Hamilton Southeastern Jr High School,9,Hamilton Southeastern High School,10,,39.96309,-85.89215
aAfPc000000nGvHKAU,Grayson,M/I Homes,,Active,,,Sawyer,3,2.50,2,2,1957,313990,5/16/2026,aAaPc000000LJBAKA4,Non Active Adult,46239,Indianapolis,Marion,18097,"Indianapolis-Carmel-Greenwood, IN",26900,IN,Franklin Township Com Sch Corp,,,,,Franklin Central High School,9,,39.71021,-86.03761
aAf3x000001WqBjCAK,Trailside/TH,M/I Homes,,Active,,,T1600,2,2.50,3,2,1716,290990,5/16/2026,aAaPc0000003mopKAA,Non Active Adult,46112,Brownsburg,Hendricks,18063,"Indianapolis-Carmel-Greenwood, IN",26900,IN,Brownsburg Community Sch Corp,White Lick Elementary School,8,Brownsburg West Middle School,8,Brownsburg High School,10,,39.81316,-86.40060
aAfPc000001qNZjKAM,Darlington Villas/Arbor,Arbor Homes,Clayton Properties Group,Active,,,Empress,5,2.50,2,2,3198,325995,5/25/2026,aAaPc000001BHBjKAO,Non Active Adult,46147,Jamestown,Boone,18011,"Indianapolis-Carmel-Greenwood, IN",26900,IN,Western Boone County Com Sch District,,,Western Boone Jr-Sr High School,6,Western Boone Jr-Sr High School,6,,39.93518,-86.62913
aAf3x000001QeudCAC,Miles Farm/Tradition,D.R. Horton,"D.R. Horton, Inc.",Active,,,Stamford,4,2.50,2,2,2346,357900,5/19/2026,aAaPc000000We0jKAC,Non Active Adult,46122,Danville,Hendricks,18063,"Indianapolis-Carmel-Greenwood, IN",26900,IN,Danville Community School Corp,Danville Middle School; South Elementary School,8; 7,Danville Middle School,8,Danville Community High School,8,,39.76422,-86.53935
aAfPc000001q6buKAA,Montelena,M/I Homes,,Upcoming,,,T1500 II Plan,2,3.50,3,2,1605,299990,4/28/2026,aAaPc000001EKHdKAO,Non Active Adult,46060,Noblesville,Hamilton,18057,"Indianapolis-Carmel-Greenwood, IN",26900,IN,Noblesville Schools,Promise Road Elementary,7,Noblesville Middle School,8,Noblesville High School,10,,40.01439,-85.96833
aAf3x000001WeIxCAK,Silver Stream,Arbor Homes,Clayton Properties Group,Active,,,Ashton,3,2.00,1,2,1354,244995,5/21/2026,aAa3x000000UEQJCA4,Non Active Adult,46235,Indianapolis,Marion,18097,"Indianapolis-Carmel-Greenwood, IN",26900,IN,M S D Lawrence Township,Indian Creek Elementary School,4,Fall Creek Valley Middle School,5,Lawrence North High School,5,,39.84161,-85.98043
aAf3x000001WTNDCA4,Silo Ridge/SF,M/I Homes,,Active,,,Cheswicke II,3,2.00,1,2,2191,438990,5/13/2026,aAa3x000000ZlZJCA0,Non Active Adult,46060,Noblesville,Hamilton,18057,"Indianapolis-Carmel-Greenwood, IN",26900,IN,Hamilton Southeastern Schools,Fall Creek Intermediate School; Deer Creek Elementary,9; 7,Fall Creek Junior High,7,Hamilton Southeastern High School,10,,40.03510,-85.94254
aAfPc000000PyH7KAK,Harbor at Grand Park Village,Beazer Homes,,Active,,,Rialto,3,2.00,1,2,1790,362990,5/25/2026,aAaPc000000EldQKAS,Non Active Adult,46074,Westfield,Hamilton,18057,"Indianapolis-Carmel-Greenwood, IN",26900,IN,Westfield-Washington Schools,Westfield Intermediate School; Monon Trail Elementary School,9; 6,Westfield Middle School,9,Westfield High School,10,,40.05416,-86.15546
aAf3x000001Wnx7CAC,Landings at Hobbs Station,Pulte Homes,PulteGroup Inc.,Active,,,Boardwalk,4,2.50,2,2,2662,387990,5/18/2026,aAaPc0000005DkwKAE,Non Active Adult,46168,Plainfield,Hendricks,18063,"Indianapolis-Carmel-Greenwood, IN",26900,IN,Avon Community School Corp,Cedar Elementary School; Avon Intermediate School West,7; 7,Avon Middle School South,10,Avon High School,10,,39.72213,-86.35615
aAfPc000001L26HKAS,Evergreen Estates,Olthof Homes,,Active,,,Quincey,2,1.00,1,2,1429,249000,4/10/2026,aAaPc000000RIldKAG,Non Active Adult,46140,Greenfield,Hancock,18059,"Indianapolis-Carmel-Greenwood, IN",26900,IN,Greenfield-Central Com Schools,J B Stephens Elementary School; Maxwell Intermediate School,8; 6,Greenfield Central Junior High School,6,Greenfield-Central High School,7,,39.81495,-85.74382
aAf3x000001WTNDCA4,Silo Ridge/SF,M/I Homes,,Active,,,Ainsley II Basement,4,2.50,2,2,3160,594490,5/13/2026,aAa3x000000ZlZBCA0,Non Active Adult,46060,Noblesville,Hamilton,18057,"Indianapolis-Carmel-Greenwood, IN",26900,IN,Hamilton Southeastern Schools,Fall Creek Intermediate School; Deer Creek Elementary,9; 7,Fall Creek Junior High,7,Hamilton Southeastern High School,10,,40.03510,-85.94254
aAf3x000001Qf83CAC,Hobbs Station,Taylor Morrison,,Active,,,Tungsten,3,2.50,2,2,2225,379500,4/17/2026,aAaPc000000LDHTKA4,Non Active Adult,46168,Plainfield,Hendricks,18063,"Indianapolis-Carmel-Greenwood, IN",26900,IN,Avon Community School Corp,Cedar Elementary School; Avon Intermediate School West,7; 7,Avon Middle School South,10,Avon High School,10,,39.72184,-86.35653
aAf3x000001QbssCAC,Hidden Hills,Taylor Morrison,,Active,,,Exclusives 2542,3,2.50,2,2,2542,411000,5/18/2026,aAaPc000000pZ4KKAU,Non Active Adult,46167,Pittsboro,Hendricks,18063,"Indianapolis-Carmel-Greenwood, IN",26900,IN,North West Hendricks Schools,Pittsboro Elementary; Pittsboro Primary School,9; 0,Tri-West Middle School,9,Tri-West Senior High School,9,,39.87140,-86.45638
aAfPc000001M4dtKAC,Rockridge,Taylor Morrison,,Active,,,Legacy 2719,3,2.50,2,2,2719,360000,5/12/2026,aAaPc0000011sWgKAI,Non Active Adult,46229,Warren Twp,Hancock,18059,"Indianapolis-Carmel-Greenwood, IN",26900,IN,New Palestine Community Schools,Sugar Creek Elementary School,6,New Palestine Jr High School,8,New Palestine High School,10,,39.77452,-85.95037
aAfPc00000163QrKAI,Oberlin/Simplicity,Taylor Morrison,,Active,,,Simplicity 2115,3,2.50,2,2,2115,343000,5/6/2026,aAaPc000000cKnoKAE,Non Active Adult,46113,Camby,Marion,18097,"Indianapolis-Carmel-Greenwood, IN",26900,IN,M S D Decatur Township,West Newton Elementary School,5,Decatur Middle School,3,Decatur Central High School,3,,39.65344,-86.31662
aAf3x000001WTYmCAO,Silo Ridge/Villas,M/I Homes,,Active,,,Castello,2,3.00,1,2,1628,331990,5/15/2026,aAa3x000000ZlJpCAK,Non Active Adult,46060,Noblesville,Hamilton,18057,"Indianapolis-Carmel-Greenwood, IN",26900,IN,Hamilton Southeastern Schools,Fall Creek Intermediate School; Deer Creek Elementary,9; 7,Fall Creek Junior High,7,Hamilton Southeastern High School,10,,40.03510,-85.94254
aAf3x000001WTNDCA4,Silo Ridge/SF,M/I Homes,,Active,,,Fairbanks,4,2.50,2,2,2957,435990,5/13/2026,aAa3x000000ZlZNCA0,Non Active Adult,46060,Noblesville,Hamilton,18057,"Indianapolis-Carmel-Greenwood, IN",26900,IN,Hamilton Southeastern Schools,Fall Creek Intermediate School; Deer Creek Elementary,9; 7,Fall Creek Junior High,7,Hamilton Southeastern High School,10,,40.03510,-85.94254
aAf3x000001Qh4yCAC,Scottsdale Estates,Arbor Homes,Clayton Properties Group,Active,,,Cooper,4,2.50,2,0,2813,366995,5/21/2026,aAaPc00000087XVKAY,Non Active Adult,46143,Greenwood,Johnson,18081,"Indianapolis-Carmel-Greenwood, IN",26900,IN,Clark-Pleasant Com School Corp,Pleasant Crossing Elementary,7,Clark Pleasant Middle School,7,Whiteland Community High School,5,,39.55660,-86.14305
aAfPc000000PEhJKAW,Fox Creek/Tradition,D.R. Horton,"D.R. Horton, Inc.",Active,,,Chatham,4,2.00,1,2,1771,352900,5/8/2026,aAaPc000000D6kLKAS,Non Active Adult,46118,Clayton,Hendricks,18063,"Indianapolis-Carmel-Greenwood, IN",26900,IN,Mill Creek Community Sch Corp,,,,,Cascade Senior High School,10,,39.67777,-86.45757
aAf3x000001WlFcCAK,Edgewood Farms,D.R. Horton,"D.R. Horton, Inc.",Active,,,Dayton,5,3.50,2,3,3388,424900,5/9/2026,aAaPc000000EbtHKAS,Non Active Adult,46239,Indianapolis,Marion,18097,"Indianapolis-Carmel-Greenwood, IN",26900,IN,Franklin Township Com Sch Corp,,,,,Franklin Central High School,9,,39.68241,-86.00724
aAf3x000001WrRNCA0,Grassy Creek South,Arbor Homes,Clayton Properties Group,Active,,,Spruce,4,2.50,2,2,2343,294995,5/12/2026,aAa3x000000YSydCAG,Non Active Adult,46239,Indianapolis,Marion,18097,"Indianapolis-Carmel-Greenwood, IN",26900,IN,M S D Warren Township,Creston Middle School; Grassy Creek Elementary School,4; 3,Creston Middle School,4,Warren Central High School,2,,39.74331,-85.97090
aAfPc000000iAOuKAM,Retreat at Morse,Beazer Homes,,Active,,,Rialto,3,2.00,1,2,1790,354990,5/29/2026,aAaPc000000YvlaKAC,Non Active Adult,46062,Noblesville,Hamilton,18057,"Indianapolis-Carmel-Greenwood, IN",26900,IN,Noblesville Schools,Hinkle Creek Elementary School,8,Noblesville West Middle School,9,Noblesville High School,10,,40.07285,-86.03676
aAfPc000001pTlpKAE,Branson Reserve,M/I Homes,,Active,,,Mackey II,2,2.00,1,2,1603,345990,5/23/2026,aAaPc000001A2jpKAC,Non Active Adult,46060,Noblesville,Hamilton,18057,"Indianapolis-Carmel-Greenwood, IN",26900,IN,Noblesville Schools,White River Elementary School,7,Noblesville Middle School,8,Noblesville High School,10,,40.07341,-85.97210
aAfPc000001q6buKAA,Montelena,M/I Homes,,Upcoming,,,T1928 Plan,3,3.00,2,2,1928,334990,4/28/2026,aAaPc000001EKO5KAO,Non Active Adult,46060,Noblesville,Hamilton,18057,"Indianapolis-Carmel-Greenwood, IN",26900,IN,Noblesville Schools,Promise Road Elementary,7,Noblesville Middle School,8,Noblesville High School,10,,40.01439,-85.96833
aAf3x000001QegiCAC,Oakdale,Pulte Homes,PulteGroup Inc.,Active,,,Hilltop,4,2.50,2,2,2899,399990,5/5/2026,aAaPc000000BDKcKAO,Non Active Adult,46112,Brownsburg,Hendricks,18063,"Indianapolis-Carmel-Greenwood, IN",26900,IN,Brownsburg Community Sch Corp,Eagle Elementary School,10,Brownsburg West Middle School,8,Brownsburg High School,10,,39.86610,-86.38409
aAfPc000001tIADKA2,Emerald Preserve,Fischer Homes,,Active,,,Carrington,4,2.50,2,2,3517,457990,5/16/2026,aAaPc0000016SXWKA2,Non Active Adult,46239,Indianapolis,Marion,18097,"Indianapolis-Carmel-Greenwood, IN",26900,IN,Franklin Township Com Sch Corp,,,,,Franklin Central High School,9,,39.69260,-85.99509
aAfPc000001cr7ZKAQ,Briar Creek Estates/Ph 2,Ryan Homes,NVR Inc.,Active,,,Lehigh,4,2.50,2,2,3010,389990,5/29/2026,aAaPc000000iDkjKAE,Non Active Adult,46184,Whiteland,Johnson,18081,"Indianapolis-Carmel-Greenwood, IN",26900,IN,Clark-Pleasant Com School Corp,Whiteland Elementary School,8,Clark Pleasant Middle School,7,Whiteland Community High School,5,,39.54531,-86.09131
aAfPc000001tI0XKAU,Winterburg,Beazer Homes,,Upcoming,,,Washington,5,3.00,2,2,3169,519990,3/3/2026,aAaPc0000015o6tKAA,Non Active Adult,46074,Westfield,Hamilton,18057,"Indianapolis-Carmel-Greenwood, IN",26900,IN,Westfield-Washington Schools,Westfield Intermediate School; Monon Trail Elementary School,9; 6,Westfield Middle School,9,Westfield High School,10,,40.06335,-86.18048
aAfPc000001fCsvKAE,Courtyards of Cielo Ranch,EPCON Communities,,Active,,,Provenance,2,2.50,1,3,2832,746900,4/25/2026,aAaPc000000lPYXKA2,Active Adult,46074,Westfield,Hamilton,18057,"Indianapolis-Carmel-Greenwood, IN",26900,IN,Westfield-Washington Schools,Westfield Intermediate School; Oak Trace Elementary School,9; 8,Westfield Middle School,9,Westfield High School,10,,40.02250,-86.13990
aAf3x000001WgrLCAS,Northwood Haven,Arbor Homes,Clayton Properties Group,Active,,,Norway,5,2.50,2,2,2961,351995,5/28/2026,aAa3x000000UQk0CAG,Non Active Adult,46122,Danville,Hendricks,18063,"Indianapolis-Carmel-Greenwood, IN",26900,IN,Danville Community School Corp,Danville Middle School; South Elementary School,8; 7,Danville Middle School,8,Danville Community High School,8,,39.77638,-86.49500
aAfPc000001liUyKAI,Whispering Pines,Pulte Homes,PulteGroup Inc.,Upcoming,,,Continental,4,2.50,2,2,3008,,4/12/2026,aAaPc000001AZK5KAO,Non Active Adult,46123,Avon,Hendricks,18063,"Indianapolis-Carmel-Greenwood, IN",26900,IN,Avon Community School Corp,Avon Intermediate School West; Pine Tree Elementary School,7; 7,Avon Middle School South,10,Avon High School,10,,39.76067,-86.41445
aAf3x000001QdoZCAS,Towns at River Place,Pulte Homes,PulteGroup Inc.,Active,,,Ashton,3,2.50,2,2,1883,356000,5/25/2026,aAaPc0000005WUpKAM,Non Active Adult,46250,Indianapolis,Marion,18097,"Indianapolis-Carmel-Greenwood, IN",26900,IN,Hamilton Southeastern Schools,Riverside Intermediate School; Fishers Elementary School,10; 8,Riverside Jr High,8,Fishers High School,10,,39.93090,-86.06916
aAf3x000001QeudCAC,Miles Farm/Tradition,D.R. Horton,"D.R. Horton, Inc.",Active,,,Irvington,5,3.50,2,3,2569,414900,5/19/2026,aAaPc000001K845KAC,Non Active Adult,46122,Danville,Hendricks,18063,"Indianapolis-Carmel-Greenwood, IN",26900,IN,Danville Community School Corp,Danville Middle School; South Elementary School,8; 7,Danville Middle School,8,Danville Community High School,8,,39.76422,-86.53935
aAf3x000001QP13CAG,Brookstone Crossings,Pulte Homes,PulteGroup Inc.,Active,,,Hilltop,4,2.50,2,2,2899,409990,5/12/2026,aAa3x000000ZgYoCAK,Non Active Adult,46123,Avon,Hendricks,18063,"Indianapolis-Carmel-Greenwood, IN",26900,IN,Avon Community School Corp,Sycamore Elementary School; Avon Intermediate School East,8; 6,Avon Middle School North,10,Avon High School,10,,39.77761,-86.35361
aAf3x000001Qf83CAC,Hobbs Station,Taylor Morrison,,Active,,,Cobalt,3,2.50,2,2,2055,358000,4/17/2026,aAa3x000000ZxWsCAK,Non Active Adult,46168,Plainfield,Hendricks,18063,"Indianapolis-Carmel-Greenwood, IN",26900,IN,Avon Community School Corp,Cedar Elementary School; Avon Intermediate School West,7; 7,Avon Middle School South,10,Avon High School,10,,39.72184,-86.35653
aAf2T000001MrsESAS,Saddlebrook Farms,D.R. Horton,"D.R. Horton, Inc.",Active,,,Johnstown,5,3.50,2,3,3062,435480,4/27/2026,aAaPc000000DrnjKAC,Non Active Adult,46184,Whiteland,Johnson,18081,"Indianapolis-Carmel-Greenwood, IN",26900,IN,Clark-Pleasant Com School Corp,Whiteland Elementary School,8,Clark Pleasant Middle School,7,Whiteland Community High School,5,,39.54910,-86.07253
aAf3x000001QX5cCAG,Chatham Village/Executive Collection,David Weekley Homes,,Active,,,Fairbanks,4,3.00,2,3,3376,947990,5/9/2026,aAaPc000000DEB3KAO,Non Active Adult,46074,Westfield,Hamilton,18057,"Indianapolis-Carmel-Greenwood, IN",26900,IN,Westfield-Washington Schools,Westfield Intermediate School; Monon Trail Elementary School,9; 6,Westfield Middle School,9,Westfield High School,10,,40.08057,-86.13476
aAfPc000001gMOrKAM,Midelton/Arrival,Arbor Homes,Clayton Properties Group,Active,,,Coach,2,2.00,2,2,1159,204995,5/7/2026,aAaPc000001E0brKAC,Non Active Adult,46235,Indianapolis,Marion,18097,"Indianapolis-Carmel-Greenwood, IN",26900,IN,M S D Lawrence Township,Winding Ridge Elementary School,3,Belzer Middle School,3,Lawrence Central High School,3,,39.84089,-85.96899
aAfPc000001PrDRKA0,Eagle Manor,Lennar,,Active,,,Alan,3,2.00,1,3,1673,331995,5/25/2026,aAaPc00000103SFKAY,Non Active Adult,46239,Indianapolis,Marion,18097,"Indianapolis-Carmel-Greenwood, IN",26900,IN,Franklin Township Com Sch Corp,,,,,Franklin Central High School,9,,39.69312,-86.01847
aAf3x000001QeGfCAK,Berry Chase,M/I Homes,,Active,,,Cheswicke II,3,2.00,1,2,2191,443990,5/25/2026,aAaPc000000P11pKAC,Non Active Adult,46143,Greenwood,Johnson,18081,"Indianapolis-Carmel-Greenwood, IN",26900,IN,Center Grove Com Sch Corp,Sugar Grove Elementary School,6,Center Grove Middle School North,8,Center Grove High School,10,,39.60149,-86.17949
aAfPc0000019ebxKAA,Noble Heights Venture,Lennar,,Active,,,Clarence,3,2.00,1,2,1567,299995,4/29/2026,aAaPc000001ISenKAG,Non Active Adult,46221,Indianapolis,Marion,18097,"Indianapolis-Carmel-Greenwood, IN",26900,IN,M S D Decatur Township,West Newton Elementary School,5,Decatur Middle School,3,Decatur Central High School,3,,39.65265,-86.31888
aAf2T000001MjgESAS,Grant's Corner/SF,Olthof Homes,,Active,,,Sedona,4,1.50,2,2,2444,364000,4/15/2026,aAa3x000000gfigCAA,Non Active Adult,46229,Indianapolis,Hancock,18059,"Indianapolis-Carmel-Greenwood, IN",26900,IN,New Palestine Community Schools,Sugar Creek Elementary School,6,New Palestine Jr High School,8,New Palestine High School,10,,39.77767,-85.93498
aAf3x000001QYOMCA4,Trescott Gardens,Drees Homes,,Active,,,PARKETTE,3,2.00,1,3,2284,458900,5/22/2026,aAa3x000000ZfWFCA0,Non Active Adult,46168,Plainfield,Hendricks,18063,"Indianapolis-Carmel-Greenwood, IN",26900,IN,Plainfield Community Sch Corp,Clarks Creek Elementary,5,Plainfield Com Middle School,8,Plainfield High School,9,,39.67444,-86.40719
aAf3x000001WdgGCAS,Fairview West,Olthof Homes,,Active,,,Sonata,2,2.00,1,2,1436,350300,4/6/2026,aAa3x000000Ua9iCAC,Non Active Adult,46112,Brownsburg,Hendricks,18063,"Indianapolis-Carmel-Greenwood, IN",26900,IN,Brownsburg Community Sch Corp,Delaware Trail Elementary School,9,Brownsburg East Middle School,9,Brownsburg High School,10,,39.86584,-86.42391
aAf3x000001QKUpCAO,Vintners Park Estates,Drees Homes,,Active,,,SEBASTIAN,3,3.50,1,3,2769,724900,5/19/2026,aAa3x000000YeIcCAK,Non Active Adult,46055,McCordsville,Hancock,18059,"Indianapolis-Carmel-Greenwood, IN",26900,IN,Mt Vernon Community Sch Corp,McCordsville Elementary School,6,Mt Vernon Middle School,6,Mt Vernon High School,8,,39.91338,-85.92927
aAf3x000001QWMGCA4,Haven Ponds,Silverthorne Homes,Clayton Properties Group,Active,,,Reagan,3,2.50,1,2,2300,385995,5/12/2026,aAaPc00000096loKAA,Non Active Adult,46055,McCordsville,Hancock,18059,"Indianapolis-Carmel-Greenwood, IN",26900,IN,Mt Vernon Community Sch Corp,McCordsville Elementary School,6,Mt Vernon Middle School,6,Mt Vernon High School,8,,39.92797,-85.89899
aAfPc000001rcMjKAI,Welford at Easton Grey/Estates,Drees Homes,,Upcoming,,,PARKETTE,3,3.00,1,3,2284,578900,4/12/2026,aAaPc0000015fCnKAI,Non Active Adult,46123,Avon,Hendricks,18063,"Indianapolis-Carmel-Greenwood, IN",26900,IN,Avon Community School Corp,River Birch Elementary; Avon Intermediate School East,8; 6,Avon Middle School North,10,Avon High School,10,,39.77407,-86.43379
aAf3x000001QWoMCAW,Lakes at Grantham,David Weekley Homes,,Active,,,Carrington,4,3.00,2,4,3083,798990,5/29/2026,aAaPc000000sHinKAE,Non Active Adult,46040,Fishers,Hamilton,18057,"Indianapolis-Carmel-Greenwood, IN",26900,IN,Hamilton Southeastern Schools,Hamilton Southeastern Jr High School; Southeastern Elementary School,9; 7,Hamilton Southeastern Jr High School,9,Hamilton Southeastern High School,10,,39.95471,-85.87900
aAfPc000000reB8KAI,Abbott Commons/Venture,Lennar,,Active,,,Alan,3,2.00,1,2,1673,380995,5/29/2026,aAaPc000000TWRUKA4,Non Active Adult,46037,Fishers,Hamilton,18057,"Indianapolis-Carmel-Greenwood, IN",26900,IN,Hamilton Southeastern Schools,Hamilton Southeastern Jr High School; Southeastern Elementary School,9; 7,Hamilton Southeastern Jr High School,9,Hamilton Southeastern High School,10,,39.98846,-85.89194
aAfPc0000016CXNKA2,Harvest Trail of Westfield/Courtyard Collection,David Weekley Homes,,Active,,,Goldie,3,2.50,2,2,2088,390990,4/11/2026,aAaPc000000RtMzKAK,Non Active Adult,46074,Westfield,Hamilton,18057,"Indianapolis-Carmel-Greenwood, IN",26900,IN,Westfield-Washington Schools,Westfield Intermediate School; Monon Trail Elementary School,9; 6,Westfield Middle School,9,Westfield High School,10,,40.06467,-86.14415
aAfPc000001dVUrKAM,Helm's Mill,M/I Homes,,Active,,,Irvington,3,2.50,2,2,2002,371990,5/26/2026,aAaPc000000vqQvKAI,Non Active Adult,46055,McCordsville,Hancock,18059,"Indianapolis-Carmel-Greenwood, IN",26900,IN,Mt Vernon Community Sch Corp,McCordsville Elementary School,6,Mt Vernon Middle School,6,Mt Vernon High School,8,,39.92796,-85.88460
aAfPc000001EjxZKAS,White Oak Estates,Drees Homes,,Active,,,VANDERBURGH,4,2.50,2,2,3252,633900,5/20/2026,aAaPc000000WfhZKAS,Non Active Adult,46123,Avon,Hendricks,18063,"Indianapolis-Carmel-Greenwood, IN",26900,IN,Avon Community School Corp,Sycamore Elementary School; Avon Intermediate School East,8; 6,Avon Middle School North,10,Avon High School,10,,39.79188,-86.39403
aAf3x000001Qeu9CAC,Fields at Sugar Creek,D.R. Horton,"D.R. Horton, Inc.",Active,,,Fairfax,4,3.00,1,3,1961,389900,5/8/2026,aAaPc000000CvXBKA0,Non Active Adult,46163,New Palestine,Hancock,18059,"Indianapolis-Carmel-Greenwood, IN",26900,IN,New Palestine Community Schools,New Palestine Elementary School,8,New Palestine Jr High School,8,New Palestine High School,10,,39.72423,-85.89985
aAf3x000001QfKWCA0,Colonnade Estates,Beazer Homes,,Active,,,Ashford,3,2.00,2,3,2560,424990,5/4/2026,aAaPc000001F9TqKAK,Non Active Adult,46055,McCordsville,Hancock,18059,"Indianapolis-Carmel-Greenwood, IN",26900,IN,Mt Vernon Community Sch Corp,McCordsville Elementary School,6,Mt Vernon Middle School,6,Mt Vernon High School,8,,39.88600,-85.90997
aAf3x000001WYwxCAG,Woodfield Pointe,Arbor Homes,Clayton Properties Group,Active,,,Spruce,4,2.50,2,2,2343,296995,5/15/2026,aAa3x000000YfjpCAC,Non Active Adult,46140,Greenfield,Hancock,18059,"Indianapolis-Carmel-Greenwood, IN",26900,IN,Greenfield-Central Com Schools,Weston Elementary School; Greenfield Intermediate School,5; 5,Greenfield Central Junior High School,6,Greenfield-Central High School,7,,39.78944,-85.81685
aAf3x000001QNelCAG,Hampton Walk/ Maple and Designer,Fischer Homes,,Active,,,Wyatt,4,2.50,2,0,2731,446990,5/13/2026,aAa3x000000ZrvwCAC,Non Active Adult,46055,McCordsville,Hancock,18059,"Indianapolis-Carmel-Greenwood, IN",26900,IN,Mt Vernon Community Sch Corp,McCordsville Elementary School,6,Mt Vernon Middle School,6,Mt Vernon High School,8,,39.88787,-85.91986
aAf3x000001WbuhCAC,Fields at New Bethel,D.R. Horton,"D.R. Horton, Inc.",Active,,,Harmony,3,2.00,1,2,1503,302900,4/29/2026,aAaPc000000PtVDKA0,Non Active Adult,46239,Indianapolis,Marion,18097,"Indianapolis-Carmel-Greenwood, IN",26900,IN,Franklin Township Com Sch Corp,,,,,Franklin Central High School,9,,39.69345,-86.00195
aAf3x000001QNelCAG,Hampton Walk/ Maple and Designer,Fischer Homes,,Active,,,Grandin,4,2.00,2,2,2711,461990,5/13/2026,aAa3x000000ZrvoCAC,Non Active Adult,46055,McCordsville,Hancock,18059,"Indianapolis-Carmel-Greenwood, IN",26900,IN,Mt Vernon Community Sch Corp,McCordsville Elementary School,6,Mt Vernon Middle School,6,Mt Vernon High School,8,,39.88787,-85.91986
aAfPc000001NUw5KAG,Finch Creek by Del Webb/Discovery,Del Webb,PulteGroup Inc.,Active,,,Meadow,2,2.00,1,2,1599,359990,3/31/2026,aAaPc000000ZNZdKAO,Active Adult,46060,Noblesville,Hamilton,18057,"Indianapolis-Carmel-Greenwood, IN",26900,IN,Hamilton Southeastern Schools,Hamilton Southeastern Jr High School; Deer Creek Elementary,9; 7,Hamilton Southeastern Jr High School,9,Hamilton Southeastern High School,10,,40.01651,-85.92586
aAfPc000001NUw5KAG,Finch Creek by Del Webb/Discovery,Del Webb,PulteGroup Inc.,Active,,,Vista,2,2.00,1,2,1622,356990,3/31/2026,aAaPc000000ZNY1KAO,Active Adult,46060,Noblesville,Hamilton,18057,"Indianapolis-Carmel-Greenwood, IN",26900,IN,Hamilton Southeastern Schools,Hamilton Southeastern Jr High School; Deer Creek Elementary,9; 7,Hamilton Southeastern Jr High School,9,Hamilton Southeastern High School,10,,40.01651,-85.92586
aAfPc000001M4dtKAC,Rockridge,Taylor Morrison,,Active,,,Legacy 3536,4,2.50,2,2,3536,395000,5/12/2026,aAaPc0000011sWfKAI,Non Active Adult,46229,Warren Twp,Hancock,18059,"Indianapolis-Carmel-Greenwood, IN",26900,IN,New Palestine Community Schools,Sugar Creek Elementary School,6,New Palestine Jr High School,8,New Palestine High School,10,,39.77452,-85.95037
aAfPc000001qNZiKAM,Darlington Villas/Arrival,Arbor Homes,Clayton Properties Group,Upcoming,,,Coach,2,2.00,2,2,1159,,1/20/2026,aAaPc00000119OrKAI,Non Active Adult,46147,Jamestown,Boone,18011,"Indianapolis-Carmel-Greenwood, IN",26900,IN,Western Boone County Com Sch District,,,Western Boone Jr-Sr High School,6,Western Boone Jr-Sr High School,6,,39.93163,-86.62914
aAfPc00000163QrKAI,Oberlin/Simplicity,Taylor Morrison,,Active,,,Simplicity 1796,3,2.50,2,2,1796,321000,5/6/2026,aAaPc000000cKnsKAE,Non Active Adult,46113,Camby,Marion,18097,"Indianapolis-Carmel-Greenwood, IN",26900,IN,M S D Decatur Township,West Newton Elementary School,5,Decatur Middle School,3,Decatur Central High School,3,,39.65344,-86.31662
aAfPc000001r4ZhKAI,East Street Towns,Lennar,,Active,,,Talbott II,3,2.50,3,2,2063,419995,5/12/2026,aAaPc000000zdziKAA,Non Active Adult,46074,Westfield,Hamilton,18057,"Indianapolis-Carmel-Greenwood, IN",26900,IN,Westfield-Washington Schools,Westfield Intermediate School; Monon Trail Elementary School,9; 6,Westfield Middle School,9,Westfield High School,10,,40.05821,-86.12448
aAfPc000001PrDRKA0,Eagle Manor,Lennar,,Active,,,Kingston,5,3.00,2,2,2736,388995,5/25/2026,aAaPc00000103SBKAY,Non Active Adult,46239,Indianapolis,Marion,18097,"Indianapolis-Carmel-Greenwood, IN",26900,IN,Franklin Township Com Sch Corp,,,,,Franklin Central High School,9,,39.69312,-86.01847
aAfPc0000021mxVKAQ,Marilyn Woods/Signature Collection,David Weekley Homes,,Active,,,The Elkhart,4,3.00,2,3,3203,559990,5/29/2026,aAaPc000001LHbZKAW,Non Active Adult,46060,Noblesville,Hamilton,18057,"Indianapolis-Carmel-Greenwood, IN",26900,IN,Hamilton Southeastern Schools,Harrison Parkway Elementary School; Sand Creek Intermediate School,8; 7,Fishers Junior High School,7,Fishers High School,10,,39.99443,-85.95267
aAf3x000001QYqPCAW,Auburn Ridge,M/I Homes,,Active,,,Ainsley II,4,2.50,2,2,3160,503990,5/8/2026,aAaPc000000Egb5KAC,Non Active Adult,46112,Brownsburg,Hendricks,18063,"Indianapolis-Carmel-Greenwood, IN",26900,IN,Brownsburg Community Sch Corp,White Lick Elementary School,8,Brownsburg West Middle School,8,Brownsburg High School,10,,39.83231,-86.42558
aAfPc000001jhJZKAY,Sandstone Landings,Pulte Homes,PulteGroup Inc.,Active,,,Dakota,4,2.50,2,2,2644,364990,4/27/2026,aAaPc0000010IlxKAE,Non Active Adult,46168,Plainfield,Hendricks,18063,"Indianapolis-Carmel-Greenwood, IN",26900,IN,Plainfield Community Sch Corp,Central Elementary School,9,Plainfield Com Middle School,8,Plainfield High School,9,,39.71108,-86.43711
aAf3x000001YghjCAC,Ridgefield,Davis Homes,,Active,,,Madison,4,2.50,2,2,1686,257990,5/16/2026,aAa3x000000h1bUCAQ,Non Active Adult,46239,Indianapolis,Marion,18097,"Indianapolis-Carmel-Greenwood, IN",26900,IN,M S D Warren Township,Liberty Park Elementary School; Raymond Park Middle School (7-8),4; 4,Raymond Park Middle School (7-8),4,Warren Central High School,2,,39.72696,-86.03276
aAfPc00000163QrKAI,Oberlin/Simplicity,Taylor Morrison,,Active,,,Simplicity 1953,3,2.50,2,2,1953,332000,5/6/2026,aAaPc000000cKnuKAE,Non Active Adult,46113,Camby,Marion,18097,"Indianapolis-Carmel-Greenwood, IN",26900,IN,M S D Decatur Township,West Newton Elementary School,5,Decatur Middle School,3,Decatur Central High School,3,,39.65344,-86.31662
aAfPc000001kX6rKAE,Centennial of Brownsburg/TH,Davis Homes,,Upcoming,,,Portico,2,2.00,1,2,1769,464990,5/1/2026,aAaPc000001IfXBKA0,Non Active Adult,46112,Brownsburg,Hendricks,18063,"Indianapolis-Carmel-Greenwood, IN",26900,IN,Brownsburg Community Sch Corp,White Lick Elementary School,8,Brownsburg West Middle School,8,Brownsburg High School,10,,39.80269,-86.36523
aAf3x000001YgExCAK,Courtyards of Westfield,EPCON Communities,,Active,,,Palazzo Craftsman,2,2.00,1,2,1520,439900,5/5/2026,aAaPc000000qpmnKAA,Non Active Adult,46074,Westfield,Hamilton,18057,"Indianapolis-Carmel-Greenwood, IN",26900,IN,Westfield-Washington Schools,Westfield Intermediate School; Shamrock Springs Elementary School,9; 8,Westfield Middle School,9,Westfield High School,10,,40.00465,-86.20697
aAf3x000001QdoYCAS,Magnolia Ridge/Crossing,Pulte Homes,PulteGroup Inc.,Active,,,Riverton,4,2.50,2,2,3126,459990,5/26/2026,aAaPc000000qzYrKAI,Non Active Adult,46062,Noblesville,Hamilton,18057,"Indianapolis-Carmel-Greenwood, IN",26900,IN,Noblesville Schools,Noble Crossing Elementary School,8,Noblesville West Middle School,9,Noblesville High School,10,,40.02936,-86.06009
aAfPc000001EjxZKAS,White Oak Estates,Drees Homes,,Active,,,KENDALL,5,3.50,2,3,3666,704900,5/20/2026,aAaPc000000WfjBKAS,Non Active Adult,46123,Avon,Hendricks,18063,"Indianapolis-Carmel-Greenwood, IN",26900,IN,Avon Community School Corp,Sycamore Elementary School; Avon Intermediate School East,8; 6,Avon Middle School North,10,Avon High School,10,,39.79188,-86.39403
aAfPc000001ltJqKAI,Haven at Whitestown,Davis Homes,,Active,,,Dawson,3,2.50,2,2,1811,239990,5/20/2026,aAaPc000000rDQXKA2,Non Active Adult,46075,Whitestown,Boone,18011,"Indianapolis-Carmel-Greenwood, IN",26900,IN,Lebanon Community School Corp,Perry Worth Elementary School,6,Lebanon Middle School,5,Lebanon Senior High School,9,,39.99045,-86.34629
aAf3x000001YhaeCAC,Atwater/Villas,Olthof Homes,,Active,,,Rowan (SFH),4,2.50,2,2,2820,450000,5/23/2026,aAaPc000000C6WHKA0,Non Active Adult,46069,Sheridan,Hamilton,18057,"Indianapolis-Carmel-Greenwood, IN",26900,IN,Westfield-Washington Schools,Westfield Intermediate School; Monon Trail Elementary School,9; 6,Westfield Middle School,9,Westfield High School,10,,40.06794,-86.18028
aAf3x000001WlFcCAK,Edgewood Farms,D.R. Horton,"D.R. Horton, Inc.",Active,,,Chatham,4,2.00,1,2,1771,339900,5/9/2026,aAaPc000000DN1tKAG,Non Active Adult,46239,Indianapolis,Marion,18097,"Indianapolis-Carmel-Greenwood, IN",26900,IN,Franklin Township Com Sch Corp,,,,,Franklin Central High School,9,,39.68241,-86.00724
aAf3x000001QYqPCAW,Auburn Ridge,M/I Homes,,Active,,,Kensington,4,2.50,2,3,3382,499990,5/8/2026,aAaPc000000EgbFKAS,Non Active Adult,46112,Brownsburg,Hendricks,18063,"Indianapolis-Carmel-Greenwood, IN",26900,IN,Brownsburg Community Sch Corp,White Lick Elementary School,8,Brownsburg West Middle School,8,Brownsburg High School,10,,39.83231,-86.42558
aAfPc000001rcOLKAY,Welford at Easton Grey/Manors,Drees Homes,,Upcoming,,,BELLEVILLE II,4,2.50,2,3,2972,541900,4/12/2026,aAaPc0000015fD0KAI,Non Active Adult,46123,Avon,Hendricks,18063,"Indianapolis-Carmel-Greenwood, IN",26900,IN,Avon Community School Corp,River Birch Elementary; Avon Intermediate School East,8; 6,Avon Middle School North,10,Avon High School,10,,39.77407,-86.43379
aAf3x000001WoRWCA0,Hickory Run,M/I Homes,,Active,,,Ainsley II,4,2.50,2,2,3141,439990,5/18/2026,aAaPc0000018rMqKAI,Non Active Adult,46239,Indianapolis,Marion,18097,"Indianapolis-Carmel-Greenwood, IN",26900,IN,Franklin Township Com Sch Corp,,,,,Franklin Central High School,9,,39.68048,-85.99215
aAf3x000001QItnCAG,Edgebrook Preserve,Silverthorne Homes,Clayton Properties Group,Active,,,Arthur,4,2.50,2,0,2606,347995,5/6/2026,aAa3x000000YT0qCAG,Non Active Adult,46239,Indianapolis,Marion,18097,"Indianapolis-Carmel-Greenwood, IN",26900,IN,Franklin Township Com Sch Corp,,,,,Franklin Central High School,9,,39.68209,-85.98408
aAf3x000001WbuhCAC,Fields at New Bethel,D.R. Horton,"D.R. Horton, Inc.",Active,,,Chatham,4,2.00,1,2,1771,322900,4/29/2026,aAa3x000000UNfOCAW,Non Active Adult,46239,Indianapolis,Marion,18097,"Indianapolis-Carmel-Greenwood, IN",26900,IN,Franklin Township Com Sch Corp,,,,,Franklin Central High School,9,,39.69345,-86.00195
aAf3x000001QItnCAG,Edgebrook Preserve,Silverthorne Homes,Clayton Properties Group,Active,,,Monroe,4,2.50,2,2,3310,396995,5/6/2026,aAa3x000000YT0mCAG,Non Active Adult,46239,Indianapolis,Marion,18097,"Indianapolis-Carmel-Greenwood, IN",26900,IN,Franklin Township Com Sch Corp,,,,,Franklin Central High School,9,,39.68209,-85.98408
aAf3x000001Wnx7CAC,Landings at Hobbs Station,Pulte Homes,PulteGroup Inc.,Active,,,Fifth Avenue,3,2.50,2,2,2426,372990,5/18/2026,aAaPc0000005DkxKAE,Non Active Adult,46168,Plainfield,Hendricks,18063,"Indianapolis-Carmel-Greenwood, IN",26900,IN,Avon Community School Corp,Cedar Elementary School; Avon Intermediate School West,7; 7,Avon Middle School South,10,Avon High School,10,,39.72213,-86.35615
aAfPc0000019ebxKAA,Noble Heights Venture,Lennar,,Active,,,Davidson,4,3.00,2,2,2170,339995,4/29/2026,aAaPc000001AqO9KAK,Non Active Adult,46221,Indianapolis,Marion,18097,"Indianapolis-Carmel-Greenwood, IN",26900,IN,M S D Decatur Township,West Newton Elementary School,5,Decatur Middle School,3,Decatur Central High School,3,,39.65265,-86.31888
aAfPc000001M4dtKAC,Rockridge,Taylor Morrison,,Active,,,Legacy 2432,4,2.50,2,2,2432,345000,5/12/2026,aAaPc0000011sWdKAI,Non Active Adult,46229,Warren Twp,Hancock,18059,"Indianapolis-Carmel-Greenwood, IN",26900,IN,New Palestine Community Schools,Sugar Creek Elementary School,6,New Palestine Jr High School,8,New Palestine High School,10,,39.77452,-85.95037
aAfPc000001hdAPKAY,Magnolia Ridge/Designer,Pulte Homes,PulteGroup Inc.,Active,,,Mystique,2,2.00,1,2,1841,416990,5/15/2026,aAaPc000000NjCYKA0,Non Active Adult,46062,Noblesville,Hamilton,18057,"Indianapolis-Carmel-Greenwood, IN",26900,IN,Noblesville Schools,Noble Crossing Elementary School,8,Noblesville West Middle School,9,Noblesville High School,10,,40.02936,-86.06009
aAf3x000001QeudCAC,Miles Farm/Tradition,D.R. Horton,"D.R. Horton, Inc.",Active,,,Aria II,3,2.00,1,2,1601,339900,5/19/2026,aAaPc000001CGgLKAW,Non Active Adult,46122,Danville,Hendricks,18063,"Indianapolis-Carmel-Greenwood, IN",26900,IN,Danville Community School Corp,Danville Middle School; South Elementary School,8; 7,Danville Middle School,8,Danville Community High School,8,,39.76422,-86.53935
aAf3x000001WYtoCAG,Midland,Estridge Homes,,Active,,,The Joliet,3,2.50,2,2,2177,654900,5/7/2026,aAaPc000000WdwPKAS,Non Active Adult,46074,Westfield,Hamilton,18057,"Indianapolis-Carmel-Greenwood, IN",26900,IN,Westfield-Washington Schools,Westfield Intermediate School; Maple Glen Elementary,9; 8,Westfield Middle School,9,Westfield High School,10,,40.03976,-86.18435
aAfPc000001hPPBKA2,Ashton Village/Duplex,Lennar,,Active,,,Trenton,3,2.50,2,2,1781,280995,5/25/2026,aAaPc000001AHoeKAG,Non Active Adult,46268,Indianapolis,Marion,18097,"Indianapolis-Carmel-Greenwood, IN",26900,IN,M S D Pike Township,,,,,Pike High School,4,,39.88994,-86.23618
aAfPc000001sStEKAU,Wild Air Trails,David Weekley Homes,,Upcoming,,,The Independence,3,2.00,2,2,2697,,4/12/2026,aAaPc000001GAcLKAW,Non Active Adult,46077,Zionsville,Boone,18011,"Indianapolis-Carmel-Greenwood, IN",26900,IN,Zionsville Community Schools,Stonegate Elementary; Zionsville West Middle School,8; 8,Zionsville West Middle School,8,Zionsville Community High School,10,,39.95740,-86.30281
aAfPc000001L26HKAS,Evergreen Estates,Olthof Homes,,Active,,,Rosewood,2,1.00,1,2,1609,258362,4/10/2026,aAaPc000000RIiPKAW,Non Active Adult,46140,Greenfield,Hancock,18059,"Indianapolis-Carmel-Greenwood, IN",26900,IN,Greenfield-Central Com Schools,J B Stephens Elementary School; Maxwell Intermediate School,8; 6,Greenfield Central Junior High School,6,Greenfield-Central High School,7,,39.81495,-85.74382
aAf3x000001WjZmCAK,Monon Corner/Arbor,Arbor Homes,Clayton Properties Group,Active,,,The Cooper,4,2.50,2,2,2813,415995,5/10/2026,aAa3x000000UWSGCA4,Non Active Adult,46074,Westfield,Hamilton,18057,"Indianapolis-Carmel-Greenwood, IN",26900,IN,Westfield-Washington Schools,Westfield Intermediate School; Monon Trail Elementary School,9; 6,Westfield Middle School,9,Westfield High School,10,,40.08126,-86.16478
aAf3x000001QYqPCAW,Auburn Ridge,M/I Homes,,Active,,,Kentmore,3,2.50,2,2,2070,405990,5/8/2026,aAaPc000000EgbHKAS,Non Active Adult,46112,Brownsburg,Hendricks,18063,"Indianapolis-Carmel-Greenwood, IN",26900,IN,Brownsburg Community Sch Corp,White Lick Elementary School,8,Brownsburg West Middle School,8,Brownsburg High School,10,,39.83231,-86.42558
aAf3x000001WYwxCAG,Woodfield Pointe,Arbor Homes,Clayton Properties Group,Active,,,Aspen II,4,2.50,2,2,2176,294995,5/15/2026,aAa3x000000ZbxXCAS,Non Active Adult,46140,Greenfield,Hancock,18059,"Indianapolis-Carmel-Greenwood, IN",26900,IN,Greenfield-Central Com Schools,Weston Elementary School; Greenfield Intermediate School,5; 5,Greenfield Central Junior High School,6,Greenfield-Central High School,7,,39.78944,-85.81685
aAfPc0000016Bt3KAE,Union Woodlands,Lennar,,Active,,,Sullivan,3,3.00,1,3,2550,609995,4/27/2026,aAaPc0000013XDZKA2,Non Active Adult,46077,Zionsville,Boone,18011,"Indianapolis-Carmel-Greenwood, IN",26900,IN,Zionsville Community Schools,Zionsville Middle School; Union Elementary School,9; 8,Zionsville Middle School,9,Zionsville Community High School,10,,40.00931,-86.25374
aAfPc000001gqrQKAQ,Westfall Place,Arbor Homes,Clayton Properties Group,Active,,,Palmetto,4,2.50,2,2,2580,311995,5/16/2026,aAaPc000000wGXwKAM,Non Active Adult,46071,Thorntown,Boone,18011,"Indianapolis-Carmel-Greenwood, IN",26900,IN,Western Boone County Com Sch District,,,Western Boone Jr-Sr High School,6,Western Boone Jr-Sr High School,6,,40.12700,-86.62602
aAf3x000001QYqPCAW,Auburn Ridge,M/I Homes,,Active,,,Drake Basement,4,2.50,2,3,2884,552990,5/8/2026,aAaPc000000EgbAKAS,Non Active Adult,46112,Brownsburg,Hendricks,18063,"Indianapolis-Carmel-Greenwood, IN",26900,IN,Brownsburg Community Sch Corp,White Lick Elementary School,8,Brownsburg West Middle School,8,Brownsburg High School,10,,39.83231,-86.42558
aAf2T000001ULX7SAO,Mt Vernon North,D.R. Horton,"D.R. Horton, Inc.",Active,,,Chatham,4,2.00,1,2,1771,342900,4/25/2026,aAaPc0000009pEUKAY,Non Active Adult,46040,Fortville,Hancock,18059,"Indianapolis-Carmel-Greenwood, IN",26900,IN,Mt Vernon Community Sch Corp,Fortville Elementary School,7,Mt Vernon Middle School,6,Mt Vernon High School,8,,39.91192,-85.84315
aAfPc0000012lQTKAY,Liberty Junction/ TH,Drees Homes,,Upcoming,,,Hensley,3,2.50,2,2,1967,300000,5/26/2026,aAaPc000001LGnZKAW,Non Active Adult,46112,Brownsburg,Hendricks,18063,"Indianapolis-Carmel-Greenwood, IN",26900,IN,Brownsburg Community Sch Corp,White Lick Elementary School,8,Brownsburg West Middle School,8,Brownsburg High School,10,,39.80694,-86.36333
aAfPc000000GNezKAG,Grand Vista/Venture,Lennar,,Active,,,Kingston,5,3.00,2,2,2736,402995,5/6/2026,aAaPc000000NKebKAG,Non Active Adult,46143,Greenwood,Johnson,18081,"Indianapolis-Carmel-Greenwood, IN",26900,IN,Clark-Pleasant Com School Corp,Clark Elementary School,6,Clark Pleasant Middle School,7,Whiteland Community High School,5,,39.59127,-86.04610
aAfPc000000SpUDKA0,Pebble Brook Crossing,Drees Homes,,Active,,,BUCHANAN,4,2.50,2,2,2718,594000,5/20/2026,aAaPc000000CHl8KAG,Non Active Adult,46062,Noblesville,Hamilton,18057,"Indianapolis-Carmel-Greenwood, IN",26900,IN,Noblesville Schools,Hazel Dell Elementary School,7,Noblesville West Middle School,9,Noblesville High School,10,,40.06461,-86.08762
aAfPc000001liUyKAI,Whispering Pines,Pulte Homes,PulteGroup Inc.,Upcoming,,,Waverly,4,2.50,2,2,3290,,4/12/2026,aAaPc000001AZNJKA4,Non Active Adult,46123,Avon,Hendricks,18063,"Indianapolis-Carmel-Greenwood, IN",26900,IN,Avon Community School Corp,Avon Intermediate School West; Pine Tree Elementary School,7; 7,Avon Middle School South,10,Avon High School,10,,39.76067,-86.41445
aAf3x000001WoRWCA0,Hickory Run,M/I Homes,,Active,,,Akerman II,4,2.50,2,2,2469,345990,5/18/2026,aAaPc000000ATAqKAO,Non Active Adult,46239,Indianapolis,Marion,18097,"Indianapolis-Carmel-Greenwood, IN",26900,IN,Franklin Township Com Sch Corp,,,,,Franklin Central High School,9,,39.68048,-85.99215
aAf3x000001QbssCAC,Hidden Hills,Taylor Morrison,,Active,,,Exclusives 2867,4,2.50,2,2,2867,449000,5/18/2026,aAaPc000000ustlKAA,Non Active Adult,46167,Pittsboro,Hendricks,18063,"Indianapolis-Carmel-Greenwood, IN",26900,IN,North West Hendricks Schools,Pittsboro Elementary; Pittsboro Primary School,9; 0,Tri-West Middle School,9,Tri-West Senior High School,9,,39.87140,-86.45638
aAfPc000001gSKzKAM,Langdon Crossing,Arbor Homes,Clayton Properties Group,Active,,,Aspen II,4,2.50,2,2,2176,329995,3/12/2026,aAaPc0000015fDuKAI,Non Active Adult,46030,Arcadia,Hamilton,18057,"Indianapolis-Carmel-Greenwood, IN",26900,IN,Hamilton Heights School Corp,Hamilton Heights Middle School; Hamilton Heights Elementary School,8; 6,Hamilton Heights Middle School,8,Hamilton Heights High School,8,,40.16554,-86.02772
aAf3x000001WYtoCAG,Midland,Estridge Homes,,Active,,,The Albany,3,2.00,1,2,2066,601900,5/7/2026,aAaPc000000QdlhKAC,Non Active Adult,46074,Westfield,Hamilton,18057,"Indianapolis-Carmel-Greenwood, IN",26900,IN,Westfield-Washington Schools,Westfield Intermediate School; Maple Glen Elementary,9; 8,Westfield Middle School,9,Westfield High School,10,,40.03976,-86.18435
aAfPc000001fCsvKAE,Courtyards of Cielo Ranch,EPCON Communities,,Active,,,Torino,3,3.00,1,2,1962,749665,4/25/2026,aAaPc0000013NVrKAM,Active Adult,46074,Westfield,Hamilton,18057,"Indianapolis-Carmel-Greenwood, IN",26900,IN,Westfield-Washington Schools,Westfield Intermediate School; Oak Trace Elementary School,9; 8,Westfield Middle School,9,Westfield High School,10,,40.02250,-86.13990
aAf3x000001QbssCAC,Hidden Hills,Taylor Morrison,,Active,,,Legacy 1843,3,2.50,2,2,1843,345000,5/18/2026,aAaPc000000LA4PKAW,Non Active Adult,46167,Pittsboro,Hendricks,18063,"Indianapolis-Carmel-Greenwood, IN",26900,IN,North West Hendricks Schools,Pittsboro Elementary; Pittsboro Primary School,9; 0,Tri-West Middle School,9,Tri-West Senior High School,9,,39.87140,-86.45638
aAf3x000001Qd2HCAS,Brunson's Landing,D.R. Horton,"D.R. Horton, Inc.",Active,,,Aria II,3,2.00,1,2,1601,295900,5/8/2026,aAaPc0000019di6KAA,Non Active Adult,46140,Greenfield,Hancock,18059,"Indianapolis-Carmel-Greenwood, IN",26900,IN,Greenfield-Central Com Schools,Greenfield Intermediate School; Weston Elementary School,5; 5,Greenfield Central Junior High School,6,Greenfield-Central High School,7,,39.80169,-85.78519
aAf2T000001MbYBSA0,Waterfront of West Clay/Island,Shoopman Homes,,Active,,,Eagle,4,4.50,2,3,4966,1345900,5/25/2026,aAa2T000000okjBSAQ,Non Active Adult,46077,Zionsville,Hamilton,18057,"Indianapolis-Carmel-Greenwood, IN",26900,IN,Carmel Clay Schools,West Clay Elementary,9,Creekside Middle School,10,Carmel High School,10,,39.95694,-86.23909
aAf3x000001QWMGCA4,Haven Ponds,Silverthorne Homes,Clayton Properties Group,Active,,,Van Buren,4,2.50,2,2,2929,412995,5/12/2026,aAaPc00000096lkKAA,Non Active Adult,46055,McCordsville,Hancock,18059,"Indianapolis-Carmel-Greenwood, IN",26900,IN,Mt Vernon Community Sch Corp,McCordsville Elementary School,6,Mt Vernon Middle School,6,Mt Vernon High School,8,,39.92797,-85.89899
aAf3x000001WbuhCAC,Fields at New Bethel,D.R. Horton,"D.R. Horton, Inc.",Active,,,Henley,5,3.00,2,2,2600,349900,4/29/2026,aAa3x000000UNfYCAW,Non Active Adult,46239,Indianapolis,Marion,18097,"Indianapolis-Carmel-Greenwood, IN",26900,IN,Franklin Township Com Sch Corp,,,,,Franklin Central High School,9,,39.69345,-86.00195
aAf3x000001QYOMCA4,Trescott Gardens,Drees Homes,,Active,,,BELLEVILLE II,4,2.50,2,3,2972,482900,5/22/2026,aAaPc000000Xn7mKAC,Non Active Adult,46168,Plainfield,Hendricks,18063,"Indianapolis-Carmel-Greenwood, IN",26900,IN,Plainfield Community Sch Corp,Clarks Creek Elementary,5,Plainfield Com Middle School,8,Plainfield High School,9,,39.67444,-86.40719
aAfPc0000012R5BKAU,Towns at Union/ TH,Pulte Homes,PulteGroup Inc.,Active,,,Isleton,3,2.50,3,2,2387,417035,5/25/2026,aAaPc000000olCWKAY,Non Active Adult,46074,Westfield,Hamilton,18057,"Indianapolis-Carmel-Greenwood, IN",26900,IN,Westfield-Washington Schools,Westfield Intermediate School; Carey Ridge Elementary School,9; 8,Westfield Middle School,9,Westfield High School,10,,40.03254,-86.12795
aAfPc0000016CXNKA2,Harvest Trail of Westfield/Courtyard Collection,David Weekley Homes,,Active,,,Embassy,3,2.50,2,2,1773,369990,4/11/2026,aAaPc000000RtJlKAK,Non Active Adult,46074,Westfield,Hamilton,18057,"Indianapolis-Carmel-Greenwood, IN",26900,IN,Westfield-Washington Schools,Westfield Intermediate School; Monon Trail Elementary School,9; 6,Westfield Middle School,9,Westfield High School,10,,40.06467,-86.14415
aAfPc000001kVOPKA2,Mohawk Trails,Lennar,,Active,,,Seabrook,3,3.00,1,2,2225,397995,5/6/2026,aAaPc0000012lIlKAI,Non Active Adult,46140,Greenfield,Hancock,18059,"Indianapolis-Carmel-Greenwood, IN",26900,IN,Greenfield-Central Com Schools,Weston Elementary School; Greenfield Intermediate School,5; 5,Greenfield Central Junior High School,6,Greenfield-Central High School,7,,39.78647,-85.83935
aAfPc000001kVOPKA2,Mohawk Trails,Lennar,,Active,,,Sycamore II,5,3.00,2,2,2247,360995,5/6/2026,aAaPc0000013fvpKAA,Non Active Adult,46140,Greenfield,Hancock,18059,"Indianapolis-Carmel-Greenwood, IN",26900,IN,Greenfield-Central Com Schools,Weston Elementary School; Greenfield Intermediate School,5; 5,Greenfield Central Junior High School,6,Greenfield-Central High School,7,,39.78647,-85.83935
aAfPc000000reB8KAI,Abbott Commons/Venture,Lennar,,Active,,,Broadmoor,4,2.50,2,2,2011,396995,5/29/2026,aAaPc000000TWRSKA4,Non Active Adult,46037,Fishers,Hamilton,18057,"Indianapolis-Carmel-Greenwood, IN",26900,IN,Hamilton Southeastern Schools,Hamilton Southeastern Jr High School; Southeastern Elementary School,9; 7,Hamilton Southeastern Jr High School,9,Hamilton Southeastern High School,10,,39.98846,-85.89194
aAf3x000001Qh4yCAC,Scottsdale Estates,Arbor Homes,Clayton Properties Group,Active,,,Chestnut,3,2.00,1,0,1801,319995,5/21/2026,aAaPc00000087XUKAY,Non Active Adult,46143,Greenwood,Johnson,18081,"Indianapolis-Carmel-Greenwood, IN",26900,IN,Clark-Pleasant Com School Corp,Pleasant Crossing Elementary,7,Clark Pleasant Middle School,7,Whiteland Community High School,5,,39.55660,-86.14305
aAf3x000001QVVICA4,Carramore,Drees Homes,,Active,,,CRESTVIEW,5,3.00,2,2,2929,564900,5/13/2026,aAaPc000000gNTnKAM,Non Active Adult,46069,Sheridan,Hamilton,18057,"Indianapolis-Carmel-Greenwood, IN",26900,IN,Westfield-Washington Schools,Westfield Intermediate School; Monon Trail Elementary School,9; 6,Westfield Middle School,9,Westfield High School,10,,40.07796,-86.16111
aAfPc000000CGcKKAW,Summerton/Summerton Ranch,Lennar,,Active,,,Ashbury,3,2.00,1,2,1800,373995,5/23/2026,aAaPc00000034UlKAI,Non Active Adult,46055,McCordsville,Hancock,18059,"Indianapolis-Carmel-Greenwood, IN",26900,IN,Mt Vernon Community Sch Corp,McCordsville Elementary School,6,Mt Vernon Middle School,6,Mt Vernon High School,8,,39.91468,-85.90628
aAfPc000001Hkh0KAC,CityPointe,M/I Homes,,Active,,,Valhalla,3,2.50,2,2,1755,381990,5/20/2026,aAaPc000000V6iuKAC,Non Active Adult,46240,Indianapolis,Marion,18097,"Indianapolis-Carmel-Greenwood, IN",26900,IN,M S D Washington Township,Nora Elementary School,5,Northview Middle School,5,North Central High School,7,,39.92505,-86.13075
aAfPc000001qNZjKAM,Darlington Villas/Arbor,Arbor Homes,Clayton Properties Group,Active,,,Norway,4,2.50,2,2,2961,321995,5/25/2026,aAaPc000001BHBgKAO,Non Active Adult,46147,Jamestown,Boone,18011,"Indianapolis-Carmel-Greenwood, IN",26900,IN,Western Boone County Com Sch District,,,Western Boone Jr-Sr High School,6,Western Boone Jr-Sr High School,6,,39.93518,-86.62913
aAf3x000001WrRNCA0,Grassy Creek South,Arbor Homes,Clayton Properties Group,Active,,,Empress,5,2.50,2,2,3198,324995,5/12/2026,aAa3x000000YSyeCAG,Non Active Adult,46239,Indianapolis,Marion,18097,"Indianapolis-Carmel-Greenwood, IN",26900,IN,M S D Warren Township,Creston Middle School; Grassy Creek Elementary School,4; 3,Creston Middle School,4,Warren Central High School,2,,39.74331,-85.97090
aAfPc000001logjKAA,Saratoga Village/Frontload,Lennar,,Active,,,Foxhall,3,3.50,3,2,2346,322995,5/23/2026,aAaPc000000zdzdKAA,Non Active Adult,46168,Plainfield,Hendricks,18063,"Indianapolis-Carmel-Greenwood, IN",26900,IN,Plainfield Community Sch Corp,Central Elementary School,9,Plainfield Com Middle School,8,Plainfield High School,9,,39.70128,-86.42016
aAf3x000001Qd2HCAS,Brunson's Landing,D.R. Horton,"D.R. Horton, Inc.",Active,,,Aldridge,3,2.00,1,2,1272,270900,5/8/2026,aAaPc000000JPuNKAW,Non Active Adult,46140,Greenfield,Hancock,18059,"Indianapolis-Carmel-Greenwood, IN",26900,IN,Greenfield-Central Com Schools,Greenfield Intermediate School; Weston Elementary School,5; 5,Greenfield Central Junior High School,6,Greenfield-Central High School,7,,39.80169,-85.78519
aAf3x000001QNemCAG,The Cove,Fischer Homes,,Active,,,Wyatt,4,2.50,2,0,2731,522990,4/30/2026,aAa3x000000ZiVmCAK,Non Active Adult,46040,Fishers,Hamilton,18057,"Indianapolis-Carmel-Greenwood, IN",26900,IN,Hamilton Southeastern Schools,Hamilton Southeastern Jr High School; Southeastern Elementary School,9; 7,Hamilton Southeastern Jr High School,9,Hamilton Southeastern High School,10,,39.96309,-85.89215
aAf3x000001Qh4yCAC,Scottsdale Estates,Arbor Homes,Clayton Properties Group,Active,,,Norway,5,2.50,2,2,2961,368995,5/21/2026,aAaPc00000087XWKAY,Non Active Adult,46143,Greenwood,Johnson,18081,"Indianapolis-Carmel-Greenwood, IN",26900,IN,Clark-Pleasant Com School Corp,Pleasant Crossing Elementary,7,Clark Pleasant Middle School,7,Whiteland Community High School,5,,39.55660,-86.14305
aAf3x000001QNemCAG,The Cove,Fischer Homes,,Active,,,Linden,3,2.00,1,0,2064,446990,4/30/2026,aAaPc000000QulVKAS,Non Active Adult,46040,Fishers,Hamilton,18057,"Indianapolis-Carmel-Greenwood, IN",26900,IN,Hamilton Southeastern Schools,Hamilton Southeastern Jr High School; Southeastern Elementary School,9; 7,Hamilton Southeastern Jr High School,9,Hamilton Southeastern High School,10,,39.96309,-85.89215
aAf3x000001QYOLCA4,Trescott Overlook,Drees Homes,,Active,,,PARKETTE,3,2.00,1,3,2284,490900,5/18/2026,aAa3x000000ZfW6CAK,Non Active Adult,46168,Plainfield,Hendricks,18063,"Indianapolis-Carmel-Greenwood, IN",26900,IN,Plainfield Community Sch Corp,Clarks Creek Elementary,5,Plainfield Com Middle School,8,Plainfield High School,9,,39.67444,-86.40719
aAfPc000000JoBEKA0,Courtyards of Russell Oaks,EPCON Communities,,Active,,,Promenade,2,2.00,1,2,2054,596900,5/29/2026,aAaPc000000FN2mKAG,Non Active Adult,46077,Zionsville,Boone,18011,"Indianapolis-Carmel-Greenwood, IN",26900,IN,Zionsville Community Schools,Stonegate Elementary; Zionsville West Middle School,8; 8,Zionsville West Middle School,8,Zionsville Community High School,10,,39.94980,-86.29671
aAf2T000001MbYESA0,Waterfront of West Clay/Penninsula,Shoopman Homes,,Active,,,Dove,5,4.00,2,3,3933,1081900,5/25/2026,aAa3x000000UTmgCAG,Non Active Adult,46077,Zionsville,Hamilton,18057,"Indianapolis-Carmel-Greenwood, IN",26900,IN,Carmel Clay Schools,West Clay Elementary,9,Creekside Middle School,10,Carmel High School,10,,39.95694,-86.23909
aAf3x000001WlFcCAK,Edgewood Farms,D.R. Horton,"D.R. Horton, Inc.",Active,,,Cortland,4,3.00,1,3,2278,380900,5/9/2026,aAaPc000000NksuKAC,Non Active Adult,46239,Indianapolis,Marion,18097,"Indianapolis-Carmel-Greenwood, IN",26900,IN,Franklin Township Com Sch Corp,,,,,Franklin Central High School,9,,39.68241,-86.00724
aAfPc000001tIADKA2,Emerald Preserve,Fischer Homes,,Active,,,Beacon,2,2.00,1,2,1419,320990,5/16/2026,aAaPc0000016SXIKA2,Non Active Adult,46239,Indianapolis,Marion,18097,"Indianapolis-Carmel-Greenwood, IN",26900,IN,Franklin Township Com Sch Corp,,,,,Franklin Central High School,9,,39.69260,-85.99509
aAfPc0000016CYzKAM,Harvest Trail of Westfield/Executive Collection,David Weekley Homes,,Active,,,Spiceland,4,3.00,1,3,2468,711990,4/15/2026,aAaPc000000RsPJKA0,Non Active Adult,46074,Westfield,Hamilton,18057,"Indianapolis-Carmel-Greenwood, IN",26900,IN,Westfield-Washington Schools,Westfield Intermediate School; Monon Trail Elementary School,9; 6,Westfield Middle School,9,Westfield High School,10,,40.06467,-86.14415
aAfPc000000reB9KAI,Abbott Commons/TH,Lennar,,Active,,,Trenton,3,2.50,2,2,1706,325995,5/29/2026,aAaPc000000TWRRKA4,Non Active Adult,46037,Fishers,Hamilton,18057,"Indianapolis-Carmel-Greenwood, IN",26900,IN,Hamilton Southeastern Schools,Hamilton Southeastern Jr High School; Southeastern Elementary School,9; 7,Hamilton Southeastern Jr High School,9,Hamilton Southeastern High School,10,,39.98846,-85.89194
aAf3x000001QisLCAS,Jackson Run,Ryan Homes,NVR Inc.,Active,,,Grand Bahama,3,2.00,1,2,1338,279990,5/8/2026,aAaPc000001AUnRKAW,Non Active Adult,46075,Whitestown,Boone,18011,"Indianapolis-Carmel-Greenwood, IN",26900,IN,Lebanon Community School Corp,Perry Worth Elementary School,6,Lebanon Middle School,5,Lebanon Senior High School,9,,40.01014,-86.33408
aAf3x000001QOsCCAW,Sagebrook West/Villas,M/I Homes,,Active,,,Bella Vista,2,2.00,1,2,1495,266990,3/30/2026,aAa3x000000Zf49CAC,Non Active Adult,46239,Indianapolis,Marion,18097,"Indianapolis-Carmel-Greenwood, IN",26900,IN,Franklin Township Com Sch Corp,,,,,Franklin Central High School,9,,39.69289,-85.97854
aAf3x000001YafaCAC,Heron Creek,Arbor Homes,Clayton Properties Group,Active,,,Bradford,3,2.00,1,0,1613,277995,5/10/2026,aAa3x000000gaItCAI,Non Active Adult,46140,Greenfield,Hancock,18059,"Indianapolis-Carmel-Greenwood, IN",26900,IN,Mt Vernon Community Sch Corp,Mt Comfort Elementary School,6,Mt Vernon Middle School,6,Mt Vernon High School,8,,39.80734,-85.92481
aAf3x000001WeIxCAK,Silver Stream,Arbor Homes,Clayton Properties Group,Active,,,Cooper,4,2.50,2,0,2813,314995,5/21/2026,aAa3x000000UEQHCA4,Non Active Adult,46235,Indianapolis,Marion,18097,"Indianapolis-Carmel-Greenwood, IN",26900,IN,M S D Lawrence Township,Indian Creek Elementary School,4,Fall Creek Valley Middle School,5,Lawrence North High School,5,,39.84161,-85.98043
aAf3x000001QYOLCA4,Trescott Overlook,Drees Homes,,Active,,,HUTTON,5,4.50,2,3,3246,559900,5/18/2026,aAaPc000001IZJ2KAO,Non Active Adult,46168,Plainfield,Hendricks,18063,"Indianapolis-Carmel-Greenwood, IN",26900,IN,Plainfield Community Sch Corp,Clarks Creek Elementary,5,Plainfield Com Middle School,8,Plainfield High School,9,,39.67444,-86.40719
aAfPc000000zi49KAA,Flora/TH,Onyx+East,,Active,,,Chatham Balcony,2,2.50,3,2,2137,468250,5/13/2026,aAaPc0000016PJJKA2,Non Active Adult,46290,Carmel,Hamilton,18057,"Indianapolis-Carmel-Greenwood, IN",26900,IN,Carmel Clay Schools,Towne Meadow Elementary School,9,Creekside Middle School,10,Carmel High School,10,,39.93223,-86.16525
aAfPc000001j1PBKAY,Ravinia/Venture,Lennar,,Active,,,Paddington,5,3.50,2,3,3020,492995,5/19/2026,aAaPc000000zdzaKAA,Non Active Adult,46074,Westfield,Hamilton,18057,"Indianapolis-Carmel-Greenwood, IN",26900,IN,Westfield-Washington Schools,Westfield Intermediate School; Maple Glen Elementary,9; 8,Westfield Middle School,9,Westfield High School,10,,40.02861,-86.19191
aAf3x000001QKUpCAO,Vintners Park Estates,Drees Homes,,Active,,,SHELBURN,3,2.50,1,3,2294,636900,5/19/2026,aAa3x000000YejGCAS,Non Active Adult,46055,McCordsville,Hancock,18059,"Indianapolis-Carmel-Greenwood, IN",26900,IN,Mt Vernon Community Sch Corp,McCordsville Elementary School,6,Mt Vernon Middle School,6,Mt Vernon High School,8,,39.91338,-85.92927
aAf3x000001WjZmCAK,Monon Corner/Arbor,Arbor Homes,Clayton Properties Group,Active,,,Aspen II,4,2.50,2,2,2176,384995,5/10/2026,aAa3x000000Yee7CAC,Non Active Adult,46074,Westfield,Hamilton,18057,"Indianapolis-Carmel-Greenwood, IN",26900,IN,Westfield-Washington Schools,Westfield Intermediate School; Monon Trail Elementary School,9; 6,Westfield Middle School,9,Westfield High School,10,,40.08126,-86.16478
aAf3x000001WYtoCAG,Midland,Estridge Homes,,Active,,,The Camden,3,2.50,1,3,2335,624900,5/7/2026,aAaPc000001J4KHKA0,Non Active Adult,46074,Westfield,Hamilton,18057,"Indianapolis-Carmel-Greenwood, IN",26900,IN,Westfield-Washington Schools,Westfield Intermediate School; Maple Glen Elementary,9; 8,Westfield Middle School,9,Westfield High School,10,,40.03976,-86.18435
aAfPc000001EjxZKAS,White Oak Estates,Drees Homes,,Active,,,CHAMP,5,4.50,2,2,3504,710900,5/20/2026,aAaPc000001CavpKAC,Non Active Adult,46123,Avon,Hendricks,18063,"Indianapolis-Carmel-Greenwood, IN",26900,IN,Avon Community School Corp,Sycamore Elementary School; Avon Intermediate School East,8; 6,Avon Middle School North,10,Avon High School,10,,39.79188,-86.39403
aAfPc0000016CYzKAM,Harvest Trail of Westfield/Executive Collection,David Weekley Homes,,Active,,,Paddock,4,3.50,1,3,2841,749990,4/15/2026,aAaPc000000RsSXKA0,Non Active Adult,46074,Westfield,Hamilton,18057,"Indianapolis-Carmel-Greenwood, IN",26900,IN,Westfield-Washington Schools,Westfield Intermediate School; Monon Trail Elementary School,9; 6,Westfield Middle School,9,Westfield High School,10,,40.06467,-86.14415
aAf3x000001YafaCAC,Heron Creek,Arbor Homes,Clayton Properties Group,Active,,,Norway,5,2.50,2,2,2961,339995,5/10/2026,aAa3x000000gaInCAI,Non Active Adult,46140,Greenfield,Hancock,18059,"Indianapolis-Carmel-Greenwood, IN",26900,IN,Mt Vernon Community Sch Corp,Mt Comfort Elementary School,6,Mt Vernon Middle School,6,Mt Vernon High School,8,,39.80734,-85.92481
aAf3x000001WdgGCAS,Fairview West,Olthof Homes,,Active,,,Oakmont,4,2.50,2,3,2897,464000,4/6/2026,aAa3x000000UiqACAS,Non Active Adult,46112,Brownsburg,Hendricks,18063,"Indianapolis-Carmel-Greenwood, IN",26900,IN,Brownsburg Community Sch Corp,Delaware Trail Elementary School,9,Brownsburg East Middle School,9,Brownsburg High School,10,,39.86584,-86.42391
aAf3x000001YhaeCAC,Atwater/Villas,Olthof Homes,,Active,,,Aspen (SFH),4,2.50,2,2,2353,420400,5/23/2026,aAaPc000000KQnxKAG,Non Active Adult,46069,Sheridan,Hamilton,18057,"Indianapolis-Carmel-Greenwood, IN",26900,IN,Westfield-Washington Schools,Westfield Intermediate School; Monon Trail Elementary School,9; 6,Westfield Middle School,9,Westfield High School,10,,40.06794,-86.18028
aAfPc000001yvnlKAA,Wood Wind Landing,Fischer Homes,,Active,,,Paxton,4,2.00,2,2,4069,848990,5/19/2026,aAaPc000001FiGxKAK,Non Active Adult,46074,Westfield,Hamilton,18057,"Indianapolis-Carmel-Greenwood, IN",26900,IN,Westfield-Washington Schools,Westfield Intermediate School; Shamrock Springs Elementary School,9; 8,Westfield Middle School,9,Westfield High School,10,,40.02774,-86.19140
aAfPc000000PEhJKAW,Fox Creek/Tradition,D.R. Horton,"D.R. Horton, Inc.",Active,,,Cortland,4,3.00,1,3,2278,410900,5/8/2026,aAaPc000000RQo1KAG,Non Active Adult,46118,Clayton,Hendricks,18063,"Indianapolis-Carmel-Greenwood, IN",26900,IN,Mill Creek Community Sch Corp,,,,,Cascade Senior High School,10,,39.67777,-86.45757
aAfPc0000016BkzKAE,Noble West Townhomes,Lennar,,Upcoming,,,Meridian,3,2.50,3,2,2379,,5/13/2026,aAaPc000001DdqzKAC,Non Active Adult,46033,Noblesville,Hamilton,18057,"Indianapolis-Carmel-Greenwood, IN",26900,IN,Noblesville Schools,Noble Crossing Elementary School,8,Noblesville West Middle School,9,Noblesville High School,10,,40.00584,-86.06971
aAf3x000001WYtoCAG,Midland,Estridge Homes,,Active,,,The Lanier,3,2.50,3,3,3011,777900,5/7/2026,aAaPc000001J4P7KAK,Non Active Adult,46074,Westfield,Hamilton,18057,"Indianapolis-Carmel-Greenwood, IN",26900,IN,Westfield-Washington Schools,Westfield Intermediate School; Maple Glen Elementary,9; 8,Westfield Middle School,9,Westfield High School,10,,40.03976,-86.18435
aAf3x000001WYtoCAG,Midland,Estridge Homes,,Active,,,The Vandalia,3,2.00,1,2,1862,610900,5/7/2026,aAaPc000000WdwRKAS,Non Active Adult,46074,Westfield,Hamilton,18057,"Indianapolis-Carmel-Greenwood, IN",26900,IN,Westfield-Washington Schools,Westfield Intermediate School; Maple Glen Elementary,9; 8,Westfield Middle School,9,Westfield High School,10,,40.03976,-86.18435
aAf3x000001WjZmCAK,Monon Corner/Arbor,Arbor Homes,Clayton Properties Group,Active,,,The Chestnut,3,2.00,1,2,1801,366995,5/10/2026,aAa3x000000UWSBCA4,Non Active Adult,46074,Westfield,Hamilton,18057,"Indianapolis-Carmel-Greenwood, IN",26900,IN,Westfield-Washington Schools,Westfield Intermediate School; Monon Trail Elementary School,9; 6,Westfield Middle School,9,Westfield High School,10,,40.08126,-86.16478
aAf3x000001WYwsCAG,Trailside,D.R. Horton,"D.R. Horton, Inc.",Active,,,Harmony,3,2.00,1,2,1503,343900,5/29/2026,aAaPc00000065YgKAI,Non Active Adult,46075,Whitestown,Boone,18011,"Indianapolis-Carmel-Greenwood, IN",26900,IN,Lebanon Community School Corp,Perry Worth Elementary School,6,Lebanon Middle School,5,Lebanon Senior High School,9,,40.00540,-86.34623
aAf3x000001QP13CAG,Brookstone Crossings,Pulte Homes,PulteGroup Inc.,Active,,,Riverton,4,2.50,2,2,3126,429990,5/12/2026,aAa3x000000ZgYyCAK,Non Active Adult,46123,Avon,Hendricks,18063,"Indianapolis-Carmel-Greenwood, IN",26900,IN,Avon Community School Corp,Sycamore Elementary School; Avon Intermediate School East,8; 6,Avon Middle School North,10,Avon High School,10,,39.77761,-86.35361
aAf3x000001WVQKCA4,Colere/TH,Onyx+East,,Active,,,Colere Madrona,2,2.50,4,2,1551,449900,4/25/2026,aAa3x000000U2SrCAK,Non Active Adult,46203,Indianapolis,Marion,18097,"Indianapolis-Carmel-Greenwood, IN",26900,IN,Indianapolis Public Schools,Thomas D. Gregg School 15; Brookside School 54,4; 4,Arlington Community Middle School,5,Arsenal Technical High School; George Washington Community High School...,1; 1,,39.75991,-86.13602
aAfPc000000EW9hKAG,Manors at Avon/Designer,Fischer Homes,,Active,,,Winston,4,2.50,2,2,2826,506990,5/25/2026,aAaPc0000010P4HKAU,Non Active Adult,46123,Avon,Hendricks,18063,"Indianapolis-Carmel-Greenwood, IN",26900,IN,Avon Community School Corp,River Birch Elementary; Avon Intermediate School East,8; 6,Avon Middle School North,10,Avon High School,10,,39.78371,-86.40136
aAf3x000001QWMGCA4,Haven Ponds,Silverthorne Homes,Clayton Properties Group,Active,,,Taylor,3,2.50,1,2,2001,371995,5/12/2026,aAaPc00000096lnKAA,Non Active Adult,46055,McCordsville,Hancock,18059,"Indianapolis-Carmel-Greenwood, IN",26900,IN,Mt Vernon Community Sch Corp,McCordsville Elementary School,6,Mt Vernon Middle School,6,Mt Vernon High School,8,,39.92797,-85.89899
aAfPc000000eJU1KAM,Timbers Architectural SL,Lennar,,Active,,,3100,5,3.50,2,3,3037,657995,5/6/2026,aAaPc000000CbQmKAK,Non Active Adult,46062,Noblesville,Hamilton,18057,"Indianapolis-Carmel-Greenwood, IN",26900,IN,Noblesville Schools,Hinkle Creek Elementary School,8,Noblesville West Middle School,9,Noblesville High School,10,,40.06832,-86.06257
aAf3x000001WTvqCAG,Atwater/ Duplexes,Olthof Homes,,Active,,,Cordoba (Paired Villas),2,2.00,1,2,1515,305500,5/23/2026,aAaPc000000KQrBKAW,Non Active Adult,46069,Sheridan,Hamilton,18057,"Indianapolis-Carmel-Greenwood, IN",26900,IN,Westfield-Washington Schools,Westfield Intermediate School; Monon Trail Elementary School,9; 6,Westfield Middle School,9,Westfield High School,10,,40.06794,-86.18028
aAf3x000001QYOLCA4,Trescott Overlook,Drees Homes,,Active,,,SHELBURN,3,2.50,1,2,2294,473900,5/18/2026,aAa3x000000ZfW1CAK,Non Active Adult,46168,Plainfield,Hendricks,18063,"Indianapolis-Carmel-Greenwood, IN",26900,IN,Plainfield Community Sch Corp,Clarks Creek Elementary,5,Plainfield Com Middle School,8,Plainfield High School,9,,39.67444,-86.40719
aAf3x000001YgExCAK,Courtyards of Westfield,EPCON Communities,,Active,,,Portico Craftsman,2,2.00,1,2,1769,472900,5/5/2026,aAaPc000000qpmmKAA,Non Active Adult,46074,Westfield,Hamilton,18057,"Indianapolis-Carmel-Greenwood, IN",26900,IN,Westfield-Washington Schools,Westfield Intermediate School; Shamrock Springs Elementary School,9; 8,Westfield Middle School,9,Westfield High School,10,,40.00465,-86.20697
aAf3x000001QYOLCA4,Trescott Overlook,Drees Homes,,Active,,,VANDERBURGH,4,2.50,2,2,3252,567900,5/18/2026,aAa3x000000ZfW0CAK,Non Active Adult,46168,Plainfield,Hendricks,18063,"Indianapolis-Carmel-Greenwood, IN",26900,IN,Plainfield Community Sch Corp,Clarks Creek Elementary,5,Plainfield Com Middle School,8,Plainfield High School,9,,39.67444,-86.40719
aAf3x000001QNemCAG,The Cove,Fischer Homes,,Active,,,Wilmington,2,2.00,1,2,1725,423990,4/30/2026,aAa3x000000ZiVaCAK,Non Active Adult,46040,Fishers,Hamilton,18057,"Indianapolis-Carmel-Greenwood, IN",26900,IN,Hamilton Southeastern Schools,Hamilton Southeastern Jr High School; Southeastern Elementary School,9; 7,Hamilton Southeastern Jr High School,9,Hamilton Southeastern High School,10,,39.96309,-85.89215
aAfPc000000AgnZKAS,Parks at Decatur Estates,D.R. Horton,"D.R. Horton, Inc.",Active,,,Henley,5,3.00,2,2,2600,389900,5/7/2026,aAaPc00000057thKAA,Non Active Adult,46113,Camby,Marion,18097,"Indianapolis-Carmel-Greenwood, IN",26900,IN,M S D Decatur Township,West Newton Elementary School,5,Decatur Middle School,3,Decatur Central High School,3,,39.63346,-86.29415
aAfPc000000zkkHKAQ,Bo-Mar Estates/ Duet TH,Olthof Homes,,Active,,,Bryson,2,2.00,1,2,1533,316300,5/23/2026,aAaPc000000P3ifKAC,Non Active Adult,46168,Plainfield,Hendricks,18063,"Indianapolis-Carmel-Greenwood, IN",26900,IN,Avon Community School Corp,Cedar Elementary School; Avon Intermediate School West,7; 7,Avon Middle School South,10,Avon High School,10,,39.72793,-86.36178
aAf3x000001WTNDCA4,Silo Ridge/SF,M/I Homes,,Active,,,Drake,4,2.50,2,3,2884,463990,5/13/2026,aAa3x000000ZlZMCA0,Non Active Adult,46060,Noblesville,Hamilton,18057,"Indianapolis-Carmel-Greenwood, IN",26900,IN,Hamilton Southeastern Schools,Fall Creek Intermediate School; Deer Creek Elementary,9; 7,Fall Creek Junior High,7,Hamilton Southeastern High School,10,,40.03510,-85.94254
aAf3x000001QbLDCA0,Lone Pine Farms/Tradition,D.R. Horton,"D.R. Horton, Inc.",Active,,,Chatham,4,2.00,1,2,1771,350900,5/14/2026,aAaPc00000065Z5KAI,Non Active Adult,46143,Greenwood,Johnson,18081,"Indianapolis-Carmel-Greenwood, IN",26900,IN,Center Grove Com Sch Corp,Maple Grove Elementary School,8,Center Grove Middle School Central,8,Center Grove High School,10,,39.56209,-86.14764
aAfPc000000eJU1KAM,Timbers Architectural SL,Lennar,,Active,,,3300,5,3.50,2,3,3363,665995,5/6/2026,aAaPc000000F37sKAC,Non Active Adult,46062,Noblesville,Hamilton,18057,"Indianapolis-Carmel-Greenwood, IN",26900,IN,Noblesville Schools,Hinkle Creek Elementary School,8,Noblesville West Middle School,9,Noblesville High School,10,,40.06832,-86.06257
aAf3x000001QeGfCAK,Berry Chase,M/I Homes,,Active,,,Drake Basement,4,2.50,2,3,2884,528490,5/25/2026,aAaPc000000P11rKAC,Non Active Adult,46143,Greenwood,Johnson,18081,"Indianapolis-Carmel-Greenwood, IN",26900,IN,Center Grove Com Sch Corp,Sugar Grove Elementary School,6,Center Grove Middle School North,8,Center Grove High School,10,,39.60149,-86.17949
aAf3x000001WqpfCAC,Somerset West,Silverthorne Homes,Clayton Properties Group,Active,,,Reagan,3,2.50,1,2,2300,419995,4/25/2026,aAa3x000000YhtJCAS,Non Active Adult,46074,Westfield,Hamilton,18057,"Indianapolis-Carmel-Greenwood, IN",26900,IN,Westfield-Washington Schools,Westfield Intermediate School; Monon Trail Elementary School,9; 6,Westfield Middle School,9,Westfield High School,10,,40.04570,-86.17919
aAf3x000001QNemCAG,The Cove,Fischer Homes,,Active,,,Winslow,3,2.50,1,2,2690,696990,4/30/2026,aAa3x000000ZwqWCAS,Non Active Adult,46040,Fishers,Hamilton,18057,"Indianapolis-Carmel-Greenwood, IN",26900,IN,Hamilton Southeastern Schools,Hamilton Southeastern Jr High School; Southeastern Elementary School,9; 7,Hamilton Southeastern Jr High School,9,Hamilton Southeastern High School,10,,39.96309,-85.89215
aAf2T000001MbYBSA0,Waterfront of West Clay/Island,Shoopman Homes,,Active,,,Falcon,4,2.50,1,3,3600,1093900,5/25/2026,aAa2T000000okicSAA,Non Active Adult,46077,Zionsville,Hamilton,18057,"Indianapolis-Carmel-Greenwood, IN",26900,IN,Carmel Clay Schools,West Clay Elementary,9,Creekside Middle School,10,Carmel High School,10,,39.95694,-86.23909
aAf2T000001ULX7SAO,Mt Vernon North,D.R. Horton,"D.R. Horton, Inc.",Active,,,Henley,5,3.00,2,2,2600,382900,4/25/2026,aAaPc000000D4q3KAC,Non Active Adult,46040,Fortville,Hancock,18059,"Indianapolis-Carmel-Greenwood, IN",26900,IN,Mt Vernon Community Sch Corp,Fortville Elementary School,7,Mt Vernon Middle School,6,Mt Vernon High School,8,,39.91192,-85.84315
aAfPc000001F5I9KAK,Parkview Village,D.R. Horton,"D.R. Horton, Inc.",Active,,,Elbert,4,2.50,2,2,2058,299900,5/25/2026,aAaPc000000oir1KAA,Non Active Adult,46140,Cumberland,Hancock,18059,"Indianapolis-Carmel-Greenwood, IN",26900,IN,New Palestine Community Schools,Sugar Creek Elementary School,6,New Palestine Jr High School,8,New Palestine High School,10,,39.77823,-85.93275
aAf3x000001YgzhCAC,Sunrise Lake,Bridgenorth Homes,,Active,,,Wellington,3,2.00,1,3,1826,327490,4/29/2026,aAa3x000000grrSCAQ,Non Active Adult,46163,New Palestine,Hancock,18059,"Indianapolis-Carmel-Greenwood, IN",26900,IN,New Palestine Community Schools,New Palestine Elementary School,8,New Palestine Jr High School,8,New Palestine High School,10,,39.73229,-85.88604
aAf3x000001WTNDCA4,Silo Ridge/SF,M/I Homes,,Active,,,Kentmore Basement,3,2.50,2,2,2070,508490,5/13/2026,aAa3x000000ZlZVCA0,Non Active Adult,46060,Noblesville,Hamilton,18057,"Indianapolis-Carmel-Greenwood, IN",26900,IN,Hamilton Southeastern Schools,Fall Creek Intermediate School; Deer Creek Elementary,9; 7,Fall Creek Junior High,7,Hamilton Southeastern High School,10,,40.03510,-85.94254
aAfPc000000U2BDKA0,Finch Creek by Del Webb/Designer,Del Webb,PulteGroup Inc.,Active,,,Mystique,2,2.00,1,2,1841,435990,5/19/2026,aAaPc000000bOFPKA2,Active Adult,46060,Noblesville,Hamilton,18057,"Indianapolis-Carmel-Greenwood, IN",26900,IN,Hamilton Southeastern Schools,Hamilton Southeastern Jr High School; Deer Creek Elementary,9; 7,Hamilton Southeastern Jr High School,9,Hamilton Southeastern High School,10,,40.01651,-85.92586
aAf3x000001WgrLCAS,Northwood Haven,Arbor Homes,Clayton Properties Group,Active,,,Palmetto,4,2.50,2,2,2580,338995,5/28/2026,aAa3x000000YimfCAC,Non Active Adult,46122,Danville,Hendricks,18063,"Indianapolis-Carmel-Greenwood, IN",26900,IN,Danville Community School Corp,Danville Middle School; South Elementary School,8; 7,Danville Middle School,8,Danville Community High School,8,,39.77638,-86.49500
aAf3x000001WrRNCA0,Grassy Creek South,Arbor Homes,Clayton Properties Group,Active,,,Palmetto,4,2.50,2,2,2580,308995,5/12/2026,aAa3x000000YX0zCAG,Non Active Adult,46239,Indianapolis,Marion,18097,"Indianapolis-Carmel-Greenwood, IN",26900,IN,M S D Warren Township,Creston Middle School; Grassy Creek Elementary School,4; 3,Creston Middle School,4,Warren Central High School,2,,39.74331,-85.97090
aAfPc000001tvczKAA,Legacy Woods at Wild Air,David Weekley Homes,,Active,,,Sweetclover,2,2.00,1,2,1835,609990,5/11/2026,aAaPc000001HcjrKAC,Non Active Adult,46077,Zionsville,Boone,18011,"Indianapolis-Carmel-Greenwood, IN",26900,IN,Zionsville Community Schools,Stonegate Elementary; Zionsville West Middle School,8; 8,Zionsville West Middle School,8,Zionsville Community High School,10,,39.95857,-86.30148
aAf3x000001WrRPCA0,Augusta Heights,Arbor Homes,Clayton Properties Group,Active,,,Juniper,3,2.50,2,2,1760,262995,5/14/2026,aAa3x000000Yi6kCAC,Non Active Adult,46268,Indianapolis,Marion,18097,"Indianapolis-Carmel-Greenwood, IN",26900,IN,M S D Pike Township,,,,,Pike High School,4,,39.89474,-86.21371
aAf3x000001QNemCAG,The Cove,Fischer Homes,,Active,,,Rhodes,4,2.50,2,2,3532,723990,4/30/2026,aAa3x000000ZwqXCAS,Non Active Adult,46040,Fishers,Hamilton,18057,"Indianapolis-Carmel-Greenwood, IN",26900,IN,Hamilton Southeastern Schools,Hamilton Southeastern Jr High School; Southeastern Elementary School,9; 7,Hamilton Southeastern Jr High School,9,Hamilton Southeastern High School,10,,39.96309,-85.89215
aAf3x000001QhcyCAC,Cardinal Grove/Express,D.R. Horton,"D.R. Horton, Inc.",Active,,,Chatham,4,2.00,1,2,1771,317900,4/23/2026,aAaPc000000AILRKA4,Non Active Adult,46221,Indianapolis,Marion,18097,"Indianapolis-Carmel-Greenwood, IN",26900,IN,M S D Decatur Township,Gold Academy,4,Decatur Middle School,3,Decatur Central High School,3,,39.67001,-86.27891
aAfPc0000016CXNKA2,Harvest Trail of Westfield/Courtyard Collection,David Weekley Homes,,Active,,,Sterling,3,2.50,2,2,2214,389990,4/11/2026,aAaPc000000RtEwKAK,Non Active Adult,46074,Westfield,Hamilton,18057,"Indianapolis-Carmel-Greenwood, IN",26900,IN,Westfield-Washington Schools,Westfield Intermediate School; Monon Trail Elementary School,9; 6,Westfield Middle School,9,Westfield High School,10,,40.06467,-86.14415
aAfPc00000186MuKAI,Sage Run,Pulte Homes,PulteGroup Inc.,Active,,,Mitchell,4,2.50,2,2,3054,389990,4/20/2026,aAaPc0000019vEDKAY,Non Active Adult,46143,Greenwood,Johnson,18081,"Indianapolis-Carmel-Greenwood, IN",26900,IN,Clark-Pleasant Com School Corp,Clark Elementary School,6,Clark Pleasant Middle School,7,Whiteland Community High School,5,,39.62766,-86.04496
aAfPc000001M4UDKA0,Finch Creek,Taylor Morrison,,Active,,,Tribeca,3,2.50,2,2,1896,397000,5/15/2026,aAaPc00000196wxKAA,Non Active Adult,46060,Noblesville,Hamilton,18057,"Indianapolis-Carmel-Greenwood, IN",26900,IN,Hamilton Southeastern Schools,Hamilton Southeastern Jr High School; Deer Creek Elementary,9; 7,Hamilton Southeastern Jr High School,9,Hamilton Southeastern High School,10,,40.01628,-85.93812
aAfPc000001ZeBhKAK,Honey Creek Farms/SL Architectural,Lennar,,Upcoming,,,3400,5,3.50,2,2,3564,,4/23/2026,aAaPc000001C1W1KAK,Non Active Adult,46143,Greenwood,Johnson,18081,"Indianapolis-Carmel-Greenwood, IN",26900,IN,Center Grove Com Sch Corp,Center Grove Elementary School,7,Center Grove Middle School Central,8,Center Grove High School,10,,39.56905,-86.14219
aAfPc000001rOZtKAM,Windswept Farms,Ryan Homes,NVR Inc.,Active,,,Columbia,4,2.50,2,2,2423,394990,3/27/2026,aAaPc000001E2NxKAK,Non Active Adult,46075,Whitestown,Boone,18011,"Indianapolis-Carmel-Greenwood, IN",26900,IN,Lebanon Community School Corp,Perry Worth Elementary School,6,Lebanon Middle School,5,Lebanon Senior High School,9,,39.97861,-86.33781
aAf3x000001WdgGCAS,Fairview West,Olthof Homes,,Active,,,Cadenza,2,2.00,1,2,1897,382500,4/6/2026,aAa3x000000Ua9lCAC,Non Active Adult,46112,Brownsburg,Hendricks,18063,"Indianapolis-Carmel-Greenwood, IN",26900,IN,Brownsburg Community Sch Corp,Delaware Trail Elementary School,9,Brownsburg East Middle School,9,Brownsburg High School,10,,39.86584,-86.42391
aAf3x000001WTYmCAO,Silo Ridge/Villas,M/I Homes,,Active,,,Bella Vista,2,2.00,1,2,1495,322990,5/15/2026,aAa3x000000ZlJkCAK,Non Active Adult,46060,Noblesville,Hamilton,18057,"Indianapolis-Carmel-Greenwood, IN",26900,IN,Hamilton Southeastern Schools,Fall Creek Intermediate School; Deer Creek Elementary,9; 7,Fall Creek Junior High,7,Hamilton Southeastern High School,10,,40.03510,-85.94254
aAfPc000001rtRSKAY,Cooks Corner,Arbor Homes,Clayton Properties Group,Upcoming,,,Aspen II,4,2.50,2,2,2176,294995,4/27/2026,aAaPc000001HTSdKAO,Non Active Adult,46140,Greenfield,Hancock,18059,"Indianapolis-Carmel-Greenwood, IN",26900,IN,Greenfield-Central Com Schools,Weston Elementary School; Greenfield Intermediate School,5; 5,Greenfield Central Junior High School,6,Greenfield-Central High School,7,,39.79849,-85.81656
aAfPc000000BqGDKA0,Colonnade/ Town Series,Taylor Morrison,,Active,,,Uptown,3,2.50,2,2,2021,333000,5/23/2026,aAaPc0000002lqrKAA,Non Active Adult,46055,McCordsville,Hancock,18059,"Indianapolis-Carmel-Greenwood, IN",26900,IN,Mt Vernon Community Sch Corp,McCordsville Elementary School,6,Mt Vernon Middle School,6,Mt Vernon High School,8,,39.89157,-85.91249
aAfPc000000zkkHKAQ,Bo-Mar Estates/ Duet TH,Olthof Homes,,Active,,,Rosewood,2,2.00,1,2,1609,328400,5/23/2026,aAaPc000000P3cDKAS,Non Active Adult,46168,Plainfield,Hendricks,18063,"Indianapolis-Carmel-Greenwood, IN",26900,IN,Avon Community School Corp,Cedar Elementary School; Avon Intermediate School West,7; 7,Avon Middle School South,10,Avon High School,10,,39.72793,-86.36178
aAf3x000001WoRWCA0,Hickory Run,M/I Homes,,Active,,,Fairbanks,4,2.50,2,2,2957,377990,5/18/2026,aAa3x000000ZaBbCAK,Non Active Adult,46239,Indianapolis,Marion,18097,"Indianapolis-Carmel-Greenwood, IN",26900,IN,Franklin Township Com Sch Corp,,,,,Franklin Central High School,9,,39.68048,-85.99215
aAf3x000001WrRPCA0,Augusta Heights,Arbor Homes,Clayton Properties Group,Active,,,Walnut,3,2.00,1,2,1228,232995,5/14/2026,aAa3x000000YelaCAC,Non Active Adult,46268,Indianapolis,Marion,18097,"Indianapolis-Carmel-Greenwood, IN",26900,IN,M S D Pike Township,,,,,Pike High School,4,,39.89474,-86.21371
aAfPc000001F5I9KAK,Parkview Village,D.R. Horton,"D.R. Horton, Inc.",Active,,,Greensboro,3,2.50,2,2,1893,284900,5/25/2026,aAaPc000000oir2KAA,Non Active Adult,46140,Cumberland,Hancock,18059,"Indianapolis-Carmel-Greenwood, IN",26900,IN,New Palestine Community Schools,Sugar Creek Elementary School,6,New Palestine Jr High School,8,New Palestine High School,10,,39.77823,-85.93275
aAf3x000001QYOLCA4,Trescott Overlook,Drees Homes,,Active,,,DAWSON,3,2.00,1,3,1986,455900,5/18/2026,aAaPc000001IZJ3KAO,Non Active Adult,46168,Plainfield,Hendricks,18063,"Indianapolis-Carmel-Greenwood, IN",26900,IN,Plainfield Community Sch Corp,Clarks Creek Elementary,5,Plainfield Com Middle School,8,Plainfield High School,9,,39.67444,-86.40719
aAf3x000001WgrLCAS,Northwood Haven,Arbor Homes,Clayton Properties Group,Active,,,Juniper,3,2.50,2,2,1880,295995,5/28/2026,aAa3x000000Yi6fCAC,Non Active Adult,46122,Danville,Hendricks,18063,"Indianapolis-Carmel-Greenwood, IN",26900,IN,Danville Community School Corp,Danville Middle School; South Elementary School,8; 7,Danville Middle School,8,Danville Community High School,8,,39.77638,-86.49500
aAf3x000001Ye57CAC,Kimblewick/Belmont,Del Webb,PulteGroup Inc.,Active,,,Prosperity,2,2.00,1,2,1646,435990,5/13/2026,aAa3x000000cWSlCAM,Active Adult,46074,Westfield,Hamilton,18057,"Indianapolis-Carmel-Greenwood, IN",26900,IN,Westfield-Washington Schools,Westfield Intermediate School; Shamrock Springs Elementary School,9; 8,Westfield Middle School,9,Westfield High School,10,,40.00812,-86.20483
aAfPc000000AgnZKAS,Parks at Decatur Estates,D.R. Horton,"D.R. Horton, Inc.",Active,,,Holcombe,4,2.50,2,2,2356,380900,5/7/2026,aAaPc000000EAdpKAG,Non Active Adult,46113,Camby,Marion,18097,"Indianapolis-Carmel-Greenwood, IN",26900,IN,M S D Decatur Township,West Newton Elementary School,5,Decatur Middle School,3,Decatur Central High School,3,,39.63346,-86.29415
aAf3x000001QNemCAG,The Cove,Fischer Homes,,Active,,,Camden,2,2.00,1,0,1859,428990,4/30/2026,aAaPc000000HJ9jKAG,Non Active Adult,46040,Fishers,Hamilton,18057,"Indianapolis-Carmel-Greenwood, IN",26900,IN,Hamilton Southeastern Schools,Hamilton Southeastern Jr High School; Southeastern Elementary School,9; 7,Hamilton Southeastern Jr High School,9,Hamilton Southeastern High School,10,,39.96309,-85.89215
aAf3x000001WTvqCAG,Atwater/ Duplexes,Olthof Homes,,Active,,,Brighton (Paired Villas),2,2.00,1,2,1532,309700,5/23/2026,aAaPc000000KQpZKAW,Non Active Adult,46069,Sheridan,Hamilton,18057,"Indianapolis-Carmel-Greenwood, IN",26900,IN,Westfield-Washington Schools,Westfield Intermediate School; Monon Trail Elementary School,9; 6,Westfield Middle School,9,Westfield High School,10,,40.06794,-86.18028
aAfPc0000011OVyKAM,Forest Hill,Ryan Homes,NVR Inc.,Active,,,Wexford,3,2.50,3,2,1677,289990,5/4/2026,aAaPc000000cFFlKAM,Non Active Adult,46112,Brownsburg,Hendricks,18063,"Indianapolis-Carmel-Greenwood, IN",26900,IN,Brownsburg Community Sch Corp,Cardinal Elementary School,8,Brownsburg West Middle School,8,Brownsburg High School,10,,39.85645,-86.38840
aAf3x000001WYwsCAG,Trailside,D.R. Horton,"D.R. Horton, Inc.",Active,,,Muncie,3,2.00,1,2,1818,368900,5/29/2026,aAaPc0000019dhzKAA,Non Active Adult,46075,Whitestown,Boone,18011,"Indianapolis-Carmel-Greenwood, IN",26900,IN,Lebanon Community School Corp,Perry Worth Elementary School,6,Lebanon Middle School,5,Lebanon Senior High School,9,,40.00540,-86.34623
aAf3x000001WYtoCAG,Midland,Estridge Homes,,Active,,,The Coleman,4,2.50,2,2,3195,976900,5/7/2026,aAaPc000000WdwbKAC,Non Active Adult,46074,Westfield,Hamilton,18057,"Indianapolis-Carmel-Greenwood, IN",26900,IN,Westfield-Washington Schools,Westfield Intermediate School; Maple Glen Elementary,9; 8,Westfield Middle School,9,Westfield High School,10,,40.03976,-86.18435
aAfPc0000016Bt3KAE,Union Woodlands,Lennar,,Active,,,Patoka,3,3.00,1,3,2308,606995,4/27/2026,aAaPc0000013XDYKA2,Non Active Adult,46077,Zionsville,Boone,18011,"Indianapolis-Carmel-Greenwood, IN",26900,IN,Zionsville Community Schools,Zionsville Middle School; Union Elementary School,9; 8,Zionsville Middle School,9,Zionsville Community High School,10,,40.00931,-86.25374
aAf3x000001Wf1qCAC,Williams Run,Joyner Homes,,Active,,,Dawson,3,2.00,1,2,1937,324900,4/27/2026,aAa3x000000UJHcCAO,Non Active Adult,46140,Greenfield,Hancock,18059,"Indianapolis-Carmel-Greenwood, IN",26900,IN,Greenfield-Central Com Schools,J B Stephens Elementary School; Maxwell Intermediate School,8; 6,Greenfield Central Junior High School,6,Greenfield-Central High School,7,,39.80744,-85.74553
aAfPc000001r4ZhKAI,East Street Towns,Lennar,,Active,,,Meridian III,3,2.50,3,2,2063,419995,5/12/2026,aAaPc000000zdzhKAA,Non Active Adult,46074,Westfield,Hamilton,18057,"Indianapolis-Carmel-Greenwood, IN",26900,IN,Westfield-Washington Schools,Westfield Intermediate School; Monon Trail Elementary School,9; 6,Westfield Middle School,9,Westfield High School,10,,40.05821,-86.12448
aAfPc000001cqD8KAI,Northwest Fortville/Ph 2,Ryan Homes,NVR Inc.,Active,,,Hudson with Finished Rec Room,4,2.50,2,2,3571,439990,3/25/2026,aAaPc000001DxjFKAS,Non Active Adult,46040,Fortville,Hancock,18059,"Indianapolis-Carmel-Greenwood, IN",26900,IN,Mt Vernon Community Sch Corp,Fortville Elementary School,7,Mt Vernon Middle School,6,Mt Vernon High School,8,,39.94162,-85.86027
aAf3x000001QegiCAC,Oakdale,Pulte Homes,PulteGroup Inc.,Active,,,Westchester,4,2.50,2,2,3300,454990,5/5/2026,aAaPc000000BDKeKAO,Non Active Adult,46112,Brownsburg,Hendricks,18063,"Indianapolis-Carmel-Greenwood, IN",26900,IN,Brownsburg Community Sch Corp,Eagle Elementary School,10,Brownsburg West Middle School,8,Brownsburg High School,10,,39.86610,-86.38409
aAf3x000001WoRWCA0,Hickory Run,M/I Homes,,Active,,,Drake,4,2.50,2,3,2884,409990,5/18/2026,aAaPc0000018rMuKAI,Non Active Adult,46239,Indianapolis,Marion,18097,"Indianapolis-Carmel-Greenwood, IN",26900,IN,Franklin Township Com Sch Corp,,,,,Franklin Central High School,9,,39.68048,-85.99215
aAf3x000001WYtoCAG,Midland,Estridge Homes,,Active,,,The Carlisle,4,2.50,2,2,3235,982900,5/7/2026,aAaPc000000j5UzKAI,Non Active Adult,46074,Westfield,Hamilton,18057,"Indianapolis-Carmel-Greenwood, IN",26900,IN,Westfield-Washington Schools,Westfield Intermediate School; Maple Glen Elementary,9; 8,Westfield Middle School,9,Westfield High School,10,,40.03976,-86.18435
aAfPc000001tIADKA2,Emerald Preserve,Fischer Homes,,Active,,,Magnolia,3,2.00,1,0,1621,380990,5/16/2026,aAaPc0000016SXJKA2,Non Active Adult,46239,Indianapolis,Marion,18097,"Indianapolis-Carmel-Greenwood, IN",26900,IN,Franklin Township Com Sch Corp,,,,,Franklin Central High School,9,,39.69260,-85.99509
aAfPc000000ziSLKAY,Flora/Duet TH,Onyx+East,,Upcoming,,,Brixton,3,2.50,2,2,2327,624900,5/15/2026,aAaPc000000bzCbKAI,Non Active Adult,46290,Carmel,Hamilton,18057,"Indianapolis-Carmel-Greenwood, IN",26900,IN,Carmel Clay Schools,Towne Meadow Elementary School,9,Creekside Middle School,10,Carmel High School,10,,39.93223,-86.16525
aAf3x000001WVQKCA4,Colere/TH,Onyx+East,,Active,,,Colere Riley,2,2.50,4,2,2081,500000,4/25/2026,aAa3x000000U2SmCAK,Non Active Adult,46203,Indianapolis,Marion,18097,"Indianapolis-Carmel-Greenwood, IN",26900,IN,Indianapolis Public Schools,Thomas D. Gregg School 15; Brookside School 54,4; 4,Arlington Community Middle School,5,Arsenal Technical High School; George Washington Community High School...,1; 1,,39.75991,-86.13602
aAfPc000001gSKzKAM,Langdon Crossing,Arbor Homes,Clayton Properties Group,Active,,,Spruce,4,2.50,2,2,2343,330995,3/12/2026,aAaPc0000015fDwKAI,Non Active Adult,46030,Arcadia,Hamilton,18057,"Indianapolis-Carmel-Greenwood, IN",26900,IN,Hamilton Heights School Corp,Hamilton Heights Middle School; Hamilton Heights Elementary School,8; 6,Hamilton Heights Middle School,8,Hamilton Heights High School,8,,40.16554,-86.02772
aAf3x000001WeIxCAK,Silver Stream,Arbor Homes,Clayton Properties Group,Active,,,Ironwood,3,2.50,2,2,1963,283995,5/21/2026,aAa3x000000YjnmCAC,Non Active Adult,46235,Indianapolis,Marion,18097,"Indianapolis-Carmel-Greenwood, IN",26900,IN,M S D Lawrence Township,Indian Creek Elementary School,4,Fall Creek Valley Middle School,5,Lawrence North High School,5,,39.84161,-85.98043
aAfPc0000011RtdKAE,Countryside Estates,Ryan Homes,NVR Inc.,Active,,,Ashbrooke,3,2.00,1,2,1714,374990,5/7/2026,aAaPc000000c50HKAQ,Non Active Adult,46123,Avon,Hendricks,18063,"Indianapolis-Carmel-Greenwood, IN",26900,IN,Avon Community School Corp,Maple Elementary School; Avon Intermediate School East,8; 6,Avon Middle School North,10,Avon High School,10,,39.77736,-86.38764
aAfPc000001r4ZhKAI,East Street Towns,Lennar,,Active,,,Foxhall,3,3.50,3,2,2346,419995,5/12/2026,aAaPc000000zdzgKAA,Non Active Adult,46074,Westfield,Hamilton,18057,"Indianapolis-Carmel-Greenwood, IN",26900,IN,Westfield-Washington Schools,Westfield Intermediate School; Monon Trail Elementary School,9; 6,Westfield Middle School,9,Westfield High School,10,,40.05821,-86.12448
aAfPc00000163QrKAI,Oberlin/Simplicity,Taylor Morrison,,Active,,,Simplicity 1610,4,2.00,1,2,1610,321000,5/6/2026,aAaPc000001FXymKAG,Non Active Adult,46113,Camby,Marion,18097,"Indianapolis-Carmel-Greenwood, IN",26900,IN,M S D Decatur Township,West Newton Elementary School,5,Decatur Middle School,3,Decatur Central High School,3,,39.65344,-86.31662
aAfPc000001lg6TKAQ,Grey Hawk,Lennar,,Active,,,Seabrook,3,3.00,1,2,2225,536995,5/28/2026,aAaPc000000zdznKAA,Non Active Adult,46168,Plainfield,Hendricks,18063,"Indianapolis-Carmel-Greenwood, IN",26900,IN,Plainfield Community Sch Corp,Van Buren Elementary School,8,Plainfield Com Middle School,8,Plainfield High School,9,,39.71743,-86.36907
aAf3x000001WdR1CAK,Grantham,David Weekley Homes,,Active,,,Taswell,3,2.00,1,3,2087,557990,4/14/2026,aAaPc000000oG3xKAE,Non Active Adult,46038,Fishers,Hamilton,18057,"Indianapolis-Carmel-Greenwood, IN",26900,IN,Hamilton Southeastern Schools,Riverside Intermediate School; New Britton Elementary School,10; 7,Riverside Jr High,8,Fishers High School,10,,39.96160,-86.01752
aAf3x000001YafaCAC,Heron Creek,Arbor Homes,Clayton Properties Group,Active,,,Palmetto,4,2.50,2,2,2580,329995,5/10/2026,aAa3x000000YimbCAC,Non Active Adult,46140,Greenfield,Hancock,18059,"Indianapolis-Carmel-Greenwood, IN",26900,IN,Mt Vernon Community Sch Corp,Mt Comfort Elementary School,6,Mt Vernon Middle School,6,Mt Vernon High School,8,,39.80734,-85.92481
aAfPc000001cqD8KAI,Northwest Fortville/Ph 2,Ryan Homes,NVR Inc.,Active,,,Palladio Ranch with Finished Rec Room,3,2.00,1,2,3055,419990,3/25/2026,aAaPc000001DxhdKAC,Non Active Adult,46040,Fortville,Hancock,18059,"Indianapolis-Carmel-Greenwood, IN",26900,IN,Mt Vernon Community Sch Corp,Fortville Elementary School,7,Mt Vernon Middle School,6,Mt Vernon High School,8,,39.94162,-85.86027
aAfPc000001lV4gKAE,Aspen Trace,Pulte Homes,PulteGroup Inc.,Active,,,Greenfield,4,2.50,2,2,3021,426990,5/14/2026,aAaPc000001AHpAKAW,Non Active Adult,46123,Avon,Hendricks,18063,"Indianapolis-Carmel-Greenwood, IN",26900,IN,Avon Community School Corp,Sycamore Elementary School; Avon Intermediate School East,8; 6,Avon Middle School North,10,Avon High School,10,,39.78194,-86.38136
aAfPc000001j1PBKAY,Ravinia/Venture,Lennar,,Active,,,Jasper,5,3.00,2,3,2578,476995,5/19/2026,aAaPc000000zdzZKAQ,Non Active Adult,46074,Westfield,Hamilton,18057,"Indianapolis-Carmel-Greenwood, IN",26900,IN,Westfield-Washington Schools,Westfield Intermediate School; Maple Glen Elementary,9; 8,Westfield Middle School,9,Westfield High School,10,,40.02861,-86.19191
aAfPc0000016BkzKAE,Noble West Townhomes,Lennar,,Upcoming,,,Talbott,3,2.50,3,2,2310,,5/13/2026,aAaPc000001DdnlKAC,Non Active Adult,46033,Noblesville,Hamilton,18057,"Indianapolis-Carmel-Greenwood, IN",26900,IN,Noblesville Schools,Noble Crossing Elementary School,8,Noblesville West Middle School,9,Noblesville High School,10,,40.00584,-86.06971
aAfPc000001dpN3KAI,Nickel Row,Onyx+East,,Active,,,Jackson on the Trail,2,2.50,4,2,2317,669900,5/25/2026,aAaPc0000016wOvKAI,Non Active Adult,46038,Fischers,Hamilton,18057,"Indianapolis-Carmel-Greenwood, IN",26900,IN,Hamilton Southeastern Schools,Riverside Intermediate School; Fishers Elementary School,10; 8,Riverside Jr High,8,Fishers High School,10,,39.95304,-86.02074
aAfPc000001gMOrKAM,Midelton/Arrival,Arbor Homes,Clayton Properties Group,Active,,,Berlin,3,2.00,3,2,1964,254995,5/7/2026,aAaPc000001E0bnKAC,Non Active Adult,46235,Indianapolis,Marion,18097,"Indianapolis-Carmel-Greenwood, IN",26900,IN,M S D Lawrence Township,Winding Ridge Elementary School,3,Belzer Middle School,3,Lawrence Central High School,3,,39.84089,-85.96899
aAfPc000000iAOuKAM,Retreat at Morse,Beazer Homes,,Active,,,Tuscany,3,2.00,2,2,1974,369990,5/29/2026,aAaPc000000YvlZKAS,Non Active Adult,46062,Noblesville,Hamilton,18057,"Indianapolis-Carmel-Greenwood, IN",26900,IN,Noblesville Schools,Hinkle Creek Elementary School,8,Noblesville West Middle School,9,Noblesville High School,10,,40.07285,-86.03676
aAf3x000001WmjKCAS,Sagebrook West/SF,M/I Homes,,Active,,,Ainsley II Slab,4,2.50,2,2,3141,439990,3/30/2026,aAa3x000000UpY6CAK,Non Active Adult,46239,Indianapolis,Marion,18097,"Indianapolis-Carmel-Greenwood, IN",26900,IN,Franklin Township Com Sch Corp,,,,,Franklin Central High School,9,,39.69289,-85.97854
aAfPc000001yvnlKAA,Wood Wind Landing,Fischer Homes,,Active,,,Rhodes,4,2.50,2,2,3532,798990,5/19/2026,aAaPc000001FiGwKAK,Non Active Adult,46074,Westfield,Hamilton,18057,"Indianapolis-Carmel-Greenwood, IN",26900,IN,Westfield-Washington Schools,Westfield Intermediate School; Shamrock Springs Elementary School,9; 8,Westfield Middle School,9,Westfield High School,10,,40.02774,-86.19140
aAfPc0000016BkzKAE,Noble West Townhomes,Lennar,,Upcoming,,,Madison,2,2.50,3,2,2073,,5/13/2026,aAaPc000001Ddm9KAC,Non Active Adult,46033,Noblesville,Hamilton,18057,"Indianapolis-Carmel-Greenwood, IN",26900,IN,Noblesville Schools,Noble Crossing Elementary School,8,Noblesville West Middle School,9,Noblesville High School,10,,40.00584,-86.06971
aAf3x000001WrRNCA0,Grassy Creek South,Arbor Homes,Clayton Properties Group,Active,,,Bradford,3,2.00,1,0,1613,260995,5/12/2026,aAa3x000000YSyjCAG,Non Active Adult,46239,Indianapolis,Marion,18097,"Indianapolis-Carmel-Greenwood, IN",26900,IN,M S D Warren Township,Creston Middle School; Grassy Creek Elementary School,4; 3,Creston Middle School,4,Warren Central High School,2,,39.74331,-85.97090
aAfPc000000zkifKAA,Bo-Mar Estates/ TH,Olthof Homes,,Active,,,Adler,3,1.50,2,2,1415,281770,5/25/2026,aAaPc000000O4bxKAC,Non Active Adult,46168,Plainfield,Hendricks,18063,"Indianapolis-Carmel-Greenwood, IN",26900,IN,Avon Community School Corp,Cedar Elementary School; Avon Intermediate School West,7; 7,Avon Middle School South,10,Avon High School,10,,39.72793,-86.36178
aAfPc000000dqrZKAQ,Timbers Venture,Lennar,,Active,,,Broadmoor,4,2.50,2,2,2011,403995,5/25/2026,aAaPc000000CUFMKA4,Non Active Adult,46062,Noblesville,Hamilton,18057,"Indianapolis-Carmel-Greenwood, IN",26900,IN,Noblesville Schools,Hinkle Creek Elementary School,8,Noblesville West Middle School,9,Noblesville High School,10,,40.06832,-86.06257
aAf3x000001Qh4yCAC,Scottsdale Estates,Arbor Homes,Clayton Properties Group,Active,,,Juniper,4,2.50,2,2,1760,325995,5/21/2026,aAaPc00000087XYKAY,Non Active Adult,46143,Greenwood,Johnson,18081,"Indianapolis-Carmel-Greenwood, IN",26900,IN,Clark-Pleasant Com School Corp,Pleasant Crossing Elementary,7,Clark Pleasant Middle School,7,Whiteland Community High School,5,,39.55660,-86.14305
aAf3x000001QYqPCAW,Auburn Ridge,M/I Homes,,Active,,,Columbia Basement,4,2.50,2,2,2878,545990,5/8/2026,aAaPc000000Egb9KAC,Non Active Adult,46112,Brownsburg,Hendricks,18063,"Indianapolis-Carmel-Greenwood, IN",26900,IN,Brownsburg Community Sch Corp,White Lick Elementary School,8,Brownsburg West Middle School,8,Brownsburg High School,10,,39.83231,-86.42558
aAf3x000001YgzhCAC,Sunrise Lake,Bridgenorth Homes,,Active,,,Newport,3,2.50,2,2,2338,363490,4/29/2026,aAa3x000000grr3CAA,Non Active Adult,46163,New Palestine,Hancock,18059,"Indianapolis-Carmel-Greenwood, IN",26900,IN,New Palestine Community Schools,New Palestine Elementary School,8,New Palestine Jr High School,8,New Palestine High School,10,,39.73229,-85.88604
aAfPc000000zkkHKAQ,Bo-Mar Estates/ Duet TH,Olthof Homes,,Active,,,Quincey,2,2.00,1,2,1429,317800,5/23/2026,aAaPc000000P3kHKAS,Non Active Adult,46168,Plainfield,Hendricks,18063,"Indianapolis-Carmel-Greenwood, IN",26900,IN,Avon Community School Corp,Cedar Elementary School; Avon Intermediate School West,7; 7,Avon Middle School South,10,Avon High School,10,,39.72793,-86.36178
aAf3x000000UOUyCAO,Bridle Oaks,Pulte Homes,PulteGroup Inc.,Active,,,Mercer,4,2.50,2,2,2605,387990,5/7/2026,aAa3x000000TqXuCAK,Non Active Adult,46075,Whitestown,Boone,18011,"Indianapolis-Carmel-Greenwood, IN",26900,IN,Lebanon Community School Corp,Perry Worth Elementary School,6,Lebanon Middle School,5,Lebanon Senior High School,9,,39.99164,-86.34494
aAfPc000001lV4gKAE,Aspen Trace,Pulte Homes,PulteGroup Inc.,Active,,,Prospect,4,2.50,2,2,2587,394990,5/14/2026,aAaPc0000017V89KAE,Non Active Adult,46123,Avon,Hendricks,18063,"Indianapolis-Carmel-Greenwood, IN",26900,IN,Avon Community School Corp,Sycamore Elementary School; Avon Intermediate School East,8; 6,Avon Middle School North,10,Avon High School,10,,39.78194,-86.38136
aAfPc000000PyH7KAK,Harbor at Grand Park Village,Beazer Homes,,Active,,,Milan,3,2.00,1,2,1764,352990,5/25/2026,aAaPc000000EldRKAS,Non Active Adult,46074,Westfield,Hamilton,18057,"Indianapolis-Carmel-Greenwood, IN",26900,IN,Westfield-Washington Schools,Westfield Intermediate School; Monon Trail Elementary School,9; 6,Westfield Middle School,9,Westfield High School,10,,40.05416,-86.15546
aAfPc000000bGErKAM,Parkside at Finch Creek/Landings,Pulte Homes,PulteGroup Inc.,Active,,,Continental,4,2.50,2,2,3008,429990,5/16/2026,aAaPc0000013g0XKAQ,Non Active Adult,46060,Noblesville,Hamilton,18057,"Indianapolis-Carmel-Greenwood, IN",26900,IN,Hamilton Southeastern Schools,Hamilton Southeastern Jr High School; Deer Creek Elementary,9; 7,Hamilton Southeastern Jr High School,9,Hamilton Southeastern High School,10,,40.03075,-85.93807
aAfPc000001lqsDKAQ,Pheasant Grove,Ryan Homes,NVR Inc.,Active,,,Aruba Bay,2,2.00,1,2,1153,266990,5/29/2026,aAaPc0000012pXJKAY,Non Active Adult,46122,Danville,Hendricks,18063,"Indianapolis-Carmel-Greenwood, IN",26900,IN,Danville Community School Corp,Danville Middle School; South Elementary School,8; 7,Danville Middle School,8,Danville Community High School,8,,39.74807,-86.55825
aAfPc0000011TPBKA2,Angilee Gardens,D.R. Horton,"D.R. Horton, Inc.",Active,,,Lyndhurst,4,2.50,2,2,2904,425900,3/19/2026,aAaPc000001CWA1KAO,Non Active Adult,46052,Lebanon,Boone,18011,"Indianapolis-Carmel-Greenwood, IN",26900,IN,Lebanon Community School Corp,Central Elementary School,9,Lebanon Middle School,5,Lebanon Senior High School,9,,40.07566,-86.46148
aAfPc000001yvnlKAA,Wood Wind Landing,Fischer Homes,,Active,,,Huxley,4,2.50,2,0,3180,769990,5/19/2026,aAaPc000001FiGyKAK,Non Active Adult,46074,Westfield,Hamilton,18057,"Indianapolis-Carmel-Greenwood, IN",26900,IN,Westfield-Washington Schools,Westfield Intermediate School; Shamrock Springs Elementary School,9; 8,Westfield Middle School,9,Westfield High School,10,,40.02774,-86.19140
aAf2T000001MiySSAS,Briar Creek Ranches,Ryan Homes,NVR Inc.,Active,,,Aruba Bay,2,2.00,1,2,1153,266990,5/9/2026,aAaPc000000VBiLKAW,Non Active Adult,46184,Whiteland,Johnson,18081,"Indianapolis-Carmel-Greenwood, IN",26900,IN,Clark-Pleasant Com School Corp,Whiteland Elementary School,8,Clark Pleasant Middle School,7,Whiteland Community High School,5,,39.54723,-86.09546
aAf3x000001Qev2CAC,Centre Place/Tradition,D.R. Horton,"D.R. Horton, Inc.",Active,,,Aria II,3,2.00,1,2,1601,317900,5/29/2026,aAaPc0000019diAKAQ,Non Active Adult,46069,Sheridan,Hamilton,18057,"Indianapolis-Carmel-Greenwood, IN",26900,IN,Sheridan Community Schools,Sheridan Elementary School,7,Sheridan Middle School,8,Sheridan High School,8,,40.14310,-86.21876
aAfPc000001iOMMKA2,Bridle Oaks South,Arbor Homes,Clayton Properties Group,Active,,,Empress,5,2.50,2,2,3198,361995,5/28/2026,aAaPc0000018eT8KAI,Non Active Adult,46075,Whitestown,Boone,18011,"Indianapolis-Carmel-Greenwood, IN",26900,IN,Lebanon Community School Corp,Perry Worth Elementary School,6,Lebanon Middle School,5,Lebanon Senior High School,9,,39.98791,-86.34573
aAf3x000001WYwsCAG,Trailside,D.R. Horton,"D.R. Horton, Inc.",Active,,,Chatham,4,2.00,1,2,1771,358900,5/29/2026,aAaPc000000EgbZKAS,Non Active Adult,46075,Whitestown,Boone,18011,"Indianapolis-Carmel-Greenwood, IN",26900,IN,Lebanon Community School Corp,Perry Worth Elementary School,6,Lebanon Middle School,5,Lebanon Senior High School,9,,40.00540,-86.34623
aAf3x000001QWY8CAO,Scottsdale Estates,Silverthorne Homes,Clayton Properties Group,Active,,,Arthur,4,2.50,2,0,2606,382995,3/23/2026,aAa3x000000ZaskCAC,Non Active Adult,46143,Bargersville,Johnson,18081,"Indianapolis-Carmel-Greenwood, IN",26900,IN,Center Grove Com Sch Corp,Sugar Grove Elementary School,6,Center Grove Middle School North,8,Center Grove High School,10,,39.59260,-86.13997
aAf3x000001WTZ6CAO,Sawyer Walk/Villas,M/I Homes,,Active,,,Villa Series - Castello,2,2.50,1,2,1628,321990,5/29/2026,aAaPc0000001crFKAQ,Non Active Adult,46106,Bargersville,Johnson,18081,"Indianapolis-Carmel-Greenwood, IN",26900,IN,Center Grove Com Sch Corp,Maple Grove Elementary School,8,Center Grove Middle School Central,8,Center Grove High School,10,,39.52297,-86.17236
aAfPc000001DU69KAG,Midland/Terraces TH,Estridge Homes,,Active,,,The Spencer,2,2.50,3,2,1583,388000,5/7/2026,aAaPc000001J3L0KAK,Non Active Adult,46074,Westfield,Hamilton,18057,"Indianapolis-Carmel-Greenwood, IN",26900,IN,Westfield-Washington Schools,Westfield Intermediate School; Maple Glen Elementary,9; 8,Westfield Middle School,9,Westfield High School,10,,40.03976,-86.18435
aAfPc0000016CYzKAM,Harvest Trail of Westfield/Executive Collection,David Weekley Homes,,Active,,,Carrington,4,3.00,2,4,3083,737990,4/15/2026,aAaPc000000RsQvKAK,Non Active Adult,46074,Westfield,Hamilton,18057,"Indianapolis-Carmel-Greenwood, IN",26900,IN,Westfield-Washington Schools,Westfield Intermediate School; Monon Trail Elementary School,9; 6,Westfield Middle School,9,Westfield High School,10,,40.06467,-86.14415
aAfPc0000011TPBKA2,Angilee Gardens,D.R. Horton,"D.R. Horton, Inc.",Active,,,Fairfax,4,3.00,1,3,1961,414900,3/19/2026,aAaPc000000jgeDKAQ,Non Active Adult,46052,Lebanon,Boone,18011,"Indianapolis-Carmel-Greenwood, IN",26900,IN,Lebanon Community School Corp,Central Elementary School,9,Lebanon Middle School,5,Lebanon Senior High School,9,,40.07566,-86.46148
aAf3x000001WYtoCAG,Midland,Estridge Homes,,Active,,,The Hadley,2,2.50,1,3,2412,633900,5/7/2026,aAaPc000000WdwWKAS,Non Active Adult,46074,Westfield,Hamilton,18057,"Indianapolis-Carmel-Greenwood, IN",26900,IN,Westfield-Washington Schools,Westfield Intermediate School; Maple Glen Elementary,9; 8,Westfield Middle School,9,Westfield High School,10,,40.03976,-86.18435
aAf3x000001WoRWCA0,Hickory Run,M/I Homes,,Active,,,Everly,4,2.50,2,2,3034,380990,5/18/2026,aAaPc000000wg2YKAQ,Non Active Adult,46239,Indianapolis,Marion,18097,"Indianapolis-Carmel-Greenwood, IN",26900,IN,Franklin Township Com Sch Corp,,,,,Franklin Central High School,9,,39.68048,-85.99215
aAfPc000000EW9hKAG,Manors at Avon/Designer,Fischer Homes,,Active,,,Emmett,2,2.00,1,2,2212,469990,5/25/2026,aAaPc0000010P5tKAE,Non Active Adult,46123,Avon,Hendricks,18063,"Indianapolis-Carmel-Greenwood, IN",26900,IN,Avon Community School Corp,River Birch Elementary; Avon Intermediate School East,8; 6,Avon Middle School North,10,Avon High School,10,,39.78371,-86.40136
aAfPc000000RV02KAG,Cyntheanne Woods,Taylor Morrison,,Active,,,Chelsea,3,2.50,2,2,2103,397000,5/2/2026,aAaPc0000009CuwKAE,Non Active Adult,46037,Fishers,Hamilton,18057,"Indianapolis-Carmel-Greenwood, IN",26900,IN,Hamilton Southeastern Schools,Hamilton Southeastern Jr High School; Southeastern Elementary School,9; 7,Hamilton Southeastern Jr High School,9,Hamilton Southeastern High School,10,,39.98344,-85.88072
aAfPc000001hdC1KAI,Magnolia Ridge/Landings,Pulte Homes,PulteGroup Inc.,Active,,,Prospect,4,2.50,2,2,2587,409990,5/19/2026,aAaPc000000y7zVKAQ,Non Active Adult,46062,Noblesville,Hamilton,18057,"Indianapolis-Carmel-Greenwood, IN",26900,IN,Noblesville Schools,Noble Crossing Elementary School,8,Noblesville West Middle School,9,Noblesville High School,10,,40.02936,-86.06009
aAf3x000001YgExCAK,Courtyards of Westfield,EPCON Communities,,Active,,,Portico,2,2.00,1,2,1776,472900,5/5/2026,aAa3x000000U798CAC,Non Active Adult,46074,Westfield,Hamilton,18057,"Indianapolis-Carmel-Greenwood, IN",26900,IN,Westfield-Washington Schools,Westfield Intermediate School; Shamrock Springs Elementary School,9; 8,Westfield Middle School,9,Westfield High School,10,,40.00465,-86.20697
aAf3x000001QL0CCAW,Courtyards of Fishers,EPCON Communities,,Active,,,Portico,2,2.00,1,2,2587,472900,5/14/2026,aAa3x000000Zs0jCAC,Non Active Adult,46040,Fishers,Hamilton,18057,"Indianapolis-Carmel-Greenwood, IN",26900,IN,Hamilton Southeastern Schools,Hamilton Southeastern Jr High School; Southeastern Elementary School,9; 7,Hamilton Southeastern Jr High School,9,Hamilton Southeastern High School,10,,39.95638,-85.87368
aAfPc000001ltJqKAI,Haven at Whitestown,Davis Homes,,Active,,,Sheffield,3,2.00,1,2,1801,248990,5/20/2026,aAaPc000000rDS9KAM,Non Active Adult,46075,Whitestown,Boone,18011,"Indianapolis-Carmel-Greenwood, IN",26900,IN,Lebanon Community School Corp,Perry Worth Elementary School,6,Lebanon Middle School,5,Lebanon Senior High School,9,,39.99045,-86.34629
aAfPc000001tvczKAA,Legacy Woods at Wild Air,David Weekley Homes,,Active,,,Sugarbush,4,3.00,2,2,2475,669990,5/11/2026,aAaPc000001HcjtKAC,Non Active Adult,46077,Zionsville,Boone,18011,"Indianapolis-Carmel-Greenwood, IN",26900,IN,Zionsville Community Schools,Stonegate Elementary; Zionsville West Middle School,8; 8,Zionsville West Middle School,8,Zionsville Community High School,10,,39.95857,-86.30148
aAf3x000001WYtoCAG,Midland,Estridge Homes,,Active,,,The Carbon,3,2.50,2,2,2207,659900,5/7/2026,aAaPc000000WdwMKAS,Non Active Adult,46074,Westfield,Hamilton,18057,"Indianapolis-Carmel-Greenwood, IN",26900,IN,Westfield-Washington Schools,Westfield Intermediate School; Maple Glen Elementary,9; 8,Westfield Middle School,9,Westfield High School,10,,40.03976,-86.18435
aAf2T000001MiySSAS,Briar Creek Ranches,Ryan Homes,NVR Inc.,Active,,,Eden Cay,3,2.00,1,2,1696,312990,5/9/2026,aAaPc000000VBgjKAG,Non Active Adult,46184,Whiteland,Johnson,18081,"Indianapolis-Carmel-Greenwood, IN",26900,IN,Clark-Pleasant Com School Corp,Whiteland Elementary School,8,Clark Pleasant Middle School,7,Whiteland Community High School,5,,39.54723,-86.09546
aAf3x000001WYwsCAG,Trailside,D.R. Horton,"D.R. Horton, Inc.",Active,,,Dayton,5,3.50,2,3,3388,473900,5/29/2026,aAaPc000000Aj0gKAC,Non Active Adult,46075,Whitestown,Boone,18011,"Indianapolis-Carmel-Greenwood, IN",26900,IN,Lebanon Community School Corp,Perry Worth Elementary School,6,Lebanon Middle School,5,Lebanon Senior High School,9,,40.00540,-86.34623
aAf3x000001WrRNCA0,Grassy Creek South,Arbor Homes,Clayton Properties Group,Active,,,Ironwood,3,2.50,2,2,1968,282995,5/12/2026,aAa3x000000YjnqCAC,Non Active Adult,46239,Indianapolis,Marion,18097,"Indianapolis-Carmel-Greenwood, IN",26900,IN,M S D Warren Township,Creston Middle School; Grassy Creek Elementary School,4; 3,Creston Middle School,4,Warren Central High School,2,,39.74331,-85.97090
aAf3x000001QP13CAG,Brookstone Crossings,Pulte Homes,PulteGroup Inc.,Active,,,Westchester,4,2.50,2,2,3300,439990,5/12/2026,aAa3x000000ZgZ3CAK,Non Active Adult,46123,Avon,Hendricks,18063,"Indianapolis-Carmel-Greenwood, IN",26900,IN,Avon Community School Corp,Sycamore Elementary School; Avon Intermediate School East,8; 6,Avon Middle School North,10,Avon High School,10,,39.77761,-86.35361
aAfPc000000SpUDKA0,Pebble Brook Crossing,Drees Homes,,Active,,,PARKETTE,3,2.00,1,3,2284,541700,5/20/2026,aAaPc000000CHl7KAG,Non Active Adult,46062,Noblesville,Hamilton,18057,"Indianapolis-Carmel-Greenwood, IN",26900,IN,Noblesville Schools,Hazel Dell Elementary School,7,Noblesville West Middle School,9,Noblesville High School,10,,40.06461,-86.08762
aAfPc000000PyH7KAK,Harbor at Grand Park Village,Beazer Homes,,Active,,,Vienna,3,2.50,2,2,2148,379990,5/25/2026,aAaPc000000sjJVKAY,Non Active Adult,46074,Westfield,Hamilton,18057,"Indianapolis-Carmel-Greenwood, IN",26900,IN,Westfield-Washington Schools,Westfield Intermediate School; Monon Trail Elementary School,9; 6,Westfield Middle School,9,Westfield High School,10,,40.05416,-86.15546
aAf3x000001WYtoCAG,Midland,Estridge Homes,,Active,,,The Bradford,4,3.50,3,3,3175,802900,5/7/2026,aAaPc000001J4DpKAK,Non Active Adult,46074,Westfield,Hamilton,18057,"Indianapolis-Carmel-Greenwood, IN",26900,IN,Westfield-Washington Schools,Westfield Intermediate School; Maple Glen Elementary,9; 8,Westfield Middle School,9,Westfield High School,10,,40.03976,-86.18435
aAfPc000001PPseKAG,Harper Estates,D.R. Horton,"D.R. Horton, Inc.",Active,,,Johnstown,5,3.50,2,3,3182,484900,5/29/2026,aAaPc000000i9xFKAQ,Non Active Adult,46123,Avon,Hendricks,18063,"Indianapolis-Carmel-Greenwood, IN",26900,IN,Avon Community School Corp,Maple Elementary School; Avon Intermediate School East,8; 6,Avon Middle School North,10,Avon High School,10,,39.77059,-86.38074
aAf3x000000UKz9CAG,Crossroads at Southport,Beazer Homes,,Active,,,Jefferson,3,2.50,2,2,2395,334990,4/28/2026,aAa3x000000a1L5CAI,Non Active Adult,46259,Indianapolis,Marion,18097,"Indianapolis-Carmel-Greenwood, IN",26900,IN,Franklin Township Com Sch Corp,,,,,Franklin Central High School,9,,39.66658,-86.01158
aAf3x000000UOUyCAO,Bridle Oaks,Pulte Homes,PulteGroup Inc.,Active,,,Newberry,4,2.50,2,2,2376,372990,5/7/2026,aAa3x000000TqXvCAK,Non Active Adult,46075,Whitestown,Boone,18011,"Indianapolis-Carmel-Greenwood, IN",26900,IN,Lebanon Community School Corp,Perry Worth Elementary School,6,Lebanon Middle School,5,Lebanon Senior High School,9,,39.99164,-86.34494
aAfPc000001fCsvKAE,Courtyards of Cielo Ranch,EPCON Communities,,Active,,,Promenade,2,2.00,1,2,2054,571900,4/25/2026,aAaPc000000lPYYKA2,Active Adult,46074,Westfield,Hamilton,18057,"Indianapolis-Carmel-Greenwood, IN",26900,IN,Westfield-Washington Schools,Westfield Intermediate School; Oak Trace Elementary School,9; 8,Westfield Middle School,9,Westfield High School,10,,40.02250,-86.13990
aAf3x000001YafaCAC,Heron Creek,Arbor Homes,Clayton Properties Group,Active,,,Empress,5,2.50,2,2,3198,349995,5/10/2026,aAa3x000000gaIoCAI,Non Active Adult,46140,Greenfield,Hancock,18059,"Indianapolis-Carmel-Greenwood, IN",26900,IN,Mt Vernon Community Sch Corp,Mt Comfort Elementary School,6,Mt Vernon Middle School,6,Mt Vernon High School,8,,39.80734,-85.92481
aAf3x000001WmjKCAS,Sagebrook West/SF,M/I Homes,,Active,,,Cheswicke II Basement,3,2.00,1,2,2191,432490,3/30/2026,aAaPc000000Wdv7KAC,Non Active Adult,46239,Indianapolis,Marion,18097,"Indianapolis-Carmel-Greenwood, IN",26900,IN,Franklin Township Com Sch Corp,,,,,Franklin Central High School,9,,39.69289,-85.97854
aAfPc000001tIADKA2,Emerald Preserve,Fischer Homes,,Active,,,Fairfax,4,2.50,2,2,2330,365990,5/16/2026,aAaPc0000016SXMKA2,Non Active Adult,46239,Indianapolis,Marion,18097,"Indianapolis-Carmel-Greenwood, IN",26900,IN,Franklin Township Com Sch Corp,,,,,Franklin Central High School,9,,39.69260,-85.99509
aAfPc000001rcMjKAI,Welford at Easton Grey/Estates,Drees Homes,,Upcoming,,,CHAMP,5,4.50,2,2,3504,739900,4/12/2026,aAaPc0000015fCpKAI,Non Active Adult,46123,Avon,Hendricks,18063,"Indianapolis-Carmel-Greenwood, IN",26900,IN,Avon Community School Corp,River Birch Elementary; Avon Intermediate School East,8; 6,Avon Middle School North,10,Avon High School,10,,39.77407,-86.43379
aAf3x000001QdBeCAK,Towns at RiverWest,Pulte Homes,PulteGroup Inc.,Active,,,Ashton,3,2.50,2,2,1883,385000,5/22/2026,aAaPc0000005WUoKAM,Non Active Adult,46062,Noblesville,Hamilton,18057,"Indianapolis-Carmel-Greenwood, IN",26900,IN,Noblesville Schools,Noble Crossing Elementary School,8,Noblesville West Middle School,9,Noblesville High School,10,,40.00036,-86.03600
aAf3x000001QbsiCAC,Colonnade/Cornerstone Series,Taylor Morrison,,Active,,,Chelsea,3,2.50,2,2,2103,376000,5/23/2026,aAa3x000000ZoSoCAK,Non Active Adult,46055,McCordsville,Hancock,18059,"Indianapolis-Carmel-Greenwood, IN",26900,IN,Mt Vernon Community Sch Corp,McCordsville Elementary School,6,Mt Vernon Middle School,6,Mt Vernon High School,8,,39.89076,-85.91252
aAfPc000001dpN3KAI,Nickel Row,Onyx+East,,Active,,,Chatham on the Trail,2,2.50,4,2,2190,629900,5/25/2026,aAaPc0000016wNJKAY,Non Active Adult,46038,Fischers,Hamilton,18057,"Indianapolis-Carmel-Greenwood, IN",26900,IN,Hamilton Southeastern Schools,Riverside Intermediate School; Fishers Elementary School,10; 8,Riverside Jr High,8,Fishers High School,10,,39.95304,-86.02074
aAf3x000001QYqPCAW,Auburn Ridge,M/I Homes,,Active,,,Kentmore Basement,3,2.50,2,2,2070,483990,5/8/2026,aAaPc000000EgbGKAS,Non Active Adult,46112,Brownsburg,Hendricks,18063,"Indianapolis-Carmel-Greenwood, IN",26900,IN,Brownsburg Community Sch Corp,White Lick Elementary School,8,Brownsburg West Middle School,8,Brownsburg High School,10,,39.83231,-86.42558
aAf3x000000UKz9CAG,Crossroads at Southport,Beazer Homes,,Active,,,Hoover,3,2.00,1,2,1816,299990,4/28/2026,aAa3x000000giidCAA,Non Active Adult,46259,Indianapolis,Marion,18097,"Indianapolis-Carmel-Greenwood, IN",26900,IN,Franklin Township Com Sch Corp,,,,,Franklin Central High School,9,,39.66658,-86.01158
aAfPc000001L7hTKAS,Beyers Estates/Venture,Lennar,,Active,,,Hampshire,5,3.00,2,2,2422,370995,5/29/2026,aAaPc000000jXflKAE,Non Active Adult,46040,Fortville,Hancock,18059,"Indianapolis-Carmel-Greenwood, IN",26900,IN,Mt Vernon Community Sch Corp,Fortville Elementary School,7,Mt Vernon Middle School,6,Mt Vernon High School,8,,39.91139,-85.83463
aAfPc0000011TPBKA2,Angilee Gardens,D.R. Horton,"D.R. Horton, Inc.",Active,,,Dayton,5,3.50,2,3,3388,479900,3/19/2026,aAaPc000000jgcbKAA,Non Active Adult,46052,Lebanon,Boone,18011,"Indianapolis-Carmel-Greenwood, IN",26900,IN,Lebanon Community School Corp,Central Elementary School,9,Lebanon Middle School,5,Lebanon Senior High School,9,,40.07566,-86.46148
aAf3x000001WrTwCAK,Westwind at Cumberland,Arbor Homes,Clayton Properties Group,Active,,,Juniper,3,2.50,2,2,1760,273995,5/25/2026,aAa3x000000Yi6lCAC,Non Active Adult,46131,Franklin,Johnson,18081,"Indianapolis-Carmel-Greenwood, IN",26900,IN,Franklin Community School Corp,Custer Baker Intermediate School; Creekside Elementary School,7; 6,Franklin Community Middle School,7,Franklin Community High School,6,,39.49405,-86.08407
aAfPc000001QlihKAC,Magnolia Ridge/Venture,Lennar,,Active,,,Jasper,5,3.00,2,3,2578,446995,5/7/2026,aAaPc000000TWRJKA4,Non Active Adult,46062,Noblesville,Hamilton,18057,"Indianapolis-Carmel-Greenwood, IN",26900,IN,Noblesville Schools,Noble Crossing Elementary School,8,Noblesville West Middle School,9,Noblesville High School,10,,40.03641,-86.05722
aAf3x000001QItnCAG,Edgebrook Preserve,Silverthorne Homes,Clayton Properties Group,Active,,,Reagan,3,2.50,1,2,2300,350995,5/6/2026,aAa3x000000YT0pCAG,Non Active Adult,46239,Indianapolis,Marion,18097,"Indianapolis-Carmel-Greenwood, IN",26900,IN,Franklin Township Com Sch Corp,,,,,Franklin Central High School,9,,39.68209,-85.98408
aAf3x000001Qev2CAC,Centre Place/Tradition,D.R. Horton,"D.R. Horton, Inc.",Active,,,Aldridge,3,2.00,1,2,1272,292900,5/29/2026,aAaPc000000ICxrKAG,Non Active Adult,46069,Sheridan,Hamilton,18057,"Indianapolis-Carmel-Greenwood, IN",26900,IN,Sheridan Community Schools,Sheridan Elementary School,7,Sheridan Middle School,8,Sheridan High School,8,,40.14310,-86.21876
aAf3x000001QWMGCA4,Haven Ponds,Silverthorne Homes,Clayton Properties Group,Active,,,Monroe,4,2.50,2,2,3310,445995,5/12/2026,aAaPc00000096ljKAA,Non Active Adult,46055,McCordsville,Hancock,18059,"Indianapolis-Carmel-Greenwood, IN",26900,IN,Mt Vernon Community Sch Corp,McCordsville Elementary School,6,Mt Vernon Middle School,6,Mt Vernon High School,8,,39.92797,-85.89899
aAf3x000001WbpECAS,Preserve at Brookside,Bridgenorth Homes,,Active,,,Grant,2,2.00,1,2,1759,385490,5/22/2026,aAaPc000000wMBRKA2,Non Active Adult,46055,McCordsville,Hancock,18059,"Indianapolis-Carmel-Greenwood, IN",26900,IN,Mt Vernon Community Sch Corp,McCordsville Elementary School,6,Mt Vernon Middle School,6,Mt Vernon High School,8,,39.91258,-85.92031
aAfPc000001lT7dKAE,The Towns,Estridge Homes,,Active,,,The Spencer,2,2.50,2,2,1583,388000,5/7/2026,aAaPc000000pnWXKAY,Non Active Adult,46074,Westfield,Hamilton,18057,"Indianapolis-Carmel-Greenwood, IN",26900,IN,Westfield-Washington Schools,Westfield Intermediate School; Maple Glen Elementary,9; 8,Westfield Middle School,9,Westfield High School,10,,40.03976,-86.18435
aAf3x000001WTU0CAO,Sawyer Walk,M/I Homes,,Active,,,Columbia Basement,4,2.50,2,2,2878,526490,5/29/2026,aAaPc000000U1JfKAK,Non Active Adult,46106,Bargersville,Johnson,18081,"Indianapolis-Carmel-Greenwood, IN",26900,IN,Center Grove Com Sch Corp,Maple Grove Elementary School,8,Center Grove Middle School Central,8,Center Grove High School,10,,39.52297,-86.17236
aAf3x000001QisLCAS,Jackson Run,Ryan Homes,NVR Inc.,Active,,,Dominica Spring,3,2.00,1,2,1694,319990,5/8/2026,aAaPc000001JLszKAG,Non Active Adult,46075,Whitestown,Boone,18011,"Indianapolis-Carmel-Greenwood, IN",26900,IN,Lebanon Community School Corp,Perry Worth Elementary School,6,Lebanon Middle School,5,Lebanon Senior High School,9,,40.01014,-86.33408
aAfPc000001U6SRKA0,Honey Creek Farms/Alley-Load Venture,Lennar,,Upcoming,,,Harrison,3,2.00,1,2,1549,,5/22/2026,aAaPc000001Ear3KAC,Non Active Adult,46143,Greenwood,Johnson,18081,"Indianapolis-Carmel-Greenwood, IN",26900,IN,Center Grove Com Sch Corp,Center Grove Elementary School,7,Center Grove Middle School Central,8,Center Grove High School,10,,39.56905,-86.14219
aAfPc000000CAtFKAW,Kingsbridge Venture,Lennar,,Active,,,Jasper,5,3.00,2,3,2578,400995,4/29/2026,aAaPc000001IHeXKAW,Non Active Adult,46131,Franklin,Johnson,18081,"Indianapolis-Carmel-Greenwood, IN",26900,IN,Franklin Community School Corp,Custer Baker Intermediate School; Creekside Elementary School,7; 6,Franklin Community Middle School,7,Franklin Community High School,6,,39.53148,-86.08285
aAf3x000001YhaeCAC,Atwater/Villas,Olthof Homes,,Active,,,Cadenza (SF Villas),2,2.00,1,2,1897,374100,5/23/2026,aAa3x000000gsLwCAI,Non Active Adult,46069,Sheridan,Hamilton,18057,"Indianapolis-Carmel-Greenwood, IN",26900,IN,Westfield-Washington Schools,Westfield Intermediate School; Monon Trail Elementary School,9; 6,Westfield Middle School,9,Westfield High School,10,,40.06794,-86.18028
aAf3x000001WqmWCAS,Nouveau,Onyx+East,,Active,,,Nouveau Riley,3,2.50,3,2,2093,724900,5/18/2026,aAa3x000000UpqtCAC,Non Active Adult,46202,Indianapolis,Marion,18097,"Indianapolis-Carmel-Greenwood, IN",26900,IN,Indianapolis Public Schools,Thomas D. Gregg School 15; Brookside School 54,4; 4,Arlington Community Middle School,5,Arsenal Technical High School; George Washington Community High School...,1; 1,,39.78382,-86.15265
aAfPc00000163QrKAI,Oberlin/Simplicity,Taylor Morrison,,Active,,,Simplicity 2364,4,2.50,2,2,2364,353000,5/6/2026,aAaPc000000cKntKAE,Non Active Adult,46113,Camby,Marion,18097,"Indianapolis-Carmel-Greenwood, IN",26900,IN,M S D Decatur Township,West Newton Elementary School,5,Decatur Middle School,3,Decatur Central High School,3,,39.65344,-86.31662
aAf3x000001WdR1CAK,Grantham,David Weekley Homes,,Active,,,Sandborn,4,3.00,2,3,2990,616990,4/14/2026,aAaPc000000oG3vKAE,Non Active Adult,46038,Fishers,Hamilton,18057,"Indianapolis-Carmel-Greenwood, IN",26900,IN,Hamilton Southeastern Schools,Riverside Intermediate School; New Britton Elementary School,10; 7,Riverside Jr High,8,Fishers High School,10,,39.96160,-86.01752
aAfPc000001DU69KAG,Midland/Terraces TH,Estridge Homes,,Active,,,The Terreton,2,2.50,3,2,1567,414900,5/7/2026,aAaPc000001J59tKAC,Non Active Adult,46074,Westfield,Hamilton,18057,"Indianapolis-Carmel-Greenwood, IN",26900,IN,Westfield-Washington Schools,Westfield Intermediate School; Maple Glen Elementary,9; 8,Westfield Middle School,9,Westfield High School,10,,40.03976,-86.18435
aAf3x000001QNemCAG,The Cove,Fischer Homes,,Active,,,Huxley,4,2.50,2,0,3180,689990,4/30/2026,aAa3x000000ZiVWCA0,Non Active Adult,46040,Fishers,Hamilton,18057,"Indianapolis-Carmel-Greenwood, IN",26900,IN,Hamilton Southeastern Schools,Hamilton Southeastern Jr High School; Southeastern Elementary School,9; 7,Hamilton Southeastern Jr High School,9,Hamilton Southeastern High School,10,,39.96309,-85.89215
aAfPc000001ltJqKAI,Haven at Whitestown,Davis Homes,,Active,,,Payton,4,2.50,2,2,2285,256990,5/20/2026,aAaPc000000rDK5KAM,Non Active Adult,46075,Whitestown,Boone,18011,"Indianapolis-Carmel-Greenwood, IN",26900,IN,Lebanon Community School Corp,Perry Worth Elementary School,6,Lebanon Middle School,5,Lebanon Senior High School,9,,39.99045,-86.34629
aAfPc000001gMOrKAM,Midelton/Arrival,Arbor Homes,Clayton Properties Group,Active,,,Victoria,3,2.00,2,2,1428,229995,5/7/2026,aAaPc000001E0boKAC,Non Active Adult,46235,Indianapolis,Marion,18097,"Indianapolis-Carmel-Greenwood, IN",26900,IN,M S D Lawrence Township,Winding Ridge Elementary School,3,Belzer Middle School,3,Lawrence Central High School,3,,39.84089,-85.96899
aAf3x000001QeGfCAK,Berry Chase,M/I Homes,,Active,,,Glendale,4,2.50,2,2,3152,468990,5/25/2026,aAaPc000000TWSGKA4,Non Active Adult,46143,Greenwood,Johnson,18081,"Indianapolis-Carmel-Greenwood, IN",26900,IN,Center Grove Com Sch Corp,Sugar Grove Elementary School,6,Center Grove Middle School North,8,Center Grove High School,10,,39.60149,-86.17949
aAfPc000001kVOPKA2,Mohawk Trails,Lennar,,Active,,,Shafer II,3,2.00,1,2,2017,391995,5/6/2026,aAaPc00000167wBKAQ,Non Active Adult,46140,Greenfield,Hancock,18059,"Indianapolis-Carmel-Greenwood, IN",26900,IN,Greenfield-Central Com Schools,Weston Elementary School; Greenfield Intermediate School,5; 5,Greenfield Central Junior High School,6,Greenfield-Central High School,7,,39.78647,-85.83935
aAfPc000000bGErKAM,Parkside at Finch Creek/Landings,Pulte Homes,PulteGroup Inc.,Active,,,Waldorf,4,2.50,2,2,2853,421990,5/16/2026,aAaPc0000013fyvKAA,Non Active Adult,46060,Noblesville,Hamilton,18057,"Indianapolis-Carmel-Greenwood, IN",26900,IN,Hamilton Southeastern Schools,Hamilton Southeastern Jr High School; Deer Creek Elementary,9; 7,Hamilton Southeastern Jr High School,9,Hamilton Southeastern High School,10,,40.03075,-85.93807
aAfPc000001lT7dKAE,The Towns,Estridge Homes,,Active,,,The Linton,2,2.50,2,2,1393,379000,5/7/2026,aAaPc0000017BUPKA2,Non Active Adult,46074,Westfield,Hamilton,18057,"Indianapolis-Carmel-Greenwood, IN",26900,IN,Westfield-Washington Schools,Westfield Intermediate School; Maple Glen Elementary,9; 8,Westfield Middle School,9,Westfield High School,10,,40.03976,-86.18435
aAf3x000001QeGfCAK,Berry Chase,M/I Homes,,Active,,,Ainsley II,4,2.50,2,2,3160,493990,5/25/2026,aAaPc000000P11mKAC,Non Active Adult,46143,Greenwood,Johnson,18081,"Indianapolis-Carmel-Greenwood, IN",26900,IN,Center Grove Com Sch Corp,Sugar Grove Elementary School,6,Center Grove Middle School North,8,Center Grove High School,10,,39.60149,-86.17949
aAfPc000001M4UDKA0,Finch Creek,Taylor Morrison,,Active,,,Chelsea,3,2.50,2,2,2103,402000,5/15/2026,aAaPc0000018rNhKAI,Non Active Adult,46060,Noblesville,Hamilton,18057,"Indianapolis-Carmel-Greenwood, IN",26900,IN,Hamilton Southeastern Schools,Hamilton Southeastern Jr High School; Deer Creek Elementary,9; 7,Hamilton Southeastern Jr High School,9,Hamilton Southeastern High School,10,,40.01628,-85.93812
aAfPc000000iAOuKAM,Retreat at Morse,Beazer Homes,,Active,,,Milan,3,2.00,1,2,1764,344990,5/29/2026,aAaPc000000YvlbKAC,Non Active Adult,46062,Noblesville,Hamilton,18057,"Indianapolis-Carmel-Greenwood, IN",26900,IN,Noblesville Schools,Hinkle Creek Elementary School,8,Noblesville West Middle School,9,Noblesville High School,10,,40.07285,-86.03676
aAfPc000001qNZjKAM,Darlington Villas/Arbor,Arbor Homes,Clayton Properties Group,Active,,,Spruce,4,2.50,2,2,2343,294995,5/25/2026,aAaPc000001BHBcKAO,Non Active Adult,46147,Jamestown,Boone,18011,"Indianapolis-Carmel-Greenwood, IN",26900,IN,Western Boone County Com Sch District,,,Western Boone Jr-Sr High School,6,Western Boone Jr-Sr High School,6,,39.93518,-86.62913
aAf3x000001QNemCAG,The Cove,Fischer Homes,,Active,,,Avery,4,2.00,2,2,2535,558990,4/30/2026,aAa3x000000ZiVeCAK,Non Active Adult,46040,Fishers,Hamilton,18057,"Indianapolis-Carmel-Greenwood, IN",26900,IN,Hamilton Southeastern Schools,Hamilton Southeastern Jr High School; Southeastern Elementary School,9; 7,Hamilton Southeastern Jr High School,9,Hamilton Southeastern High School,10,,39.96309,-85.89215
aAfPc0000016BppKAE,Harvest Trail of Westfield/Signature Collection,David Weekley Homes,,Active,,,Crestline,3,2.50,2,3,2565,604990,5/25/2026,aAaPc000000RtI9KAK,Non Active Adult,46074,Westfield,Hamilton,18057,"Indianapolis-Carmel-Greenwood, IN",26900,IN,Westfield-Washington Schools,Westfield Intermediate School; Monon Trail Elementary School,9; 6,Westfield Middle School,9,Westfield High School,10,,40.06467,-86.14415
aAfPc000000ziNVKAY,Flora/SF,Onyx+East,,Active,,,Astoria,3,2.50,2,2,2175,729900,5/13/2026,aAaPc000000uKGzKAM,Non Active Adult,46290,Carmel,Hamilton,18057,"Indianapolis-Carmel-Greenwood, IN",26900,IN,Carmel Clay Schools,Towne Meadow Elementary School,9,Creekside Middle School,10,Carmel High School,10,,39.93223,-86.16525
aAf3x000001QLLnCAO,Meadows at Belleview,D.R. Horton,"D.R. Horton, Inc.",Active,,,Fairfax,4,3.00,1,3,1961,407000,4/1/2026,aAaPc000000Cw9YKAS,Non Active Adult,46143,Greenwood,Johnson,18081,"Indianapolis-Carmel-Greenwood, IN",26900,IN,Center Grove Com Sch Corp,Pleasant Grove Elementary School,8,Center Grove Middle School North,8,Center Grove High School,10,,39.59582,-86.21492
aAf3x000001QfKWCA0,Colonnade Estates,Beazer Homes,,Active,,,Wabash,3,2.00,1,3,2193,449990,5/1/2026,aAaPc000001F9TpKAK,Non Active Adult,46055,McCordsville,Hancock,18059,"Indianapolis-Carmel-Greenwood, IN",26900,IN,Mt Vernon Community Sch Corp,McCordsville Elementary School,6,Mt Vernon Middle School,6,Mt Vernon High School,8,,39.88600,-85.90997
aAfPc000001M4UDKA0,Finch Creek,Taylor Morrison,,Active,,,Sonoma,3,2.50,2,2,2049,402000,5/15/2026,aAaPc0000018rNgKAI,Non Active Adult,46060,Noblesville,Hamilton,18057,"Indianapolis-Carmel-Greenwood, IN",26900,IN,Hamilton Southeastern Schools,Hamilton Southeastern Jr High School; Deer Creek Elementary,9; 7,Hamilton Southeastern Jr High School,9,Hamilton Southeastern High School,10,,40.01628,-85.93812
aAf3x000001YlGQCA0,Brandywine Fields,Ryan Homes,NVR Inc.,Active,,,Tupelo,3,2.00,1,2,1533,259990,4/27/2026,aAaPc000000HDGzKAO,Non Active Adult,46140,Greenfield,Hancock,18059,"Indianapolis-Carmel-Greenwood, IN",26900,IN,Greenfield-Central Com Schools,J B Stephens Elementary School; Maxwell Intermediate School,8; 6,Greenfield Central Junior High School,6,Greenfield-Central High School,7,,39.81131,-85.74918
aAfPc000001M4dtKAC,Rockridge,Taylor Morrison,,Active,,,Legacy 1843,3,2.50,2,2,1843,317500,5/12/2026,aAaPc0000011sWhKAI,Non Active Adult,46229,Warren Twp,Hancock,18059,"Indianapolis-Carmel-Greenwood, IN",26900,IN,New Palestine Community Schools,Sugar Creek Elementary School,6,New Palestine Jr High School,8,New Palestine High School,10,,39.77452,-85.95037
aAf2T000001UM5RSAW,Bluffs at Youngs Creek,Arbor Homes,Clayton Properties Group,Active,,,Norway,5,2.50,2,2,2961,337995,3/31/2026,aAa2T000000c7mdSAA,Non Active Adult,46131,Franklin,Johnson,18081,"Indianapolis-Carmel-Greenwood, IN",26900,IN,Franklin Community School Corp,Custer Baker Intermediate School; Creekside Elementary School,7; 6,Franklin Community Middle School,7,Franklin Community High School,6,,39.46475,-86.06519
aAf3x000001ckkUCAQ,Lindley Run/THs,Olthof Homes,,Active,,,Sutton,2,1.50,2,2,1394,288530,5/25/2026,aAa3x000000Y6fTCAS,Non Active Adult,46074,Westfield,Hamilton,18057,"Indianapolis-Carmel-Greenwood, IN",26900,IN,Westfield-Washington Schools,Westfield Intermediate School; Washington Woods Elementary School,9; 7,Westfield Middle School,9,Westfield High School,10,,40.06833,-86.10631
aAf3x000001YgExCAK,Courtyards of Westfield,EPCON Communities,,Active,,,Provenance Craftsman,2,2.50,1,3,2821,656900,5/5/2026,aAaPc000000wnnUKAQ,Non Active Adult,46074,Westfield,Hamilton,18057,"Indianapolis-Carmel-Greenwood, IN",26900,IN,Westfield-Washington Schools,Westfield Intermediate School; Shamrock Springs Elementary School,9; 8,Westfield Middle School,9,Westfield High School,10,,40.00465,-86.20697
aAfPc000000zk2jKAA,Bo-Mar Estates/ SF,Olthof Homes,,Active,,,Lakewood,3,2.00,1,3,2182,442900,5/23/2026,aAaPc000000zAiPKAU,Non Active Adult,46168,Plainfield,Hendricks,18063,"Indianapolis-Carmel-Greenwood, IN",26900,IN,Avon Community School Corp,Cedar Elementary School; Avon Intermediate School West,7; 7,Avon Middle School South,10,Avon High School,10,,39.72793,-86.36178
aAfPc000000PEhJKAW,Fox Creek/Tradition,D.R. Horton,"D.R. Horton, Inc.",Active,,,Stamford,4,2.50,2,2,2346,392900,5/8/2026,aAaPc000000XFY9KAO,Non Active Adult,46118,Clayton,Hendricks,18063,"Indianapolis-Carmel-Greenwood, IN",26900,IN,Mill Creek Community Sch Corp,,,,,Cascade Senior High School,10,,39.67777,-86.45757
aAf2T000001MbYBSA0,Waterfront of West Clay/Island,Shoopman Homes,,Active,,,Dove,4,4.00,2,3,3909,1081900,5/25/2026,aAa3x000000UTmWCAW,Non Active Adult,46077,Zionsville,Hamilton,18057,"Indianapolis-Carmel-Greenwood, IN",26900,IN,Carmel Clay Schools,West Clay Elementary,9,Creekside Middle School,10,Carmel High School,10,,39.95694,-86.23909
aAf3x000001WqBjCAK,Trailside/TH,M/I Homes,,Active,,,T1500,2,2.50,3,2,1523,271990,5/16/2026,aAaPc0000003mooKAA,Non Active Adult,46112,Brownsburg,Hendricks,18063,"Indianapolis-Carmel-Greenwood, IN",26900,IN,Brownsburg Community Sch Corp,White Lick Elementary School,8,Brownsburg West Middle School,8,Brownsburg High School,10,,39.81316,-86.40060
aAfPc000001tIADKA2,Emerald Preserve,Fischer Homes,,Active,,,Emmett,2,2.00,1,2,2212,408990,5/16/2026,aAaPc0000016SXbKAM,Non Active Adult,46239,Indianapolis,Marion,18097,"Indianapolis-Carmel-Greenwood, IN",26900,IN,Franklin Township Com Sch Corp,,,,,Franklin Central High School,9,,39.69260,-85.99509
aAf3x000001QR5BCAW,Colonnade Signature,Beazer Homes,,Active,,,Charleston,2,2.00,1,3,2214,459990,4/23/2026,aAaPc00000123QFKAY,Non Active Adult,46055,McCordsville,Hancock,18059,"Indianapolis-Carmel-Greenwood, IN",26900,IN,Mt Vernon Community Sch Corp,McCordsville Elementary School,6,Mt Vernon Middle School,6,Mt Vernon High School,8,,39.89064,-85.91169
aAfPc000001EjxZKAS,White Oak Estates,Drees Homes,,Active,,,HORIZON,5,2.00,2,2,3334,633900,5/20/2026,aAaPc000000ZgvdKAC,Non Active Adult,46123,Avon,Hendricks,18063,"Indianapolis-Carmel-Greenwood, IN",26900,IN,Avon Community School Corp,Sycamore Elementary School; Avon Intermediate School East,8; 6,Avon Middle School North,10,Avon High School,10,,39.79188,-86.39403
aAfPc000001lg85KAA,Saratoga Village/Rearload,Lennar,,Active,,,Talbott II,3,2.50,3,2,2063,340340,4/23/2026,aAaPc000000zdzjKAA,Non Active Adult,46168,Plainfield,Hendricks,18063,"Indianapolis-Carmel-Greenwood, IN",26900,IN,Plainfield Community Sch Corp,Central Elementary School,9,Plainfield Com Middle School,8,Plainfield High School,9,,39.70128,-86.42016
aAfPc000001tIADKA2,Emerald Preserve,Fischer Homes,,Active,,,Breckenridge,4,2.50,2,2,3135,381990,5/16/2026,aAaPc0000016SXSKA2,Non Active Adult,46239,Indianapolis,Marion,18097,"Indianapolis-Carmel-Greenwood, IN",26900,IN,Franklin Township Com Sch Corp,,,,,Franklin Central High School,9,,39.69260,-85.99509
aAfPc000001qNZjKAM,Darlington Villas/Arbor,Arbor Homes,Clayton Properties Group,Active,,,Aspen II,4,2.50,2,2,2176,290995,5/25/2026,aAaPc000001BHBfKAO,Non Active Adult,46147,Jamestown,Boone,18011,"Indianapolis-Carmel-Greenwood, IN",26900,IN,Western Boone County Com Sch District,,,Western Boone Jr-Sr High School,6,Western Boone Jr-Sr High School,6,,39.93518,-86.62913
aAf3x000001YafaCAC,Heron Creek,Arbor Homes,Clayton Properties Group,Active,,,Chestnut,3,2.00,1,0,1801,300995,5/10/2026,aAa3x000000gaIqCAI,Non Active Adult,46140,Greenfield,Hancock,18059,"Indianapolis-Carmel-Greenwood, IN",26900,IN,Mt Vernon Community Sch Corp,Mt Comfort Elementary School,6,Mt Vernon Middle School,6,Mt Vernon High School,8,,39.80734,-85.92481
aAfPc000001RqDMKA0,Rockport,M/I Homes,,Active,,,Berkeley Basement,4,2.50,2,2,3273,576490,5/22/2026,aAaPc000000hE3FKAU,Non Active Adult,46055,Vernon,Hancock,18059,"Indianapolis-Carmel-Greenwood, IN",26900,IN,Mt Vernon Community Sch Corp,McCordsville Elementary School,6,Mt Vernon Middle School,6,Mt Vernon High School,8,,39.91552,-85.92644
aAfPc000001tIADKA2,Emerald Preserve,Fischer Homes,,Active,,,Grandin,4,2.00,2,2,2711,445990,5/16/2026,aAaPc0000016SXOKA2,Non Active Adult,46239,Indianapolis,Marion,18097,"Indianapolis-Carmel-Greenwood, IN",26900,IN,Franklin Township Com Sch Corp,,,,,Franklin Central High School,9,,39.69260,-85.99509
aAf3x000001QeudCAC,Miles Farm/Tradition,D.R. Horton,"D.R. Horton, Inc.",Active,,,Chatham,4,2.00,1,2,1771,317900,5/19/2026,aAaPc00000065ZMKAY,Non Active Adult,46122,Danville,Hendricks,18063,"Indianapolis-Carmel-Greenwood, IN",26900,IN,Danville Community School Corp,Danville Middle School; South Elementary School,8; 7,Danville Middle School,8,Danville Community High School,8,,39.76422,-86.53935
aAf3x000001QYqPCAW,Auburn Ridge,M/I Homes,,Active,,,Cheswicke II,3,2.00,1,2,2191,426990,5/8/2026,aAaPc000000Egb8KAC,Non Active Adult,46112,Brownsburg,Hendricks,18063,"Indianapolis-Carmel-Greenwood, IN",26900,IN,Brownsburg Community Sch Corp,White Lick Elementary School,8,Brownsburg West Middle School,8,Brownsburg High School,10,,39.83231,-86.42558
aAf3x000001WqpfCAC,Somerset West,Silverthorne Homes,Clayton Properties Group,Active,,,Monroe,4,2.50,2,2,3310,482995,4/25/2026,aAa3x000000YhtGCAS,Non Active Adult,46074,Westfield,Hamilton,18057,"Indianapolis-Carmel-Greenwood, IN",26900,IN,Westfield-Washington Schools,Westfield Intermediate School; Monon Trail Elementary School,9; 6,Westfield Middle School,9,Westfield High School,10,,40.04570,-86.17919
aAf3x000001QYOMCA4,Trescott Gardens,Drees Homes,,Active,,,BUCHANAN,4,2.50,2,2,2718,518900,5/22/2026,aAa3x000000ZfW9CAK,Non Active Adult,46168,Plainfield,Hendricks,18063,"Indianapolis-Carmel-Greenwood, IN",26900,IN,Plainfield Community Sch Corp,Clarks Creek Elementary,5,Plainfield Com Middle School,8,Plainfield High School,9,,39.67444,-86.40719
aAfPc000001vB07KAE,Finley Creek,Pulte Homes,PulteGroup Inc.,Upcoming,,,Continental,4,2.50,2,2,3008,,5/19/2026,aAaPc000001GtnxKAC,Non Active Adult,46069,Sheridan,Hamilton,18057,"Indianapolis-Carmel-Greenwood, IN",26900,IN,Westfield-Washington Schools,Westfield Intermediate School; Monon Trail Elementary School,9; 6,Westfield Middle School,9,Westfield High School,10,,40.06792,-86.18552
aAfPc000001F5I9KAK,Parkview Village,D.R. Horton,"D.R. Horton, Inc.",Active,,,Elwood,3,2.50,1,2,1839,355900,4/23/2026,aAaPc000001El2MKAS,Non Active Adult,46140,Cumberland,Hancock,18059,"Indianapolis-Carmel-Greenwood, IN",26900,IN,New Palestine Community Schools,Sugar Creek Elementary School,6,New Palestine Jr High School,8,New Palestine High School,10,,39.77823,-85.93275
aAf3x000001WYtoCAG,Midland,Estridge Homes,,Active,,,The Madison,3,2.50,1,2,1758,504900,5/7/2026,aAaPc000000WdwTKAS,Non Active Adult,46074,Westfield,Hamilton,18057,"Indianapolis-Carmel-Greenwood, IN",26900,IN,Westfield-Washington Schools,Westfield Intermediate School; Maple Glen Elementary,9; 8,Westfield Middle School,9,Westfield High School,10,,40.03976,-86.18435
aAfPc000001dVUrKAM,Helm's Mill,M/I Homes,,Active,,,Everly,4,2.50,2,2,3034,415990,5/26/2026,aAaPc000000wg2ZKAQ,Non Active Adult,46055,McCordsville,Hancock,18059,"Indianapolis-Carmel-Greenwood, IN",26900,IN,Mt Vernon Community Sch Corp,McCordsville Elementary School,6,Mt Vernon Middle School,6,Mt Vernon High School,8,,39.92796,-85.88460
aAf3x000001QWMGCA4,Haven Ponds,Silverthorne Homes,Clayton Properties Group,Active,,,Jefferson,3,2.00,1,2,2241,382995,5/12/2026,aAaPc00000096liKAA,Non Active Adult,46055,McCordsville,Hancock,18059,"Indianapolis-Carmel-Greenwood, IN",26900,IN,Mt Vernon Community Sch Corp,McCordsville Elementary School,6,Mt Vernon Middle School,6,Mt Vernon High School,8,,39.92797,-85.89899
aAf3x000001YlGQCA0,Brandywine Fields,Ryan Homes,NVR Inc.,Active,,,Cedar,4,2.50,2,2,1903,289990,4/27/2026,aAa3x000000TxITCA0,Non Active Adult,46140,Greenfield,Hancock,18059,"Indianapolis-Carmel-Greenwood, IN",26900,IN,Greenfield-Central Com Schools,J B Stephens Elementary School; Maxwell Intermediate School,8; 6,Greenfield Central Junior High School,6,Greenfield-Central High School,7,,39.81131,-85.74918
aAfPc000001fA4TKAU,Parkside at Finch Creek/Crossings Side Load,Pulte Homes,PulteGroup Inc.,Active,,,Westchester - Side Load,4,2.50,2,2,3300,497990,5/19/2026,aAaPc000000bf5jKAA,Non Active Adult,46060,Noblesville,Hamilton,18057,"Indianapolis-Carmel-Greenwood, IN",26900,IN,Hamilton Southeastern Schools,Hamilton Southeastern Jr High School; Deer Creek Elementary,9; 7,Hamilton Southeastern Jr High School,9,Hamilton Southeastern High School,10,,40.03075,-85.93807
aAfPc000001lqsDKAQ,Pheasant Grove,Ryan Homes,NVR Inc.,Active,,,Grand Bahama,3,2.00,1,2,1338,277990,5/29/2026,aAaPc0000012pYvKAI,Non Active Adult,46122,Danville,Hendricks,18063,"Indianapolis-Carmel-Greenwood, IN",26900,IN,Danville Community School Corp,Danville Middle School; South Elementary School,8; 7,Danville Middle School,8,Danville Community High School,8,,39.74807,-86.55825
aAfPc0000016CXNKA2,Harvest Trail of Westfield/Courtyard Collection,David Weekley Homes,,Active,,,Littleton,3,2.50,2,2,1859,381990,4/11/2026,aAaPc000000RtLNKA0,Non Active Adult,46074,Westfield,Hamilton,18057,"Indianapolis-Carmel-Greenwood, IN",26900,IN,Westfield-Washington Schools,Westfield Intermediate School; Monon Trail Elementary School,9; 6,Westfield Middle School,9,Westfield High School,10,,40.06467,-86.14415
aAf3x000001QisLCAS,Jackson Run,Ryan Homes,NVR Inc.,Active,,,Eden Cay,3,2.00,1,2,1696,323990,5/8/2026,aAaPc000001AUttKAG,Non Active Adult,46075,Whitestown,Boone,18011,"Indianapolis-Carmel-Greenwood, IN",26900,IN,Lebanon Community School Corp,Perry Worth Elementary School,6,Lebanon Middle School,5,Lebanon Senior High School,9,,40.01014,-86.33408
aAf3x000001WYtoCAG,Midland,Estridge Homes,,Active,,,The Ives,3,2.50,2,2,2848,752900,5/7/2026,aAaPc000000WdwXKAS,Non Active Adult,46074,Westfield,Hamilton,18057,"Indianapolis-Carmel-Greenwood, IN",26900,IN,Westfield-Washington Schools,Westfield Intermediate School; Maple Glen Elementary,9; 8,Westfield Middle School,9,Westfield High School,10,,40.03976,-86.18435
aAf3x000001WdR1CAK,Grantham,David Weekley Homes,,Active,,,Landram,4,3.00,2,3,2853,597990,4/14/2026,aAaPc000000oG3wKAE,Non Active Adult,46038,Fishers,Hamilton,18057,"Indianapolis-Carmel-Greenwood, IN",26900,IN,Hamilton Southeastern Schools,Riverside Intermediate School; New Britton Elementary School,10; 7,Riverside Jr High,8,Fishers High School,10,,39.96160,-86.01752
aAfPc000000zi49KAA,Flora/TH,Onyx+East,,Active,,,Fletcher Front Porch,2,2.50,3,2,1868,429900,5/13/2026,aAaPc000000MCgrKAG,Non Active Adult,46290,Carmel,Hamilton,18057,"Indianapolis-Carmel-Greenwood, IN",26900,IN,Carmel Clay Schools,Towne Meadow Elementary School,9,Creekside Middle School,10,Carmel High School,10,,39.93223,-86.16525
aAfPc000000zk2jKAA,Bo-Mar Estates/ SF,Olthof Homes,,Active,,,Rowan,4,2.50,2,2,2820,448600,5/23/2026,aAaPc000000O6FZKA0,Non Active Adult,46168,Plainfield,Hendricks,18063,"Indianapolis-Carmel-Greenwood, IN",26900,IN,Avon Community School Corp,Cedar Elementary School; Avon Intermediate School West,7; 7,Avon Middle School South,10,Avon High School,10,,39.72793,-86.36178
aAfPc000001JC8FKAW,Highlands,Pulte Homes,PulteGroup Inc.,Active,,,Finch,4,2.50,2,2,2062,347990,5/19/2026,aAaPc000000fHNGKA2,Non Active Adult,46075,Whitestown,Boone,18011,"Indianapolis-Carmel-Greenwood, IN",26900,IN,Lebanon Community School Corp,Perry Worth Elementary School,6,Lebanon Middle School,5,Lebanon Senior High School,9,,39.98320,-86.35628
aAf2T000001UM5RSAW,Bluffs at Youngs Creek,Arbor Homes,Clayton Properties Group,Active,,,Cooper,4,2.50,2,0,2813,331995,3/31/2026,aAa2T000000c7meSAA,Non Active Adult,46131,Franklin,Johnson,18081,"Indianapolis-Carmel-Greenwood, IN",26900,IN,Franklin Community School Corp,Custer Baker Intermediate School; Creekside Elementary School,7; 6,Franklin Community Middle School,7,Franklin Community High School,6,,39.46475,-86.06519
aAf2T000001MbYESA0,Waterfront of West Clay/Penninsula,Shoopman Homes,,Active,,,Cardinal,5,4.50,2,3,4510,1209900,5/25/2026,aAa2T000000okiNSAQ,Non Active Adult,46077,Zionsville,Hamilton,18057,"Indianapolis-Carmel-Greenwood, IN",26900,IN,Carmel Clay Schools,West Clay Elementary,9,Creekside Middle School,10,Carmel High School,10,,39.95694,-86.23909
aAf3x000001QNelCAG,Hampton Walk/ Maple and Designer,Fischer Homes,,Active,,,Breckenridge,4,2.50,2,2,3135,417990,4/29/2026,aAa3x000000a4XKCAY,Non Active Adult,46055,McCordsville,Hancock,18059,"Indianapolis-Carmel-Greenwood, IN",26900,IN,Mt Vernon Community Sch Corp,McCordsville Elementary School,6,Mt Vernon Middle School,6,Mt Vernon High School,8,,39.88787,-85.91986
aAf3x000001WdclCAC,Chatham Village/Cottage Collection,David Weekley Homes,,Active,,,Appleseed,3,3.00,2,2,2686,679990,5/9/2026,aAa3x000000ZqrKCAS,Non Active Adult,46074,Westfield,Hamilton,18057,"Indianapolis-Carmel-Greenwood, IN",26900,IN,Westfield-Washington Schools,Westfield Intermediate School; Monon Trail Elementary School,9; 6,Westfield Middle School,9,Westfield High School,10,,40.08103,-86.13605
aAf3x000001QNemCAG,The Cove,Fischer Homes,,Active,,,Everett,2,2.00,1,2,2212,661990,4/30/2026,aAa3x000000ZiViCAK,Non Active Adult,46040,Fishers,Hamilton,18057,"Indianapolis-Carmel-Greenwood, IN",26900,IN,Hamilton Southeastern Schools,Hamilton Southeastern Jr High School; Southeastern Elementary School,9; 7,Hamilton Southeastern Jr High School,9,Hamilton Southeastern High School,10,,39.96309,-85.89215
aAfPc0000018qnFKAQ,Parkrose/SF,Fischer Homes,,Active,,,Wembley,2,1.50,1,2,1247,232990,4/6/2026,aAaPc000000VShZKAW,Non Active Adult,46140,Greenfield,Hancock,18059,"Indianapolis-Carmel-Greenwood, IN",26900,IN,Greenfield-Central Com Schools,Weston Elementary School; Greenfield Intermediate School,5; 5,Greenfield Central Junior High School,6,Greenfield-Central High School,7,,39.77213,-85.78301
aAf3x000001QNelCAG,Hampton Walk/ Maple and Designer,Fischer Homes,,Active,,,Blair,4,2.00,2,2,3029,506990,5/13/2026,aAa3x000000ZrvuCAC,Non Active Adult,46055,McCordsville,Hancock,18059,"Indianapolis-Carmel-Greenwood, IN",26900,IN,Mt Vernon Community Sch Corp,McCordsville Elementary School,6,Mt Vernon Middle School,6,Mt Vernon High School,8,,39.88787,-85.91986
aAf3x000001WohdCAC,Brookstone Landings,Pulte Homes,PulteGroup Inc.,Active,,,Park Place,4,2.50,2,2,2746,406990,5/7/2026,aAa3x000000YlfPCAS,Non Active Adult,46123,Avon,Hendricks,18063,"Indianapolis-Carmel-Greenwood, IN",26900,IN,Avon Community School Corp,Sycamore Elementary School; Avon Intermediate School East,8; 6,Avon Middle School North,10,Avon High School,10,,39.77761,-86.35361
aAf3x000001QItnCAG,Edgebrook Preserve,Silverthorne Homes,Clayton Properties Group,Active,,,Van Buren,4,2.50,2,2,2929,366995,5/6/2026,aAa3x000000YT0nCAG,Non Active Adult,46239,Indianapolis,Marion,18097,"Indianapolis-Carmel-Greenwood, IN",26900,IN,Franklin Township Com Sch Corp,,,,,Franklin Central High School,9,,39.68209,-85.98408
aAfPc000001M4dtKAC,Rockridge,Taylor Morrison,,Active,,,Legacy 2634,4,2.50,2,2,2634,384999,5/12/2026,aAaPc0000014EVpKAM,Non Active Adult,46229,Warren Twp,Hancock,18059,"Indianapolis-Carmel-Greenwood, IN",26900,IN,New Palestine Community Schools,Sugar Creek Elementary School,6,New Palestine Jr High School,8,New Palestine High School,10,,39.77452,-85.95037
aAf3x000001WZU6CAO,Towns at Trailside,D.R. Horton,"D.R. Horton, Inc.",Active,,,Portsmouth,4,2.50,2,2,1811,300000,5/29/2026,aAaPc000001LA2DKAW,Non Active Adult,46075,Whitestown,Boone,18011,"Indianapolis-Carmel-Greenwood, IN",26900,IN,Lebanon Community School Corp,Perry Worth Elementary School,6,Lebanon Middle School,5,Lebanon Senior High School,9,,40.00293,-86.34857
aAfPc000001rcOLKAY,Welford at Easton Grey/Manors,Drees Homes,,Upcoming,,,BELLEVILLE,4,2.50,2,3,3428,584900,4/12/2026,aAaPc0000015fCyKAI,Non Active Adult,46123,Avon,Hendricks,18063,"Indianapolis-Carmel-Greenwood, IN",26900,IN,Avon Community School Corp,River Birch Elementary; Avon Intermediate School East,8; 6,Avon Middle School North,10,Avon High School,10,,39.77407,-86.43379
aAf3x000001WYwsCAG,Trailside,D.R. Horton,"D.R. Horton, Inc.",Active,,,Bellamy,4,2.50,2,2,2053,368900,5/29/2026,aAaPc00000065YhKAI,Non Active Adult,46075,Whitestown,Boone,18011,"Indianapolis-Carmel-Greenwood, IN",26900,IN,Lebanon Community School Corp,Perry Worth Elementary School,6,Lebanon Middle School,5,Lebanon Senior High School,9,,40.00540,-86.34623
aAfPc000000p28VKAQ,Willow Ridge,Silverthorne Homes,Clayton Properties Group,Active,,,Taylor,3,2.50,1,2,2001,340995,5/7/2026,aAaPc000000JYRiKAO,Non Active Adult,46163,New Palestine,Hancock,18059,"Indianapolis-Carmel-Greenwood, IN",26900,IN,New Palestine Community Schools,New Palestine Elementary School,8,New Palestine Jr High School,8,New Palestine High School,10,,39.72820,-85.88640
aAf3x000001QYqPCAW,Auburn Ridge,M/I Homes,,Active,,,Ainsley II Basement,4,2.50,2,2,3160,581990,5/8/2026,aAaPc000000Egb4KAC,Non Active Adult,46112,Brownsburg,Hendricks,18063,"Indianapolis-Carmel-Greenwood, IN",26900,IN,Brownsburg Community Sch Corp,White Lick Elementary School,8,Brownsburg West Middle School,8,Brownsburg High School,10,,39.83231,-86.42558
aAf3x000001WgrLCAS,Northwood Haven,Arbor Homes,Clayton Properties Group,Active,,,Ironwood,3,2.50,2,2,1963,303995,5/28/2026,aAa3x000000YjnnCAC,Non Active Adult,46122,Danville,Hendricks,18063,"Indianapolis-Carmel-Greenwood, IN",26900,IN,Danville Community School Corp,Danville Middle School; South Elementary School,8; 7,Danville Middle School,8,Danville Community High School,8,,39.77638,-86.49500
aAfPc000001F5I9KAK,Parkview Village,D.R. Horton,"D.R. Horton, Inc.",Active,,,Aria II,3,2.00,1,2,1601,309900,5/25/2026,aAaPc000001BJN3KAO,Non Active Adult,46140,Cumberland,Hancock,18059,"Indianapolis-Carmel-Greenwood, IN",26900,IN,New Palestine Community Schools,Sugar Creek Elementary School,6,New Palestine Jr High School,8,New Palestine High School,10,,39.77823,-85.93275
aAf3x000001QNemCAG,The Cove,Fischer Homes,,Active,,,Ivy,4,2.50,2,0,2692,474990,4/30/2026,aAaPc000000QulUKAS,Non Active Adult,46040,Fishers,Hamilton,18057,"Indianapolis-Carmel-Greenwood, IN",26900,IN,Hamilton Southeastern Schools,Hamilton Southeastern Jr High School; Southeastern Elementary School,9; 7,Hamilton Southeastern Jr High School,9,Hamilton Southeastern High School,10,,39.96309,-85.89215
aAfPc000001NUw5KAG,Finch Creek by Del Webb/Discovery,Del Webb,PulteGroup Inc.,Active,,,Mirage,2,2.00,1,2,1749,360990,3/31/2026,aAaPc000000ZNcrKAG,Active Adult,46060,Noblesville,Hamilton,18057,"Indianapolis-Carmel-Greenwood, IN",26900,IN,Hamilton Southeastern Schools,Hamilton Southeastern Jr High School; Deer Creek Elementary,9; 7,Hamilton Southeastern Jr High School,9,Hamilton Southeastern High School,10,,40.01651,-85.92586
aAfPc0000021mxVKAQ,Marilyn Woods/Signature Collection,David Weekley Homes,,Active,,,The Crestline,3,2.50,2,3,2565,531990,5/29/2026,aAaPc000001LHWjKAO,Non Active Adult,46060,Noblesville,Hamilton,18057,"Indianapolis-Carmel-Greenwood, IN",26900,IN,Hamilton Southeastern Schools,Harrison Parkway Elementary School; Sand Creek Intermediate School,8; 7,Fishers Junior High School,7,Fishers High School,10,,39.99443,-85.95267
aAfPc0000016Bt3KAE,Union Woodlands,Lennar,,Active,,,3400,5,4.50,2,3,3564,743995,4/27/2026,aAaPc0000011be8KAA,Non Active Adult,46077,Zionsville,Boone,18011,"Indianapolis-Carmel-Greenwood, IN",26900,IN,Zionsville Community Schools,Zionsville Middle School; Union Elementary School,9; 8,Zionsville Middle School,9,Zionsville Community High School,10,,40.00931,-86.25374
aAf3x000001QNemCAG,The Cove,Fischer Homes,,Active,,,Amelia,2,2.00,1,2,1683,415990,4/30/2026,aAa3x000000ZiVYCA0,Non Active Adult,46040,Fishers,Hamilton,18057,"Indianapolis-Carmel-Greenwood, IN",26900,IN,Hamilton Southeastern Schools,Hamilton Southeastern Jr High School; Southeastern Elementary School,9; 7,Hamilton Southeastern Jr High School,9,Hamilton Southeastern High School,10,,39.96309,-85.89215
aAf3x000001WqmWCAS,Nouveau,Onyx+East,,Active,,,Nouveau Chatham,3,2.50,3,2,2329,699990,5/18/2026,aAa3x000000UpqZCAS,Non Active Adult,46202,Indianapolis,Marion,18097,"Indianapolis-Carmel-Greenwood, IN",26900,IN,Indianapolis Public Schools,Thomas D. Gregg School 15; Brookside School 54,4; 4,Arlington Community Middle School,5,Arsenal Technical High School; George Washington Community High School...,1; 1,,39.78382,-86.15265
aAfPc000000nGvHKAU,Grayson,M/I Homes,,Active,,,Parke,4,2.50,2,2,2802,349990,5/16/2026,aAaPc000000pjWcKAI,Non Active Adult,46239,Indianapolis,Marion,18097,"Indianapolis-Carmel-Greenwood, IN",26900,IN,Franklin Township Com Sch Corp,,,,,Franklin Central High School,9,,39.71021,-86.03761
aAfPc000001QlihKAC,Magnolia Ridge/Venture,Lennar,,Active,,,Valencia,5,3.50,2,2,3054,453995,5/7/2026,aAaPc000000TWRHKA4,Non Active Adult,46062,Noblesville,Hamilton,18057,"Indianapolis-Carmel-Greenwood, IN",26900,IN,Noblesville Schools,Noble Crossing Elementary School,8,Noblesville West Middle School,9,Noblesville High School,10,,40.03641,-86.05722
aAf3x000001WohdCAC,Brookstone Landings,Pulte Homes,PulteGroup Inc.,Active,,,Boardwalk,4,2.50,2,2,2662,401990,5/7/2026,aAa3x000000YlfNCAS,Non Active Adult,46123,Avon,Hendricks,18063,"Indianapolis-Carmel-Greenwood, IN",26900,IN,Avon Community School Corp,Sycamore Elementary School; Avon Intermediate School East,8; 6,Avon Middle School North,10,Avon High School,10,,39.77761,-86.35361
aAf3x000001QNemCAG,The Cove,Fischer Homes,,Active,,,Maxwell,2,2.00,1,2,1856,439990,4/30/2026,aAa3x000000ZiVbCAK,Non Active Adult,46040,Fishers,Hamilton,18057,"Indianapolis-Carmel-Greenwood, IN",26900,IN,Hamilton Southeastern Schools,Hamilton Southeastern Jr High School; Southeastern Elementary School,9; 7,Hamilton Southeastern Jr High School,9,Hamilton Southeastern High School,10,,39.96309,-85.89215
aAf3x000001QegiCAC,Oakdale,Pulte Homes,PulteGroup Inc.,Active,,,Riverton,4,2.50,2,2,3126,438990,5/5/2026,aAaPc000000BDKdKAO,Non Active Adult,46112,Brownsburg,Hendricks,18063,"Indianapolis-Carmel-Greenwood, IN",26900,IN,Brownsburg Community Sch Corp,Eagle Elementary School,10,Brownsburg West Middle School,8,Brownsburg High School,10,,39.86610,-86.38409
aAfPc000001kkLpKAI,Colonnade,Drees Homes,,Active,,,BUCHANAN,4,2.50,2,2,2732,597900,5/1/2026,aAaPc000000sPZ2KAM,Non Active Adult,46055,Mccordsville,Hancock,18059,"Indianapolis-Carmel-Greenwood, IN",26900,IN,Mt Vernon Community Sch Corp,McCordsville Elementary School,6,Mt Vernon Middle School,6,Mt Vernon High School,8,,39.88541,-85.91438
aAf3x000001QeGfCAK,Berry Chase,M/I Homes,,Active,,,Cheswicke II Basement,3,2.00,1,2,2191,513490,5/25/2026,aAaPc000000P11oKAC,Non Active Adult,46143,Greenwood,Johnson,18081,"Indianapolis-Carmel-Greenwood, IN",26900,IN,Center Grove Com Sch Corp,Sugar Grove Elementary School,6,Center Grove Middle School North,8,Center Grove High School,10,,39.60149,-86.17949
aAfPc000001lT7dKAE,The Towns,Estridge Homes,,Active,,,The Attica,3,3.00,2,2,2104,467000,5/7/2026,aAaPc000000pnTJKAY,Non Active Adult,46074,Westfield,Hamilton,18057,"Indianapolis-Carmel-Greenwood, IN",26900,IN,Westfield-Washington Schools,Westfield Intermediate School; Maple Glen Elementary,9; 8,Westfield Middle School,9,Westfield High School,10,,40.03976,-86.18435
aAf3x000001WrRNCA0,Grassy Creek South,Arbor Homes,Clayton Properties Group,Active,,,Norway,5,2.50,2,2,2961,322995,5/12/2026,aAa3x000000YSyhCAG,Non Active Adult,46239,Indianapolis,Marion,18097,"Indianapolis-Carmel-Greenwood, IN",26900,IN,M S D Warren Township,Creston Middle School; Grassy Creek Elementary School,4; 3,Creston Middle School,4,Warren Central High School,2,,39.74331,-85.97090
aAf3x000001YlGQCA0,Brandywine Fields,Ryan Homes,NVR Inc.,Active,,,Spruce,3,2.00,1,2,1296,249990,4/27/2026,aAaPc000000HDFNKA4,Non Active Adult,46140,Greenfield,Hancock,18059,"Indianapolis-Carmel-Greenwood, IN",26900,IN,Greenfield-Central Com Schools,J B Stephens Elementary School; Maxwell Intermediate School,8; 6,Greenfield Central Junior High School,6,Greenfield-Central High School,7,,39.81131,-85.74918
aAfPc000000JoBEKA0,Courtyards of Russell Oaks,EPCON Communities,,Active,,,Palazzo,2,2.00,1,2,1576,539900,5/29/2026,aAaPc000000FN2oKAG,Non Active Adult,46077,Zionsville,Boone,18011,"Indianapolis-Carmel-Greenwood, IN",26900,IN,Zionsville Community Schools,Stonegate Elementary; Zionsville West Middle School,8; 8,Zionsville West Middle School,8,Zionsville Community High School,10,,39.94980,-86.29671
aAf3x000001WYtoCAG,Midland,Estridge Homes,,Active,,,The Bridgeton,3,2.50,2,2,2380,686900,5/7/2026,aAaPc000000WdwNKAS,Non Active Adult,46074,Westfield,Hamilton,18057,"Indianapolis-Carmel-Greenwood, IN",26900,IN,Westfield-Washington Schools,Westfield Intermediate School; Maple Glen Elementary,9; 8,Westfield Middle School,9,Westfield High School,10,,40.03976,-86.18435
aAfPc000001gSKzKAM,Langdon Crossing,Arbor Homes,Clayton Properties Group,Active,,,Ironwood,3,2.50,2,2,1963,310995,3/12/2026,aAaPc0000015fDvKAI,Non Active Adult,46030,Arcadia,Hamilton,18057,"Indianapolis-Carmel-Greenwood, IN",26900,IN,Hamilton Heights School Corp,Hamilton Heights Middle School; Hamilton Heights Elementary School,8; 6,Hamilton Heights Middle School,8,Hamilton Heights High School,8,,40.16554,-86.02772
aAf2T000001URgMSAW,Lindley Run/SF,Olthof Homes,,Active,,,Willow,4,1.50,2,3,3142,532985,5/23/2026,aAa3x000000guLTCAY,Non Active Adult,46074,Westfield,Hamilton,18057,"Indianapolis-Carmel-Greenwood, IN",26900,IN,Westfield-Washington Schools,Westfield Intermediate School; Washington Woods Elementary School,9; 7,Westfield Middle School,9,Westfield High School,10,,40.06833,-86.10631
aAf3x000001QYOMCA4,Trescott Gardens,Drees Homes,,Active,,,ALWICK,4,2.50,2,2,2631,497900,5/22/2026,aAa3x000000ZfWECA0,Non Active Adult,46168,Plainfield,Hendricks,18063,"Indianapolis-Carmel-Greenwood, IN",26900,IN,Plainfield Community Sch Corp,Clarks Creek Elementary,5,Plainfield Com Middle School,8,Plainfield High School,9,,39.67444,-86.40719
aAf3x000001WVQKCA4,Colere/TH,Onyx+East,,Active,,,Colere Soho,2,2.50,4,2,1691,425704,4/25/2026,aAa3x000000U2ShCAK,Non Active Adult,46203,Indianapolis,Marion,18097,"Indianapolis-Carmel-Greenwood, IN",26900,IN,Indianapolis Public Schools,Thomas D. Gregg School 15; Brookside School 54,4; 4,Arlington Community Middle School,5,Arsenal Technical High School; George Washington Community High School...,1; 1,,39.75991,-86.13602
aAf3x000001WYwxCAG,Woodfield Pointe,Arbor Homes,Clayton Properties Group,Active,,,Palmetto,4,2.50,2,2,2580,305995,5/15/2026,aAa3x000000YfjyCAC,Non Active Adult,46140,Greenfield,Hancock,18059,"Indianapolis-Carmel-Greenwood, IN",26900,IN,Greenfield-Central Com Schools,Weston Elementary School; Greenfield Intermediate School,5; 5,Greenfield Central Junior High School,6,Greenfield-Central High School,7,,39.78944,-85.81685
aAfPc000001cqD8KAI,Northwest Fortville/Ph 2,Ryan Homes,NVR Inc.,Active,,,Columbia with Finished Rec Room,4,2.50,2,2,2737,419990,3/25/2026,aAaPc000001CCJNKA4,Non Active Adult,46040,Fortville,Hancock,18059,"Indianapolis-Carmel-Greenwood, IN",26900,IN,Mt Vernon Community Sch Corp,Fortville Elementary School,7,Mt Vernon Middle School,6,Mt Vernon High School,8,,39.94162,-85.86027
aAf3x000001QhjwCAC,Saddlebrook Farms North/Tradition,D.R. Horton,"D.R. Horton, Inc.",Active,,,Johnstown,5,3.50,2,3,3062,415900,5/29/2026,aAaPc000000a5JdKAI,Non Active Adult,46184,Whiteland,Johnson,18081,"Indianapolis-Carmel-Greenwood, IN",26900,IN,Clark-Pleasant Com School Corp,Whiteland Elementary School,8,Clark Pleasant Middle School,7,Whiteland Community High School,5,,39.55071,-86.07083
aAfPc000001kVOPKA2,Mohawk Trails,Lennar,,Active,,,Hampshire,5,3.00,2,3,2422,359995,5/6/2026,aAaPc00000103SHKAY,Non Active Adult,46140,Greenfield,Hancock,18059,"Indianapolis-Carmel-Greenwood, IN",26900,IN,Greenfield-Central Com Schools,Weston Elementary School; Greenfield Intermediate School,5; 5,Greenfield Central Junior High School,6,Greenfield-Central High School,7,,39.78647,-85.83935
aAfPc000001L7hTKAS,Beyers Estates/Venture,Lennar,,Active,,,Valencia,5,3.50,2,2,3054,395995,5/29/2026,aAaPc000000jXizKAE,Non Active Adult,46040,Fortville,Hancock,18059,"Indianapolis-Carmel-Greenwood, IN",26900,IN,Mt Vernon Community Sch Corp,Fortville Elementary School,7,Mt Vernon Middle School,6,Mt Vernon High School,8,,39.91139,-85.83463
aAfPc0000012GjFKAU,Lincoln Place,Lennar,,Active,,,Davidson,4,3.00,2,2,2170,372995,5/26/2026,aAaPc0000010ICWKA2,Non Active Adult,46143,Greenwood,Johnson,18081,"Indianapolis-Carmel-Greenwood, IN",26900,IN,Clark-Pleasant Com School Corp,Grassy Creek Elementary School,7,Clark Pleasant Middle School,7,Whiteland Community High School,5,,39.57917,-86.08708
aAf3x000001QbssCAC,Hidden Hills,Taylor Morrison,,Active,,,Legacy 3040,5,2.50,2,2,3040,383000,5/18/2026,aAaPc000000LAHJKA4,Non Active Adult,46167,Pittsboro,Hendricks,18063,"Indianapolis-Carmel-Greenwood, IN",26900,IN,North West Hendricks Schools,Pittsboro Elementary; Pittsboro Primary School,9; 0,Tri-West Middle School,9,Tri-West Senior High School,9,,39.87140,-86.45638
aAf2T000001MbYBSA0,Waterfront of West Clay/Island,Shoopman Homes,,Active,,,Hummingbird,5,5.50,2,3,4260,1168900,5/25/2026,aAa2T000000okj6SAA,Non Active Adult,46077,Zionsville,Hamilton,18057,"Indianapolis-Carmel-Greenwood, IN",26900,IN,Carmel Clay Schools,West Clay Elementary,9,Creekside Middle School,10,Carmel High School,10,,39.95694,-86.23909
aAf3x000001QR5BCAW,Colonnade Signature,Beazer Homes,,Active,,,Liberty,4,2.50,2,2,2909,449990,4/23/2026,aAa3x000000ZwReCAK,Non Active Adult,46055,McCordsville,Hancock,18059,"Indianapolis-Carmel-Greenwood, IN",26900,IN,Mt Vernon Community Sch Corp,McCordsville Elementary School,6,Mt Vernon Middle School,6,Mt Vernon High School,8,,39.89064,-85.91169
aAf3x000001WTU0CAO,Sawyer Walk,M/I Homes,,Active,,,Irvington,3,2.50,2,2,2002,383990,5/29/2026,aAaPc0000002ZkzKAE,Non Active Adult,46106,Bargersville,Johnson,18081,"Indianapolis-Carmel-Greenwood, IN",26900,IN,Center Grove Com Sch Corp,Maple Grove Elementary School,8,Center Grove Middle School Central,8,Center Grove High School,10,,39.52297,-86.17236
aAf3x000001WmjKCAS,Sagebrook West/SF,M/I Homes,,Active,,,Kentmore Basement,3,2.50,2,2,2070,422490,3/30/2026,aAaPc000000WdvBKAS,Non Active Adult,46239,Indianapolis,Marion,18097,"Indianapolis-Carmel-Greenwood, IN",26900,IN,Franklin Township Com Sch Corp,,,,,Franklin Central High School,9,,39.69289,-85.97854
aAf3x000001Qeu9CAC,Fields at Sugar Creek,D.R. Horton,"D.R. Horton, Inc.",Active,,,Elwood,3,2.50,1,2,1839,374900,5/8/2026,aAaPc0000019diNKAQ,Non Active Adult,46163,New Palestine,Hancock,18059,"Indianapolis-Carmel-Greenwood, IN",26900,IN,New Palestine Community Schools,New Palestine Elementary School,8,New Palestine Jr High School,8,New Palestine High School,10,,39.72423,-85.89985
aAf3x000001WoRWCA0,Hickory Run,M/I Homes,,Active,,,Kensington Basement,4,2.50,2,3,3382,505490,5/18/2026,aAaPc0000018rMzKAI,Non Active Adult,46239,Indianapolis,Marion,18097,"Indianapolis-Carmel-Greenwood, IN",26900,IN,Franklin Township Com Sch Corp,,,,,Franklin Central High School,9,,39.68048,-85.99215
aAfPc0000016CYzKAM,Harvest Trail of Westfield/Executive Collection,David Weekley Homes,,Active,,,Fairbanks,4,3.00,2,2,3376,752990,4/15/2026,aAaPc000000RsU9KAK,Non Active Adult,46074,Westfield,Hamilton,18057,"Indianapolis-Carmel-Greenwood, IN",26900,IN,Westfield-Washington Schools,Westfield Intermediate School; Monon Trail Elementary School,9; 6,Westfield Middle School,9,Westfield High School,10,,40.06467,-86.14415
aAfPc000000CAtFKAW,Kingsbridge Venture,Lennar,,Active,,,Alan,3,2.00,1,2,1673,344995,4/29/2026,aAaPc000000l1axKAA,Non Active Adult,46131,Franklin,Johnson,18081,"Indianapolis-Carmel-Greenwood, IN",26900,IN,Franklin Community School Corp,Custer Baker Intermediate School; Creekside Elementary School,7; 6,Franklin Community Middle School,7,Franklin Community High School,6,,39.53148,-86.08285
aAfPc000000reB5KAI,Ellis Acres 3 Story TH,Lennar,,Active,,,Lockerbie V,3,2.50,3,2,1710,405995,5/2/2026,aAaPc000000W5jyKAC,Non Active Adult,46075,Whitestown,Boone,18011,"Indianapolis-Carmel-Greenwood, IN",26900,IN,Zionsville Community Schools,Boone Meadow; Zionsville West Middle School,9; 8,Zionsville West Middle School,8,Zionsville Community High School,10,,39.93071,-86.34246
aAf3x000001QbssCAC,Hidden Hills,Taylor Morrison,,Active,,,Exclusives 3070,4,2.50,2,2,3070,449000,5/18/2026,aAaPc000000usvNKAQ,Non Active Adult,46167,Pittsboro,Hendricks,18063,"Indianapolis-Carmel-Greenwood, IN",26900,IN,North West Hendricks Schools,Pittsboro Elementary; Pittsboro Primary School,9; 0,Tri-West Middle School,9,Tri-West Senior High School,9,,39.87140,-86.45638
aAfPc000000reB7KAI,Abbott Commons/Heritage,Lennar,,Active,,,Harrison,3,2.00,1,2,1549,379995,5/28/2026,aAaPc000000TWRaKAO,Non Active Adult,46037,Fishers,Hamilton,18057,"Indianapolis-Carmel-Greenwood, IN",26900,IN,Hamilton Southeastern Schools,Hamilton Southeastern Jr High School; Southeastern Elementary School,9; 7,Hamilton Southeastern Jr High School,9,Hamilton Southeastern High School,10,,39.98846,-85.89194
aAfPc000001tI0XKAU,Winterburg,Beazer Homes,,Upcoming,,,Liberty,4,2.00,2,2,2909,504990,3/3/2026,aAaPc0000015o6uKAA,Non Active Adult,46074,Westfield,Hamilton,18057,"Indianapolis-Carmel-Greenwood, IN",26900,IN,Westfield-Washington Schools,Westfield Intermediate School; Monon Trail Elementary School,9; 6,Westfield Middle School,9,Westfield High School,10,,40.06335,-86.18048
aAfPc000001JC8FKAW,Highlands,Pulte Homes,PulteGroup Inc.,Active,,,Quincy,4,2.50,2,0,2515,364990,5/19/2026,aAaPc000000fHNKKA2,Non Active Adult,46075,Whitestown,Boone,18011,"Indianapolis-Carmel-Greenwood, IN",26900,IN,Lebanon Community School Corp,Perry Worth Elementary School,6,Lebanon Middle School,5,Lebanon Senior High School,9,,39.98320,-86.35628
aAf3x000001WmjKCAS,Sagebrook West/SF,M/I Homes,,Active,,,Ainsley II Basement,4,2.50,2,2,3141,512490,3/30/2026,aAaPc000000Wdv9KAC,Non Active Adult,46239,Indianapolis,Marion,18097,"Indianapolis-Carmel-Greenwood, IN",26900,IN,Franklin Township Com Sch Corp,,,,,Franklin Central High School,9,,39.69289,-85.97854
aAfPc000001ltJqKAI,Haven at Whitestown,Davis Homes,,Active,,,Sutcliffe,4,2.50,2,2,2424,263990,5/20/2026,aAaPc000000rDITKA2,Non Active Adult,46075,Whitestown,Boone,18011,"Indianapolis-Carmel-Greenwood, IN",26900,IN,Lebanon Community School Corp,Perry Worth Elementary School,6,Lebanon Middle School,5,Lebanon Senior High School,9,,39.99045,-86.34629
aAf3x000001QYqPCAW,Auburn Ridge,M/I Homes,,Active,,,Olympic II,3,2.50,2,2,2180,418990,1/13/2026,aAaPc000000Mq2XKAS,Non Active Adult,46112,Brownsburg,Hendricks,18063,"Indianapolis-Carmel-Greenwood, IN",26900,IN,Brownsburg Community Sch Corp,White Lick Elementary School,8,Brownsburg West Middle School,8,Brownsburg High School,10,,39.83231,-86.42558
aAf2T000001MbYBSA0,Waterfront of West Clay/Island,Shoopman Homes,,Active,,,Cardinal,5,4.50,2,3,4510,1209900,5/25/2026,aAa2T000000okj1SAA,Non Active Adult,46077,Zionsville,Hamilton,18057,"Indianapolis-Carmel-Greenwood, IN",26900,IN,Carmel Clay Schools,West Clay Elementary,9,Creekside Middle School,10,Carmel High School,10,,39.95694,-86.23909
aAf3x000001YZF2CAO,Kimblewick/Churchill,Del Webb,PulteGroup Inc.,Active,,,Stardom,2,2.50,1,3,2213,540990,5/13/2026,aAa3x000000cWSnCAM,Active Adult,46074,Westfield,Hamilton,18057,"Indianapolis-Carmel-Greenwood, IN",26900,IN,Westfield-Washington Schools,Westfield Intermediate School; Shamrock Springs Elementary School,9; 8,Westfield Middle School,9,Westfield High School,10,,40.00812,-86.20483
aAf3x000001WgrLCAS,Northwood Haven,Arbor Homes,Clayton Properties Group,Active,,,Chestnut,3,2.00,1,0,2197,314995,5/28/2026,aAa3x000000UQjxCAG,Non Active Adult,46122,Danville,Hendricks,18063,"Indianapolis-Carmel-Greenwood, IN",26900,IN,Danville Community School Corp,Danville Middle School; South Elementary School,8; 7,Danville Middle School,8,Danville Community High School,8,,39.77638,-86.49500
aAf3x000001QNelCAG,Hampton Walk/ Maple and Designer,Fischer Homes,,Active,,,DaVinci,3,2.00,1,2,1730,372990,4/29/2026,aAa3x000000a4XJCAY,Non Active Adult,46055,McCordsville,Hancock,18059,"Indianapolis-Carmel-Greenwood, IN",26900,IN,Mt Vernon Community Sch Corp,McCordsville Elementary School,6,Mt Vernon Middle School,6,Mt Vernon High School,8,,39.88787,-85.91986
aAf3x000001QbsnCAC,Quail West,Taylor Morrison,,Active,,,Courtyard 1586,2,2.00,1,2,1586,292990,5/1/2026,aAa3x000000ZpTyCAK,Non Active Adult,46122,Danville,Hendricks,18063,"Indianapolis-Carmel-Greenwood, IN",26900,IN,Danville Community School Corp,Danville Middle School; South Elementary School,8; 7,Danville Middle School,8,Danville Community High School,8,,39.76581,-86.48512
aAfPc000001LQmvKAG,Beyers Estates/Carriage Duplex,Lennar,,Active,,,Serenity,3,2.00,1,2,1530,270995,5/19/2026,aAaPc000000lSorKAE,Non Active Adult,46040,Fortville,Hancock,18059,"Indianapolis-Carmel-Greenwood, IN",26900,IN,Mt Vernon Community Sch Corp,Fortville Elementary School,7,Mt Vernon Middle School,6,Mt Vernon High School,8,,39.91139,-85.83463
aAfPc000001yMWXKA2,Palermo Gardens,Ryan Homes,NVR Inc.,Active,,,Sequoia,4,2.50,2,2,1749,284990,4/29/2026,aAaPc000001ISYLKA4,Non Active Adult,46239,Indianapolis,Marion,18097,"Indianapolis-Carmel-Greenwood, IN",26900,IN,Franklin Township Com Sch Corp,,,,,Franklin Central High School,9,,39.70858,-85.98960
aAfPc000001RqDOKA0,Rivendell,Pulte Homes,PulteGroup Inc.,Active,,,Hilltop,4,2.50,2,2,2899,399990,5/16/2026,aAaPc0000010IEOKA2,Non Active Adult,46123,Avon,Hendricks,18063,"Indianapolis-Carmel-Greenwood, IN",26900,IN,Avon Community School Corp,Hickory Elementary School; Avon Intermediate School West,7; 7,Avon Middle School South,10,Avon High School,10,,39.74774,-86.41395
aAfPc000001kX6rKAE,Centennial of Brownsburg/TH,Davis Homes,,Upcoming,,,Promenade Craftsman,2,2.50,1,2,2050,475990,5/1/2026,aAaPc000001Ifc1KAC,Non Active Adult,46112,Brownsburg,Hendricks,18063,"Indianapolis-Carmel-Greenwood, IN",26900,IN,Brownsburg Community Sch Corp,White Lick Elementary School,8,Brownsburg West Middle School,8,Brownsburg High School,10,,39.80269,-86.36523
aAfPc000001gqrQKAQ,Westfall Place,Arbor Homes,Clayton Properties Group,Active,,,Cooper,4,2.50,2,0,2813,322995,5/16/2026,aAaPc000000wGXvKAM,Non Active Adult,46071,Thorntown,Boone,18011,"Indianapolis-Carmel-Greenwood, IN",26900,IN,Western Boone County Com Sch District,,,Western Boone Jr-Sr High School,6,Western Boone Jr-Sr High School,6,,40.12700,-86.62602
aAfPc000001RqDMKA0,Rockport,M/I Homes,,Active,,,Glendale Basement,4,2.50,2,2,3152,564490,5/22/2026,aAaPc000000hE3PKAU,Non Active Adult,46055,Vernon,Hancock,18059,"Indianapolis-Carmel-Greenwood, IN",26900,IN,Mt Vernon Community Sch Corp,McCordsville Elementary School,6,Mt Vernon Middle School,6,Mt Vernon High School,8,,39.91552,-85.92644
aAf3x000001QNemCAG,The Cove,Fischer Homes,,Active,,,Pearson,4,2.50,2,0,3605,721990,4/30/2026,aAa3x000000ZiVXCA0,Non Active Adult,46040,Fishers,Hamilton,18057,"Indianapolis-Carmel-Greenwood, IN",26900,IN,Hamilton Southeastern Schools,Hamilton Southeastern Jr High School; Southeastern Elementary School,9; 7,Hamilton Southeastern Jr High School,9,Hamilton Southeastern High School,10,,39.96309,-85.89215
aAfPc000001pTlpKAE,Branson Reserve,M/I Homes,,Active,,,Findlay,3,2.50,2,2,2315,380990,5/23/2026,aAaPc000001A2joKAC,Non Active Adult,46060,Noblesville,Hamilton,18057,"Indianapolis-Carmel-Greenwood, IN",26900,IN,Noblesville Schools,White River Elementary School,7,Noblesville Middle School,8,Noblesville High School,10,,40.07341,-85.97210
aAfPc000001gqrQKAQ,Westfall Place,Arbor Homes,Clayton Properties Group,Active,,,Ashton,3,2.00,1,2,1354,246995,5/16/2026,aAaPc000000wGXqKAM,Non Active Adult,46071,Thorntown,Boone,18011,"Indianapolis-Carmel-Greenwood, IN",26900,IN,Western Boone County Com Sch District,,,Western Boone Jr-Sr High School,6,Western Boone Jr-Sr High School,6,,40.12700,-86.62602
aAf2T000001MbYESA0,Waterfront of West Clay/Penninsula,Shoopman Homes,,Active,,,Hummingbird,5,5.50,2,3,4260,1168900,5/25/2026,aAa2T000000okiSSAQ,Non Active Adult,46077,Zionsville,Hamilton,18057,"Indianapolis-Carmel-Greenwood, IN",26900,IN,Carmel Clay Schools,West Clay Elementary,9,Creekside Middle School,10,Carmel High School,10,,39.95694,-86.23909
aAfPc000000GMuFKAW,Grand Vista/Cornerstone,Lennar,,Active,,,Rockwell,5,3.50,2,3,3488,512995,4/27/2026,aAaPc000000NKeZKAW,Non Active Adult,46143,Greenwood,Johnson,18081,"Indianapolis-Carmel-Greenwood, IN",26900,IN,Clark-Pleasant Com School Corp,Clark Elementary School,6,Clark Pleasant Middle School,7,Whiteland Community High School,5,,39.59127,-86.04611
aAf3x000001Qev2CAC,Centre Place/Tradition,D.R. Horton,"D.R. Horton, Inc.",Active,,,Harmony,3,2.00,1,2,1503,313900,5/29/2026,aAaPc0000009eBqKAI,Non Active Adult,46069,Sheridan,Hamilton,18057,"Indianapolis-Carmel-Greenwood, IN",26900,IN,Sheridan Community Schools,Sheridan Elementary School,7,Sheridan Middle School,8,Sheridan High School,8,,40.14310,-86.21876
aAfPc000000zi49KAA,Flora/TH,Onyx+East,,Active,,,Madrona Front Porch,2,2.50,3,2,1868,424900,5/13/2026,aAaPc000000MCiTKAW,Non Active Adult,46290,Carmel,Hamilton,18057,"Indianapolis-Carmel-Greenwood, IN",26900,IN,Carmel Clay Schools,Towne Meadow Elementary School,9,Creekside Middle School,10,Carmel High School,10,,39.93223,-86.16525
aAf3x000001YgzhCAC,Sunrise Lake,Bridgenorth Homes,,Active,,,Windsor,3,2.50,2,3,2958,388990,4/29/2026,aAa3x000000YiQoCAK,Non Active Adult,46163,New Palestine,Hancock,18059,"Indianapolis-Carmel-Greenwood, IN",26900,IN,New Palestine Community Schools,New Palestine Elementary School,8,New Palestine Jr High School,8,New Palestine High School,10,,39.73229,-85.88604
aAf3x000001WTNDCA4,Silo Ridge/SF,M/I Homes,,Active,,,Findlay,3,2.50,2,2,2315,402990,5/13/2026,aAa3x000000ZlZOCA0,Non Active Adult,46060,Noblesville,Hamilton,18057,"Indianapolis-Carmel-Greenwood, IN",26900,IN,Hamilton Southeastern Schools,Fall Creek Intermediate School; Deer Creek Elementary,9; 7,Fall Creek Junior High,7,Hamilton Southeastern High School,10,,40.03510,-85.94254
aAfPc000001YyM9KAK,Towns at Chatham (The),Lennar,,Active,,,Meridian III,3,2.50,3,2,2295,542995,5/25/2026,aAaPc000000zdzuKAA,Non Active Adult,46074,Westfield,Hamilton,18057,"Indianapolis-Carmel-Greenwood, IN",26900,IN,Westfield-Washington Schools,Westfield Intermediate School; Monon Trail Elementary School,9; 6,Westfield Middle School,9,Westfield High School,10,,40.08069,-86.13496
aAf3x000001WTNDCA4,Silo Ridge/SF,M/I Homes,,Active,,,Glendale Basement,4,2.50,2,2,3152,552490,5/13/2026,aAa3x000000ZlZQCA0,Non Active Adult,46060,Noblesville,Hamilton,18057,"Indianapolis-Carmel-Greenwood, IN",26900,IN,Hamilton Southeastern Schools,Fall Creek Intermediate School; Deer Creek Elementary,9; 7,Fall Creek Junior High,7,Hamilton Southeastern High School,10,,40.03510,-85.94254
aAfPc000001RqDMKA0,Rockport,M/I Homes,,Active,,,Ainsley II Basement,4,2.50,2,2,3141,584490,5/22/2026,aAaPc000000hE3NKAU,Non Active Adult,46055,Vernon,Hancock,18059,"Indianapolis-Carmel-Greenwood, IN",26900,IN,Mt Vernon Community Sch Corp,McCordsville Elementary School,6,Mt Vernon Middle School,6,Mt Vernon High School,8,,39.91552,-85.92644
aAfPc0000021mxVKAQ,Marilyn Woods/Signature Collection,David Weekley Homes,,Active,,,The Pendula,4,3.00,1,2,2566,543990,5/29/2026,aAaPc000001LHYLKA4,Non Active Adult,46060,Noblesville,Hamilton,18057,"Indianapolis-Carmel-Greenwood, IN",26900,IN,Hamilton Southeastern Schools,Harrison Parkway Elementary School; Sand Creek Intermediate School,8; 7,Fishers Junior High School,7,Fishers High School,10,,39.99443,-85.95267
aAfPc0000011TPBKA2,Angilee Gardens,D.R. Horton,"D.R. Horton, Inc.",Active,,,Stamford,4,2.50,2,2,2346,399900,3/19/2026,aAaPc000000jgj3KAA,Non Active Adult,46052,Lebanon,Boone,18011,"Indianapolis-Carmel-Greenwood, IN",26900,IN,Lebanon Community School Corp,Central Elementary School,9,Lebanon Middle School,5,Lebanon Senior High School,9,,40.07566,-86.46148
aAf3x000001Ye57CAC,Kimblewick/Belmont,Del Webb,PulteGroup Inc.,Active,,,Mystique,2,2.00,1,2,1841,473990,5/13/2026,aAa3x000000cWSiCAM,Active Adult,46074,Westfield,Hamilton,18057,"Indianapolis-Carmel-Greenwood, IN",26900,IN,Westfield-Washington Schools,Westfield Intermediate School; Shamrock Springs Elementary School,9; 8,Westfield Middle School,9,Westfield High School,10,,40.00812,-86.20483
aAfPc000000i3a6KAA,Montgomery Woods,Lennar,,Active,,,Valencia,5,3.50,2,2,3054,426087,5/18/2026,aAaPc000000TjOqKAK,Non Active Adult,46239,Indianapolis,Marion,18097,"Indianapolis-Carmel-Greenwood, IN",26900,IN,Franklin Township Com Sch Corp,,,,,Franklin Central High School,9,,39.70463,-85.97401
aAf3x000001QhjwCAC,Saddlebrook Farms North/Tradition,D.R. Horton,"D.R. Horton, Inc.",Active,,,Stamford,4,2.50,2,2,2346,343900,5/29/2026,aAaPc000000a5JhKAI,Non Active Adult,46184,Whiteland,Johnson,18081,"Indianapolis-Carmel-Greenwood, IN",26900,IN,Clark-Pleasant Com School Corp,Whiteland Elementary School,8,Clark Pleasant Middle School,7,Whiteland Community High School,5,,39.55071,-86.07083
aAf3x000001QbsnCAC,Quail West,Taylor Morrison,,Active,,,Courtyard 2056,3,2.50,2,2,2056,326990,5/1/2026,aAa3x000000ZvNjCAK,Non Active Adult,46122,Danville,Hendricks,18063,"Indianapolis-Carmel-Greenwood, IN",26900,IN,Danville Community School Corp,Danville Middle School; South Elementary School,8; 7,Danville Middle School,8,Danville Community High School,8,,39.76581,-86.48512
aAfPc000000zk2jKAA,Bo-Mar Estates/ SF,Olthof Homes,,Active,,,Willow,5,2.50,2,3,3142,464200,5/23/2026,aAaPc000000O67VKAS,Non Active Adult,46168,Plainfield,Hendricks,18063,"Indianapolis-Carmel-Greenwood, IN",26900,IN,Avon Community School Corp,Cedar Elementary School; Avon Intermediate School West,7; 7,Avon Middle School South,10,Avon High School,10,,39.72793,-86.36178
aAf3x000001QNemCAG,The Cove,Fischer Homes,,Active,,,Leland,4,2.50,2,2,3045,697990,4/30/2026,aAa3x000000ZiVsCAK,Non Active Adult,46040,Fishers,Hamilton,18057,"Indianapolis-Carmel-Greenwood, IN",26900,IN,Hamilton Southeastern Schools,Hamilton Southeastern Jr High School; Southeastern Elementary School,9; 7,Hamilton Southeastern Jr High School,9,Hamilton Southeastern High School,10,,39.96309,-85.89215
aAfPc000001gSKzKAM,Langdon Crossing,Arbor Homes,Clayton Properties Group,Active,,,Bradford,3,2.00,1,0,1613,291995,3/12/2026,aAaPc0000015fE1KAI,Non Active Adult,46030,Arcadia,Hamilton,18057,"Indianapolis-Carmel-Greenwood, IN",26900,IN,Hamilton Heights School Corp,Hamilton Heights Middle School; Hamilton Heights Elementary School,8; 6,Hamilton Heights Middle School,8,Hamilton Heights High School,8,,40.16554,-86.02772
aAfPc000001fA2rKAE,Parkside at Finch Creek/Crossings Front Load,Pulte Homes,PulteGroup Inc.,Active,,,Greenfield - Front Load,4,2.50,2,2,3021,454990,5/19/2026,aAaPc000000bf5eKAA,Non Active Adult,46060,Noblesville,Hamilton,18057,"Indianapolis-Carmel-Greenwood, IN",26900,IN,Hamilton Southeastern Schools,Hamilton Southeastern Jr High School; Deer Creek Elementary,9; 7,Hamilton Southeastern Jr High School,9,Hamilton Southeastern High School,10,,40.03075,-85.93807
aAfPc000001rcMjKAI,Welford at Easton Grey/Estates,Drees Homes,,Upcoming,,,MARSHALL,4,3.50,2,3,2943,689900,4/12/2026,aAaPc0000015fCoKAI,Non Active Adult,46123,Avon,Hendricks,18063,"Indianapolis-Carmel-Greenwood, IN",26900,IN,Avon Community School Corp,River Birch Elementary; Avon Intermediate School East,8; 6,Avon Middle School North,10,Avon High School,10,,39.77407,-86.43379
aAf3x000001WrROCA0,Wood Preserve,Arbor Homes,Clayton Properties Group,Active,,,Juniper,3,2.50,2,2,1760,261995,5/28/2026,aAa3x000000Yi6jCAC,Non Active Adult,46181,Trafalgar,Johnson,18081,"Indianapolis-Carmel-Greenwood, IN",26900,IN,Nineveh-Hensley-Jackson United,Indian Creek Intermediate School; Indian Creek Elementary School,7; 0,Indian Creek Middle School,7,Indian Creek Sr High School,6,,39.41924,-86.15678
aAf2T000001UM5RSAW,Bluffs at Youngs Creek,Arbor Homes,Clayton Properties Group,Active,,,Palmetto,4,2.50,2,2,2580,319995,3/31/2026,aAa3x000000YX0rCAG,Non Active Adult,46131,Franklin,Johnson,18081,"Indianapolis-Carmel-Greenwood, IN",26900,IN,Franklin Community School Corp,Custer Baker Intermediate School; Creekside Elementary School,7; 6,Franklin Community Middle School,7,Franklin Community High School,6,,39.46475,-86.06519
aAf3x000001WgrLCAS,Northwood Haven,Arbor Homes,Clayton Properties Group,Active,,,Spruce,4,2.50,2,2,2343,324995,5/28/2026,aAa3x000000UQjvCAG,Non Active Adult,46122,Danville,Hendricks,18063,"Indianapolis-Carmel-Greenwood, IN",26900,IN,Danville Community School Corp,Danville Middle School; South Elementary School,8; 7,Danville Middle School,8,Danville Community High School,8,,39.77638,-86.49500
aAfPc000001tIADKA2,Emerald Preserve,Fischer Homes,,Active,,,DaVinci,3,2.00,1,2,1730,348990,5/16/2026,aAaPc0000016SXLKA2,Non Active Adult,46239,Indianapolis,Marion,18097,"Indianapolis-Carmel-Greenwood, IN",26900,IN,Franklin Township Com Sch Corp,,,,,Franklin Central High School,9,,39.69260,-85.99509
aAf3x000001QeGfCAK,Berry Chase,M/I Homes,,Active,,,Drake,4,2.50,2,3,2884,458990,5/25/2026,aAaPc000000P11sKAC,Non Active Adult,46143,Greenwood,Johnson,18081,"Indianapolis-Carmel-Greenwood, IN",26900,IN,Center Grove Com Sch Corp,Sugar Grove Elementary School,6,Center Grove Middle School North,8,Center Grove High School,10,,39.60149,-86.17949
aAfPc0000011TPBKA2,Angilee Gardens,D.R. Horton,"D.R. Horton, Inc.",Active,,,Cortland,4,3.00,1,3,2278,429900,3/19/2026,aAaPc000000jgZOKAY,Non Active Adult,46052,Lebanon,Boone,18011,"Indianapolis-Carmel-Greenwood, IN",26900,IN,Lebanon Community School Corp,Central Elementary School,9,Lebanon Middle School,5,Lebanon Senior High School,9,,40.07566,-86.46148
aAfPc000000CGcKKAW,Summerton/Summerton Ranch,Lennar,,Active,,,Seabrook,3,3.00,1,2,2225,422995,5/23/2026,aAaPc000000G4ejKAC,Non Active Adult,46055,McCordsville,Hancock,18059,"Indianapolis-Carmel-Greenwood, IN",26900,IN,Mt Vernon Community Sch Corp,McCordsville Elementary School,6,Mt Vernon Middle School,6,Mt Vernon High School,8,,39.91468,-85.90628
aAf3x000001WlFcCAK,Edgewood Farms,D.R. Horton,"D.R. Horton, Inc.",Active,,,Johnstown,5,3.50,2,3,3062,409900,5/9/2026,aAaPc000000CXxtKAG,Non Active Adult,46239,Indianapolis,Marion,18097,"Indianapolis-Carmel-Greenwood, IN",26900,IN,Franklin Township Com Sch Corp,,,,,Franklin Central High School,9,,39.68241,-86.00724
aAfPc000000AgnZKAS,Parks at Decatur Estates,D.R. Horton,"D.R. Horton, Inc.",Active,,,Chatham,4,2.00,1,2,1771,334900,5/7/2026,aAaPc000000BAgnKAG,Non Active Adult,46113,Camby,Marion,18097,"Indianapolis-Carmel-Greenwood, IN",26900,IN,M S D Decatur Township,West Newton Elementary School,5,Decatur Middle School,3,Decatur Central High School,3,,39.63346,-86.29415
aAfPc000001RqDMKA0,Rockport,M/I Homes,,Active,,,Kensington Basement,4,2.50,2,3,3382,589490,5/22/2026,aAaPc000000hE3GKAU,Non Active Adult,46055,Vernon,Hancock,18059,"Indianapolis-Carmel-Greenwood, IN",26900,IN,Mt Vernon Community Sch Corp,McCordsville Elementary School,6,Mt Vernon Middle School,6,Mt Vernon High School,8,,39.91552,-85.92644
aAfPc000001kVOPKA2,Mohawk Trails,Lennar,,Active,,,Ashbury,3,2.00,1,2,1800,354995,5/6/2026,aAaPc0000017MBWKA2,Non Active Adult,46140,Greenfield,Hancock,18059,"Indianapolis-Carmel-Greenwood, IN",26900,IN,Greenfield-Central Com Schools,Weston Elementary School; Greenfield Intermediate School,5; 5,Greenfield Central Junior High School,6,Greenfield-Central High School,7,,39.78647,-85.83935
aAf3x000001QNemCAG,The Cove,Fischer Homes,,Active,,,Winston,4,2.50,2,2,2826,545990,4/30/2026,aAaPc0000011H55KAE,Non Active Adult,46040,Fishers,Hamilton,18057,"Indianapolis-Carmel-Greenwood, IN",26900,IN,Hamilton Southeastern Schools,Hamilton Southeastern Jr High School; Southeastern Elementary School,9; 7,Hamilton Southeastern Jr High School,9,Hamilton Southeastern High School,10,,39.96309,-85.89215
aAfPc000001rtRSKAY,Cooks Corner,Arbor Homes,Clayton Properties Group,Upcoming,,,Palmetto,4,2.50,2,2,2580,305995,4/27/2026,aAaPc000001HTSiKAO,Non Active Adult,46140,Greenfield,Hancock,18059,"Indianapolis-Carmel-Greenwood, IN",26900,IN,Greenfield-Central Com Schools,Weston Elementary School; Greenfield Intermediate School,5; 5,Greenfield Central Junior High School,6,Greenfield-Central High School,7,,39.79849,-85.81656
aAf2T000001URgMSAW,Lindley Run/SF,Olthof Homes,,Active,,,Aspen,4,2.50,2,2,2353,488586,5/23/2026,aAa3x000000ZocoCAC,Non Active Adult,46074,Westfield,Hamilton,18057,"Indianapolis-Carmel-Greenwood, IN",26900,IN,Westfield-Washington Schools,Westfield Intermediate School; Washington Woods Elementary School,9; 7,Westfield Middle School,9,Westfield High School,10,,40.06833,-86.10631
aAfPc000000JoBEKA0,Courtyards of Russell Oaks,EPCON Communities,,Active,,,Torino,3,3.00,1,2,2036,593900,5/29/2026,aAaPc0000012SKDKA2,Non Active Adult,46077,Zionsville,Boone,18011,"Indianapolis-Carmel-Greenwood, IN",26900,IN,Zionsville Community Schools,Stonegate Elementary; Zionsville West Middle School,8; 8,Zionsville West Middle School,8,Zionsville Community High School,10,,39.94980,-86.29671
aAfPc000001yvnlKAA,Wood Wind Landing,Fischer Homes,,Active,,,Leland,4,2.50,2,2,3045,782990,5/19/2026,aAaPc000001FiGuKAK,Non Active Adult,46074,Westfield,Hamilton,18057,"Indianapolis-Carmel-Greenwood, IN",26900,IN,Westfield-Washington Schools,Westfield Intermediate School; Shamrock Springs Elementary School,9; 8,Westfield Middle School,9,Westfield High School,10,,40.02774,-86.19140
aAfPc000001qNZiKAM,Darlington Villas/Arrival,Arbor Homes,Clayton Properties Group,Upcoming,,,Berlin,3,2.00,3,2,1964,,1/20/2026,aAaPc00000119LeKAI,Non Active Adult,46147,Jamestown,Boone,18011,"Indianapolis-Carmel-Greenwood, IN",26900,IN,Western Boone County Com Sch District,,,Western Boone Jr-Sr High School,6,Western Boone Jr-Sr High School,6,,39.93163,-86.62914
aAfPc000001Hkh0KAC,CityPointe,M/I Homes,,Active,,,Muirfield,3,2.50,2,2,1909,391990,5/20/2026,aAaPc000000V6itKAC,Non Active Adult,46240,Indianapolis,Marion,18097,"Indianapolis-Carmel-Greenwood, IN",26900,IN,M S D Washington Township,Nora Elementary School,5,Northview Middle School,5,North Central High School,7,,39.92505,-86.13075
aAfPc000001lV4gKAE,Aspen Trace,Pulte Homes,PulteGroup Inc.,Active,,,Summit,4,2.50,2,2,2954,421990,5/14/2026,aAaPc000001AHp9KAG,Non Active Adult,46123,Avon,Hendricks,18063,"Indianapolis-Carmel-Greenwood, IN",26900,IN,Avon Community School Corp,Sycamore Elementary School; Avon Intermediate School East,8; 6,Avon Middle School North,10,Avon High School,10,,39.78194,-86.38136
aAfPc000000CGcLKAW,Summerton/Summerton Cornerstone,Lennar,,Active,,,Rockwell,5,3.50,2,2,3488,516995,4/25/2026,aAaPc00000034UpKAI,Non Active Adult,46055,McCordsville,Hancock,18059,"Indianapolis-Carmel-Greenwood, IN",26900,IN,Mt Vernon Community Sch Corp,McCordsville Elementary School,6,Mt Vernon Middle School,6,Mt Vernon High School,8,,39.91468,-85.90628
aAf3x000001QLLnCAO,Meadows at Belleview,D.R. Horton,"D.R. Horton, Inc.",Active,,,Cortland,4,3.00,1,3,2278,421900,4/1/2026,aAaPc000000a5JZKAY,Non Active Adult,46143,Greenwood,Johnson,18081,"Indianapolis-Carmel-Greenwood, IN",26900,IN,Center Grove Com Sch Corp,Pleasant Grove Elementary School,8,Center Grove Middle School North,8,Center Grove High School,10,,39.59582,-86.21492
aAf3x000000UKz9CAG,Crossroads at Southport,Beazer Homes,,Active,,,Rushmore,4,3.00,2,2,2619,360990,5/4/2026,aAa3x000000a1L7CAI,Non Active Adult,46259,Indianapolis,Marion,18097,"Indianapolis-Carmel-Greenwood, IN",26900,IN,Franklin Township Com Sch Corp,,,,,Franklin Central High School,9,,39.66658,-86.01158
aAfPc000001kkLpKAI,Colonnade,Drees Homes,,Active,,,BELLEVILLE,4,2.50,2,3,2972,594900,5/1/2026,aAaPc000000sPYyKAM,Non Active Adult,46055,Mccordsville,Hancock,18059,"Indianapolis-Carmel-Greenwood, IN",26900,IN,Mt Vernon Community Sch Corp,McCordsville Elementary School,6,Mt Vernon Middle School,6,Mt Vernon High School,8,,39.88541,-85.91438
aAf3x000001WoRWCA0,Hickory Run,M/I Homes,,Active,,,Irvington,3,2.50,2,2,2002,329990,5/18/2026,aAa3x000000ZaBeCAK,Non Active Adult,46239,Indianapolis,Marion,18097,"Indianapolis-Carmel-Greenwood, IN",26900,IN,Franklin Township Com Sch Corp,,,,,Franklin Central High School,9,,39.68048,-85.99215
aAf2T000001ULX7SAO,Mt Vernon North,D.R. Horton,"D.R. Horton, Inc.",Active,,,Lyndhurst,4,2.50,2,2,2904,402900,4/25/2026,aAaPc0000019dhwKAA,Non Active Adult,46040,Fortville,Hancock,18059,"Indianapolis-Carmel-Greenwood, IN",26900,IN,Mt Vernon Community Sch Corp,Fortville Elementary School,7,Mt Vernon Middle School,6,Mt Vernon High School,8,,39.91192,-85.84315
aAfPc000001F5I9KAK,Parkview Village,D.R. Horton,"D.R. Horton, Inc.",Active,,,Durham,3,2.00,1,2,1254,264900,5/25/2026,aAaPc000001FZBvKAO,Non Active Adult,46140,Cumberland,Hancock,18059,"Indianapolis-Carmel-Greenwood, IN",26900,IN,New Palestine Community Schools,Sugar Creek Elementary School,6,New Palestine Jr High School,8,New Palestine High School,10,,39.77823,-85.93275
aAf3x000001WYtoCAG,Midland,Estridge Homes,,Active,,,The Watson,5,3.50,2,2,3589,1027900,5/7/2026,aAaPc000000WdwdKAC,Non Active Adult,46074,Westfield,Hamilton,18057,"Indianapolis-Carmel-Greenwood, IN",26900,IN,Westfield-Washington Schools,Westfield Intermediate School; Maple Glen Elementary,9; 8,Westfield Middle School,9,Westfield High School,10,,40.03976,-86.18435
aAf2T000001MbYESA0,Waterfront of West Clay/Penninsula,Shoopman Homes,,Active,,,Bluebird,5,5.50,2,3,3820,1086900,5/25/2026,aAa2T000000okiISAQ,Non Active Adult,46077,Zionsville,Hamilton,18057,"Indianapolis-Carmel-Greenwood, IN",26900,IN,Carmel Clay Schools,West Clay Elementary,9,Creekside Middle School,10,Carmel High School,10,,39.95694,-86.23909
aAf3x000001WdclCAC,Chatham Village/Cottage Collection,David Weekley Homes,,Active,,,Anthem,3,2.50,2,2,2489,632990,5/9/2026,aAa3x000000YR9qCAG,Non Active Adult,46074,Westfield,Hamilton,18057,"Indianapolis-Carmel-Greenwood, IN",26900,IN,Westfield-Washington Schools,Westfield Intermediate School; Monon Trail Elementary School,9; 6,Westfield Middle School,9,Westfield High School,10,,40.08103,-86.13605
aAfPc0000011TPBKA2,Angilee Gardens,D.R. Horton,"D.R. Horton, Inc.",Active,,,Johnstown,5,3.50,2,3,3062,469900,3/19/2026,aAaPc000000jghRKAQ,Non Active Adult,46052,Lebanon,Boone,18011,"Indianapolis-Carmel-Greenwood, IN",26900,IN,Lebanon Community School Corp,Central Elementary School,9,Lebanon Middle School,5,Lebanon Senior High School,9,,40.07566,-86.46148
aAf3x000001WTNDCA4,Silo Ridge/SF,M/I Homes,,Active,,,Glendale,4,2.50,2,2,3152,471990,5/13/2026,aAa3x000000ZlZRCA0,Non Active Adult,46060,Noblesville,Hamilton,18057,"Indianapolis-Carmel-Greenwood, IN",26900,IN,Hamilton Southeastern Schools,Fall Creek Intermediate School; Deer Creek Elementary,9; 7,Fall Creek Junior High,7,Hamilton Southeastern High School,10,,40.03510,-85.94254
aAfPc000001LQi5KAG,Beyers Estates/Cornerstone,Lennar,,Active,,,Fairmont,5,3.50,2,3,2995,475995,5/23/2026,aAaPc000000kkvtKAA,Non Active Adult,46040,Fortville,Hancock,18059,"Indianapolis-Carmel-Greenwood, IN",26900,IN,Mt Vernon Community Sch Corp,Fortville Elementary School,7,Mt Vernon Middle School,6,Mt Vernon High School,8,,39.91139,-85.83463
aAfPc000000wYyzKAE,Hampton Walk/Paired,Fischer Homes,,Active,,,Tustin,2,2.50,3,0,2097,314990,4/29/2026,aAaPc000001CL9lKAG,Non Active Adult,46055,McCordsville,Hancock,18059,"Indianapolis-Carmel-Greenwood, IN",26900,IN,Mt Vernon Community Sch Corp,McCordsville Elementary School,6,Mt Vernon Middle School,6,Mt Vernon High School,8,,39.88787,-85.91986
aAfPc000001tIADKA2,Emerald Preserve,Fischer Homes,,Active,,,Wesley,3,2.50,2,2,1842,343990,5/16/2026,aAaPc0000016SXKKA2,Non Active Adult,46239,Indianapolis,Marion,18097,"Indianapolis-Carmel-Greenwood, IN",26900,IN,Franklin Township Com Sch Corp,,,,,Franklin Central High School,9,,39.69260,-85.99509
aAfPc000000AgnZKAS,Parks at Decatur Estates,D.R. Horton,"D.R. Horton, Inc.",Active,,,Stamford,4,2.50,2,2,2346,374900,5/7/2026,aAaPc000000VEjRKAW,Non Active Adult,46113,Camby,Marion,18097,"Indianapolis-Carmel-Greenwood, IN",26900,IN,M S D Decatur Township,West Newton Elementary School,5,Decatur Middle School,3,Decatur Central High School,3,,39.63346,-86.29415
aAfPc000001gsjNKAQ,Ashton Village/TH,Lennar,,Upcoming,,,Trenton,3,2.50,2,2,1706,,5/25/2026,aAaPc000001AHVFKA4,Non Active Adult,46268,Indianapolis,Marion,18097,"Indianapolis-Carmel-Greenwood, IN",26900,IN,M S D Pike Township,,,,,Pike High School,4,,39.88994,-86.23618
aAf3x000001WTZ6CAO,Sawyer Walk/Villas,M/I Homes,,Active,,,Villa Series - Bella Vista,2,2.00,1,2,1495,313990,5/29/2026,aAaPc0000001cpdKAA,Non Active Adult,46106,Bargersville,Johnson,18081,"Indianapolis-Carmel-Greenwood, IN",26900,IN,Center Grove Com Sch Corp,Maple Grove Elementary School,8,Center Grove Middle School Central,8,Center Grove High School,10,,39.52297,-86.17236
aAf3x000001WjZmCAK,Monon Corner/Arbor,Arbor Homes,Clayton Properties Group,Active,,,Juniper,3,2.50,2,2,1760,365995,5/10/2026,aAa3x000000YjnoCAC,Non Active Adult,46074,Westfield,Hamilton,18057,"Indianapolis-Carmel-Greenwood, IN",26900,IN,Westfield-Washington Schools,Westfield Intermediate School; Monon Trail Elementary School,9; 6,Westfield Middle School,9,Westfield High School,10,,40.08126,-86.16478
aAfPc000000reB5KAI,Ellis Acres 3 Story TH,Lennar,,Active,,,Meridian III,3,2.50,3,2,2063,453995,5/2/2026,aAaPc000000W5jzKAC,Non Active Adult,46075,Whitestown,Boone,18011,"Indianapolis-Carmel-Greenwood, IN",26900,IN,Zionsville Community Schools,Boone Meadow; Zionsville West Middle School,9; 8,Zionsville West Middle School,8,Zionsville Community High School,10,,39.93071,-86.34246
aAf3x000001Qev2CAC,Centre Place/Tradition,D.R. Horton,"D.R. Horton, Inc.",Active,,,Muncie,3,2.00,1,2,1818,342900,5/29/2026,aAaPc0000019di8KAA,Non Active Adult,46069,Sheridan,Hamilton,18057,"Indianapolis-Carmel-Greenwood, IN",26900,IN,Sheridan Community Schools,Sheridan Elementary School,7,Sheridan Middle School,8,Sheridan High School,8,,40.14310,-86.21876
aAfPc000001F5I9KAK,Parkview Village,D.R. Horton,"D.R. Horton, Inc.",Active,,,Winston,3,2.50,2,2,2091,308900,5/25/2026,aAaPc0000013ug5KAA,Non Active Adult,46140,Cumberland,Hancock,18059,"Indianapolis-Carmel-Greenwood, IN",26900,IN,New Palestine Community Schools,Sugar Creek Elementary School,6,New Palestine Jr High School,8,New Palestine High School,10,,39.77823,-85.93275
aAf2T000001URgMSAW,Lindley Run/SF,Olthof Homes,,Active,,,Hudson,3,1.00,1,2,1903,476842,5/23/2026,aAa3x000000guLSCAY,Non Active Adult,46074,Westfield,Hamilton,18057,"Indianapolis-Carmel-Greenwood, IN",26900,IN,Westfield-Washington Schools,Westfield Intermediate School; Washington Woods Elementary School,9; 7,Westfield Middle School,9,Westfield High School,10,,40.06833,-86.10631
aAfPc000001RqDMKA0,Rockport,M/I Homes,,Active,,,Drake Basement,4,2.50,2,3,2884,554490,5/22/2026,aAaPc000000hE3OKAU,Non Active Adult,46055,Vernon,Hancock,18059,"Indianapolis-Carmel-Greenwood, IN",26900,IN,Mt Vernon Community Sch Corp,McCordsville Elementary School,6,Mt Vernon Middle School,6,Mt Vernon High School,8,,39.91552,-85.92644
aAf3x000001QNemCAG,The Cove,Fischer Homes,,Active,,,Grandin,4,2.00,2,2,2711,544990,4/30/2026,aAa3x000000ZiVoCAK,Non Active Adult,46040,Fishers,Hamilton,18057,"Indianapolis-Carmel-Greenwood, IN",26900,IN,Hamilton Southeastern Schools,Hamilton Southeastern Jr High School; Southeastern Elementary School,9; 7,Hamilton Southeastern Jr High School,9,Hamilton Southeastern High School,10,,39.96309,-85.89215
aAf3x000001QfKWCA0,Colonnade Estates,Beazer Homes,,Active,,,Weston,5,3.50,2,2,3456,535990,5/1/2026,aAaPc000000rRWkKAM,Non Active Adult,46055,McCordsville,Hancock,18059,"Indianapolis-Carmel-Greenwood, IN",26900,IN,Mt Vernon Community Sch Corp,McCordsville Elementary School,6,Mt Vernon Middle School,6,Mt Vernon High School,8,,39.88600,-85.90997
aAfPc000001F5I9KAK,Parkview Village,D.R. Horton,"D.R. Horton, Inc.",Active,,,Cortland,4,3.00,1,3,2278,385900,4/23/2026,aAaPc000000oiqrKAA,Non Active Adult,46140,Cumberland,Hancock,18059,"Indianapolis-Carmel-Greenwood, IN",26900,IN,New Palestine Community Schools,Sugar Creek Elementary School,6,New Palestine Jr High School,8,New Palestine High School,10,,39.77823,-85.93275
aAfPc000000U2BDKA0,Finch Creek by Del Webb/Designer,Del Webb,PulteGroup Inc.,Active,,,Palmary,2,2.00,1,2,1892,425990,5/19/2026,aAaPc000000bOFSKA2,Active Adult,46060,Noblesville,Hamilton,18057,"Indianapolis-Carmel-Greenwood, IN",26900,IN,Hamilton Southeastern Schools,Hamilton Southeastern Jr High School; Deer Creek Elementary,9; 7,Hamilton Southeastern Jr High School,9,Hamilton Southeastern High School,10,,40.01651,-85.92586
aAf3x000001WTU0CAO,Sawyer Walk,M/I Homes,,Active,,,Drake Basement,4,2.50,2,3,2884,531490,5/29/2026,aAaPc000000U1JgKAK,Non Active Adult,46106,Bargersville,Johnson,18081,"Indianapolis-Carmel-Greenwood, IN",26900,IN,Center Grove Com Sch Corp,Maple Grove Elementary School,8,Center Grove Middle School Central,8,Center Grove High School,10,,39.52297,-86.17236
aAfPc000000SpUDKA0,Pebble Brook Crossing,Drees Homes,,Active,,,VANDERBURGH,4,2.50,2,2,3252,609100,5/20/2026,aAaPc000000CHl0KAG,Non Active Adult,46062,Noblesville,Hamilton,18057,"Indianapolis-Carmel-Greenwood, IN",26900,IN,Noblesville Schools,Hazel Dell Elementary School,7,Noblesville West Middle School,9,Noblesville High School,10,,40.06461,-86.08762
aAf3x000001QhcyCAC,Cardinal Grove/Express,D.R. Horton,"D.R. Horton, Inc.",Active,,,Stamford,4,2.50,2,2,2346,351900,4/23/2026,aAaPc000000XxR7KAK,Non Active Adult,46221,Indianapolis,Marion,18097,"Indianapolis-Carmel-Greenwood, IN",26900,IN,M S D Decatur Township,Gold Academy,4,Decatur Middle School,3,Decatur Central High School,3,,39.67001,-86.27891
aAfPc000001Ze6rKAC,Honey Creek Farms/Venture,Lennar,,Upcoming,,,Springfield,4,3.00,2,2,2329,,4/27/2026,aAaPc000001ELOzKAO,Non Active Adult,46143,Greenwood,Johnson,18081,"Indianapolis-Carmel-Greenwood, IN",26900,IN,Center Grove Com Sch Corp,Center Grove Elementary School,7,Center Grove Middle School Central,8,Center Grove High School,10,,39.56905,-86.14219
aAfPc000001gSKzKAM,Langdon Crossing,Arbor Homes,Clayton Properties Group,Active,,,Chestnut,3,2.00,1,0,1801,308995,3/12/2026,aAaPc0000015fE3KAI,Non Active Adult,46030,Arcadia,Hamilton,18057,"Indianapolis-Carmel-Greenwood, IN",26900,IN,Hamilton Heights School Corp,Hamilton Heights Middle School; Hamilton Heights Elementary School,8; 6,Hamilton Heights Middle School,8,Hamilton Heights High School,8,,40.16554,-86.02772
aAfPc000000EW9hKAG,Manors at Avon/Designer,Fischer Homes,,Active,,,Blair,4,2.50,2,2,3029,563990,5/25/2026,aAaPc000000KsYvKAK,Non Active Adult,46123,Avon,Hendricks,18063,"Indianapolis-Carmel-Greenwood, IN",26900,IN,Avon Community School Corp,River Birch Elementary; Avon Intermediate School East,8; 6,Avon Middle School North,10,Avon High School,10,,39.78371,-86.40136
aAfPc000001iOMMKA2,Bridle Oaks South,Arbor Homes,Clayton Properties Group,Active,,,Ashton,3,2.00,1,2,1354,279995,5/28/2026,aAaPc0000018eT9KAI,Non Active Adult,46075,Whitestown,Boone,18011,"Indianapolis-Carmel-Greenwood, IN",26900,IN,Lebanon Community School Corp,Perry Worth Elementary School,6,Lebanon Middle School,5,Lebanon Senior High School,9,,39.98791,-86.34573
aAfPc000001kVOPKA2,Mohawk Trails,Lennar,,Active,,,Wilmington,3,2.00,1,2,2096,392995,5/6/2026,aAaPc0000017MBXKA2,Non Active Adult,46140,Greenfield,Hancock,18059,"Indianapolis-Carmel-Greenwood, IN",26900,IN,Greenfield-Central Com Schools,Weston Elementary School; Greenfield Intermediate School,5; 5,Greenfield Central Junior High School,6,Greenfield-Central High School,7,,39.78647,-85.83935
aAf3x000001WjZmCAK,Monon Corner/Arbor,Arbor Homes,Clayton Properties Group,Active,,,The Spruce,4,2.50,2,2,2343,385995,5/10/2026,aAa3x000000UWSaCAO,Non Active Adult,46074,Westfield,Hamilton,18057,"Indianapolis-Carmel-Greenwood, IN",26900,IN,Westfield-Washington Schools,Westfield Intermediate School; Monon Trail Elementary School,9; 6,Westfield Middle School,9,Westfield High School,10,,40.08126,-86.16478
aAf3x000001WjZmCAK,Monon Corner/Arbor,Arbor Homes,Clayton Properties Group,Active,,,The Bradford,3,2.00,1,2,1613,355995,5/10/2026,aAa3x000000UWS6CAO,Non Active Adult,46074,Westfield,Hamilton,18057,"Indianapolis-Carmel-Greenwood, IN",26900,IN,Westfield-Washington Schools,Westfield Intermediate School; Monon Trail Elementary School,9; 6,Westfield Middle School,9,Westfield High School,10,,40.08126,-86.16478
aAf3x000001WTU0CAO,Sawyer Walk,M/I Homes,,Active,,,Ashton,2,2.00,1,2,1842,380990,5/29/2026,aAaPc0000002ZksKAE,Non Active Adult,46106,Bargersville,Johnson,18081,"Indianapolis-Carmel-Greenwood, IN",26900,IN,Center Grove Com Sch Corp,Maple Grove Elementary School,8,Center Grove Middle School Central,8,Center Grove High School,10,,39.52297,-86.17236
aAf3x000001WrRNCA0,Grassy Creek South,Arbor Homes,Clayton Properties Group,Active,,,Cooper,4,2.50,2,0,2813,319995,5/12/2026,aAa3x000000YSygCAG,Non Active Adult,46239,Indianapolis,Marion,18097,"Indianapolis-Carmel-Greenwood, IN",26900,IN,M S D Warren Township,Creston Middle School; Grassy Creek Elementary School,4; 3,Creston Middle School,4,Warren Central High School,2,,39.74331,-85.97090
aAfPc000001srExKAI,Village At Trail Crossing/TH,M/I Homes,,Active,,,Miller,3,2.50,3,2,2108,354990,5/28/2026,aAaPc000001J7hzKAC,Non Active Adult,46062,Noblesville,Hamilton,18057,"Indianapolis-Carmel-Greenwood, IN",26900,IN,Noblesville Schools,Hazel Dell Elementary School,7,Noblesville West Middle School,9,Noblesville High School,10,,40.04203,-86.07256
aAfPc000001gqrQKAQ,Westfall Place,Arbor Homes,Clayton Properties Group,Active,,,Juniper,3,2.50,2,2,1760,267995,5/16/2026,aAaPc000000wGY0KAM,Non Active Adult,46071,Thorntown,Boone,18011,"Indianapolis-Carmel-Greenwood, IN",26900,IN,Western Boone County Com Sch District,,,Western Boone Jr-Sr High School,6,Western Boone Jr-Sr High School,6,,40.12700,-86.62602
aAfPc000001Hkh0KAC,CityPointe,M/I Homes,,Active,,,Oakmont,3,2.50,2,2,2071,396990,5/20/2026,aAaPc000000V6ivKAC,Non Active Adult,46240,Indianapolis,Marion,18097,"Indianapolis-Carmel-Greenwood, IN",26900,IN,M S D Washington Township,Nora Elementary School,5,Northview Middle School,5,North Central High School,7,,39.92505,-86.13075
aAfPc000000CGcLKAW,Summerton/Summerton Cornerstone,Lennar,,Active,,,Oxford,5,3.50,2,2,3309,506995,4/25/2026,aAaPc00000034UoKAI,Non Active Adult,46055,McCordsville,Hancock,18059,"Indianapolis-Carmel-Greenwood, IN",26900,IN,Mt Vernon Community Sch Corp,McCordsville Elementary School,6,Mt Vernon Middle School,6,Mt Vernon High School,8,,39.91468,-85.90628
aAfPc000001L2HZKA0,Reserve (The),Taylor Morrison,,Active,,,Courtyard 1934,3,2.50,2,2,1934,290000,5/12/2026,aAaPc000000rRXfKAM,Non Active Adult,46239,Indianapolis,Marion,18097,"Indianapolis-Carmel-Greenwood, IN",26900,IN,M S D Warren Township,Creston Middle School; Grassy Creek Elementary School,4; 3,Creston Middle School,4,Warren Central High School,2,,39.75405,-85.97066
aAf3x000001QVVICA4,Carramore,Drees Homes,,Active,,,MARSHALL,4,3.50,2,3,2953,770100,5/13/2026,aAaPc000000uRjSKAU,Non Active Adult,46069,Sheridan,Hamilton,18057,"Indianapolis-Carmel-Greenwood, IN",26900,IN,Westfield-Washington Schools,Westfield Intermediate School; Monon Trail Elementary School,9; 6,Westfield Middle School,9,Westfield High School,10,,40.07796,-86.16111
aAf3x000001QX5cCAG,Chatham Village/Executive Collection,David Weekley Homes,,Active,,,Talbert,3,2.00,1,3,2502,870990,5/9/2026,aAa3x000000ZzGaCAK,Non Active Adult,46074,Westfield,Hamilton,18057,"Indianapolis-Carmel-Greenwood, IN",26900,IN,Westfield-Washington Schools,Westfield Intermediate School; Monon Trail Elementary School,9; 6,Westfield Middle School,9,Westfield High School,10,,40.08057,-86.13476
aAfPc000000reB7KAI,Abbott Commons/Heritage,Lennar,,Active,,,Lincoln,4,2.50,2,2,2255,411995,5/28/2026,aAaPc000000TWRcKAO,Non Active Adult,46037,Fishers,Hamilton,18057,"Indianapolis-Carmel-Greenwood, IN",26900,IN,Hamilton Southeastern Schools,Hamilton Southeastern Jr High School; Southeastern Elementary School,9; 7,Hamilton Southeastern Jr High School,9,Hamilton Southeastern High School,10,,39.98846,-85.89194
aAf2T000001MbYESA0,Waterfront of West Clay/Penninsula,Shoopman Homes,,Active,,,Eagle,5,4.50,2,3,4906,1345900,5/25/2026,aAa3x000000U7iVCAS,Non Active Adult,46077,Zionsville,Hamilton,18057,"Indianapolis-Carmel-Greenwood, IN",26900,IN,Carmel Clay Schools,West Clay Elementary,9,Creekside Middle School,10,Carmel High School,10,,39.95694,-86.23909
aAf3x000001QdoYCAS,Magnolia Ridge/Crossing,Pulte Homes,PulteGroup Inc.,Active,,,Hilltop,4,2.00,2,2,2899,439990,5/26/2026,aAaPc000000qzVdKAI,Non Active Adult,46062,Noblesville,Hamilton,18057,"Indianapolis-Carmel-Greenwood, IN",26900,IN,Noblesville Schools,Noble Crossing Elementary School,8,Noblesville West Middle School,9,Noblesville High School,10,,40.02936,-86.06009
aAfPc000001U76jKAC,Winterburg Venture,Lennar,,Active,,,Seabrook,3,3.00,1,3,2225,508995,4/25/2026,aAaPc0000010IXRKA2,Non Active Adult,46069,Westfield,Hamilton,18057,"Indianapolis-Carmel-Greenwood, IN",26900,IN,Westfield-Washington Schools,Westfield Intermediate School; Monon Trail Elementary School,9; 6,Westfield Middle School,9,Westfield High School,10,,40.06349,-86.18046
aAfPc000001fCsvKAE,Courtyards of Cielo Ranch,EPCON Communities,,Active,,,Palazzo,2,2.00,1,2,1576,514900,4/25/2026,aAaPc000000lPYZKA2,Active Adult,46074,Westfield,Hamilton,18057,"Indianapolis-Carmel-Greenwood, IN",26900,IN,Westfield-Washington Schools,Westfield Intermediate School; Oak Trace Elementary School,9; 8,Westfield Middle School,9,Westfield High School,10,,40.02250,-86.13990
aAfPc000001LQesKAG,Easton/Southern,Lennar,,Active,,,Patoka,3,3.00,1,3,2332,497995,5/28/2026,aAaPc000000elIFKAY,Active Adult,46123,Avon,Hendricks,18063,"Indianapolis-Carmel-Greenwood, IN",26900,IN,Avon Community School Corp,River Birch Elementary; Avon Intermediate School East,8; 6,Avon Middle School North,10,Avon High School,10,,39.76793,-86.43780
aAf3x000001WYtoCAG,Midland,Estridge Homes,,Active,,,The Elmwood,4,3.50,2,2,2514,599900,5/7/2026,aAaPc0000011QhRKAU,Non Active Adult,46074,Westfield,Hamilton,18057,"Indianapolis-Carmel-Greenwood, IN",26900,IN,Westfield-Washington Schools,Westfield Intermediate School; Maple Glen Elementary,9; 8,Westfield Middle School,9,Westfield High School,10,,40.03976,-86.18435
aAf3x000001QKUpCAO,Vintners Park Estates,Drees Homes,,Active,,,ASH LAWN,4,2.50,2,3,3085,675900,5/19/2026,aAa3x000000YeIICA0,Non Active Adult,46055,McCordsville,Hancock,18059,"Indianapolis-Carmel-Greenwood, IN",26900,IN,Mt Vernon Community Sch Corp,McCordsville Elementary School,6,Mt Vernon Middle School,6,Mt Vernon High School,8,,39.91338,-85.92927
aAf3x000001WrTwCAK,Westwind at Cumberland,Arbor Homes,Clayton Properties Group,Active,,,Cooper,4,2.50,2,0,2813,320995,5/25/2026,aAa3x000000YSywCAG,Non Active Adult,46131,Franklin,Johnson,18081,"Indianapolis-Carmel-Greenwood, IN",26900,IN,Franklin Community School Corp,Custer Baker Intermediate School; Creekside Elementary School,7; 6,Franklin Community Middle School,7,Franklin Community High School,6,,39.49405,-86.08407
aAf3x000001WdclCAC,Chatham Village/Cottage Collection,David Weekley Homes,,Active,,,Townsman,2,2.50,1,2,2153,639990,5/9/2026,aAa3x000000YR9rCAG,Non Active Adult,46074,Westfield,Hamilton,18057,"Indianapolis-Carmel-Greenwood, IN",26900,IN,Westfield-Washington Schools,Westfield Intermediate School; Monon Trail Elementary School,9; 6,Westfield Middle School,9,Westfield High School,10,,40.08103,-86.13605
aAf3x000001QYOLCA4,Trescott Overlook,Drees Homes,,Active,,,AYDEN,4,3.50,2,2,3285,568900,5/18/2026,aAa3x000000ZfW7CAK,Non Active Adult,46168,Plainfield,Hendricks,18063,"Indianapolis-Carmel-Greenwood, IN",26900,IN,Plainfield Community Sch Corp,Clarks Creek Elementary,5,Plainfield Com Middle School,8,Plainfield High School,9,,39.67444,-86.40719
aAf3x000001Qev2CAC,Centre Place/Tradition,D.R. Horton,"D.R. Horton, Inc.",Active,,,Chatham,4,2.00,1,2,1771,327900,5/29/2026,aAaPc00000065Z1KAI,Non Active Adult,46069,Sheridan,Hamilton,18057,"Indianapolis-Carmel-Greenwood, IN",26900,IN,Sheridan Community Schools,Sheridan Elementary School,7,Sheridan Middle School,8,Sheridan High School,8,,40.14310,-86.21876
aAfPc000001gSKzKAM,Langdon Crossing,Arbor Homes,Clayton Properties Group,Active,,,Walnut,3,2.00,1,2,1228,271995,3/12/2026,aAaPc0000015fDsKAI,Non Active Adult,46030,Arcadia,Hamilton,18057,"Indianapolis-Carmel-Greenwood, IN",26900,IN,Hamilton Heights School Corp,Hamilton Heights Middle School; Hamilton Heights Elementary School,8; 6,Hamilton Heights Middle School,8,Hamilton Heights High School,8,,40.16554,-86.02772
aAfPc000001rcMjKAI,Welford at Easton Grey/Estates,Drees Homes,,Upcoming,,,VANDERBURGH,4,2.50,2,2,3252,646900,4/12/2026,aAaPc0000015fCrKAI,Non Active Adult,46123,Avon,Hendricks,18063,"Indianapolis-Carmel-Greenwood, IN",26900,IN,Avon Community School Corp,River Birch Elementary; Avon Intermediate School East,8; 6,Avon Middle School North,10,Avon High School,10,,39.77407,-86.43379
aAfPc000000SpUDKA0,Pebble Brook Crossing,Drees Homes,,Active,,,BELLEVILLE,4,2.50,2,3,2972,592800,5/20/2026,aAaPc000000CHl9KAG,Non Active Adult,46062,Noblesville,Hamilton,18057,"Indianapolis-Carmel-Greenwood, IN",26900,IN,Noblesville Schools,Hazel Dell Elementary School,7,Noblesville West Middle School,9,Noblesville High School,10,,40.06461,-86.08762
aAf3x000001QR5BCAW,Colonnade Signature,Beazer Homes,,Active,,,Washington,5,3.00,2,2,3169,489990,4/23/2026,aAaPc00000123QHKAY,Non Active Adult,46055,McCordsville,Hancock,18059,"Indianapolis-Carmel-Greenwood, IN",26900,IN,Mt Vernon Community Sch Corp,McCordsville Elementary School,6,Mt Vernon Middle School,6,Mt Vernon High School,8,,39.89064,-85.91169
aAf3x000001WkacCAC,Trescott,Pulte Homes,PulteGroup Inc.,Active,,,Greenfield,4,2.50,2,2,3021,399990,5/13/2026,aAa3x000000ZfqcCAC,Non Active Adult,46168,Plainfield,Hendricks,18063,"Indianapolis-Carmel-Greenwood, IN",26900,IN,Plainfield Community Sch Corp,Clarks Creek Elementary,5,Plainfield Com Middle School,8,Plainfield High School,9,,39.67374,-86.40810
aAf3x000001WmjKCAS,Sagebrook West/SF,M/I Homes,,Active,,,Kentmore Slab,3,2.50,2,2,2070,349990,3/30/2026,aAa3x000000UpYCCA0,Non Active Adult,46239,Indianapolis,Marion,18097,"Indianapolis-Carmel-Greenwood, IN",26900,IN,Franklin Township Com Sch Corp,,,,,Franklin Central High School,9,,39.69289,-85.97854
aAf3x000001QbssCAC,Hidden Hills,Taylor Morrison,,Active,,,Exclusives 3630,4,2.50,2,2,3630,464000,5/18/2026,aAaPc000000pZ4NKAU,Non Active Adult,46167,Pittsboro,Hendricks,18063,"Indianapolis-Carmel-Greenwood, IN",26900,IN,North West Hendricks Schools,Pittsboro Elementary; Pittsboro Primary School,9; 0,Tri-West Middle School,9,Tri-West Senior High School,9,,39.87140,-86.45638
aAfPc0000016CXNKA2,Harvest Trail of Westfield/Courtyard Collection,David Weekley Homes,,Active,,,Bellemont,4,3.00,2,2,2346,391990,4/11/2026,aAaPc000000RtQDKA0,Non Active Adult,46074,Westfield,Hamilton,18057,"Indianapolis-Carmel-Greenwood, IN",26900,IN,Westfield-Washington Schools,Westfield Intermediate School; Monon Trail Elementary School,9; 6,Westfield Middle School,9,Westfield High School,10,,40.06467,-86.14415
aAf3x000001WYtoCAG,Midland,Estridge Homes,,Active,,,The Langford,3,3.50,3,3,3508,1009900,5/7/2026,aAaPc000001J4YnKAK,Non Active Adult,46074,Westfield,Hamilton,18057,"Indianapolis-Carmel-Greenwood, IN",26900,IN,Westfield-Washington Schools,Westfield Intermediate School; Maple Glen Elementary,9; 8,Westfield Middle School,9,Westfield High School,10,,40.03976,-86.18435
aAfPc000000SpUDKA0,Pebble Brook Crossing,Drees Homes,,Active,,,HUTTON,5,4.50,2,3,3246,609900,5/20/2026,aAaPc000001CavoKAC,Non Active Adult,46062,Noblesville,Hamilton,18057,"Indianapolis-Carmel-Greenwood, IN",26900,IN,Noblesville Schools,Hazel Dell Elementary School,7,Noblesville West Middle School,9,Noblesville High School,10,,40.06461,-86.08762
aAf3x000001WdgGCAS,Fairview West,Olthof Homes,,Active,,,Sedona,4,2.50,2,2,2444,423600,4/6/2026,aAaPc000000qCkgKAE,Non Active Adult,46112,Brownsburg,Hendricks,18063,"Indianapolis-Carmel-Greenwood, IN",26900,IN,Brownsburg Community Sch Corp,Delaware Trail Elementary School,9,Brownsburg East Middle School,9,Brownsburg High School,10,,39.86584,-86.42391
aAfPc000000p28VKAQ,Willow Ridge,Silverthorne Homes,Clayton Properties Group,Active,,,Reagan,3,2.50,1,2,2300,357995,5/7/2026,aAaPc000000JYRjKAO,Non Active Adult,46163,New Palestine,Hancock,18059,"Indianapolis-Carmel-Greenwood, IN",26900,IN,New Palestine Community Schools,New Palestine Elementary School,8,New Palestine Jr High School,8,New Palestine High School,10,,39.72820,-85.88640
aAf3x000001WmjKCAS,Sagebrook West/SF,M/I Homes,,Active,,,Kensington Basement,4,2.50,2,3,3382,505490,3/30/2026,aAaPc000000WdvCKAS,Non Active Adult,46239,Indianapolis,Marion,18097,"Indianapolis-Carmel-Greenwood, IN",26900,IN,Franklin Township Com Sch Corp,,,,,Franklin Central High School,9,,39.69289,-85.97854
aAf3x000001WlvOCAS,Promenade,Pulte Homes,PulteGroup Inc.,Active,,,Greenfield,4,2.50,2,2,3021,425990,5/16/2026,aAa3x000000ZdIbCAK,Non Active Adult,46112,Brownsburg,Hendricks,18063,"Indianapolis-Carmel-Greenwood, IN",26900,IN,Brownsburg Community Sch Corp,Delaware Trail Elementary School,9,Brownsburg East Middle School,9,Brownsburg High School,10,,39.81374,-86.37300
aAf3x000001YlGQCA0,Brandywine Fields,Ryan Homes,NVR Inc.,Active,,,Hazel,5,3.00,2,2,2541,319990,4/27/2026,aAa3x000000YiNVCA0,Non Active Adult,46140,Greenfield,Hancock,18059,"Indianapolis-Carmel-Greenwood, IN",26900,IN,Greenfield-Central Com Schools,J B Stephens Elementary School; Maxwell Intermediate School,8; 6,Greenfield Central Junior High School,6,Greenfield-Central High School,7,,39.81131,-85.74918
aAfPc00000163QrKAI,Oberlin/Simplicity,Taylor Morrison,,Active,,,Simplicity 2868,4,2.50,2,2,2868,383000,5/6/2026,aAaPc000000cKnmKAE,Non Active Adult,46113,Camby,Marion,18097,"Indianapolis-Carmel-Greenwood, IN",26900,IN,M S D Decatur Township,West Newton Elementary School,5,Decatur Middle School,3,Decatur Central High School,3,,39.65344,-86.31662
aAfPc000001RqDMKA0,Rockport,M/I Homes,,Active,,,Cheswicke II Basement,3,2.00,1,2,2191,519490,5/22/2026,aAaPc000000hE3EKAU,Non Active Adult,46055,Vernon,Hancock,18059,"Indianapolis-Carmel-Greenwood, IN",26900,IN,Mt Vernon Community Sch Corp,McCordsville Elementary School,6,Mt Vernon Middle School,6,Mt Vernon High School,8,,39.91552,-85.92644
aAfPc000001yvnlKAA,Wood Wind Landing,Fischer Homes,,Active,,,Beckett,4,2.50,2,0,3632,806990,5/19/2026,aAaPc000001FiH1KAK,Non Active Adult,46074,Westfield,Hamilton,18057,"Indianapolis-Carmel-Greenwood, IN",26900,IN,Westfield-Washington Schools,Westfield Intermediate School; Shamrock Springs Elementary School,9; 8,Westfield Middle School,9,Westfield High School,10,,40.02774,-86.19140
aAf3x000001WYtoCAG,Midland,Estridge Homes,,Active,,,The Central,2,2.00,1,2,2004,664900,5/7/2026,aAaPc000000WdwOKAS,Non Active Adult,46074,Westfield,Hamilton,18057,"Indianapolis-Carmel-Greenwood, IN",26900,IN,Westfield-Washington Schools,Westfield Intermediate School; Maple Glen Elementary,9; 8,Westfield Middle School,9,Westfield High School,10,,40.03976,-86.18435
aAfPc000001qNZjKAM,Darlington Villas/Arbor,Arbor Homes,Clayton Properties Group,Active,,,Palmetto,4,2.50,2,2,2580,308995,5/25/2026,aAaPc000001BHBeKAO,Non Active Adult,46147,Jamestown,Boone,18011,"Indianapolis-Carmel-Greenwood, IN",26900,IN,Western Boone County Com Sch District,,,Western Boone Jr-Sr High School,6,Western Boone Jr-Sr High School,6,,39.93518,-86.62913
aAfPc000001PrBpKAK,Alvord Street Towns,Lennar,,Upcoming,,,Madison,3,2.50,3,2,2073,,5/26/2026,aAaPc000000k82bKAA,Non Active Adult,46202,Indianapolis,Marion,18097,"Indianapolis-Carmel-Greenwood, IN",26900,IN,Indianapolis Public Schools,Thomas D. Gregg School 15; Brookside School 54,4; 4,Arlington Community Middle School,5,Arsenal Technical High School; George Washington Community High School...,1; 1,,39.79217,-86.13926
aAfPc000001iOMMKA2,Bridle Oaks South,Arbor Homes,Clayton Properties Group,Active,,,Chestnut,3,2.00,1,0,1801,309995,5/29/2026,aAaPc0000018eTBKAY,Non Active Adult,46075,Whitestown,Boone,18011,"Indianapolis-Carmel-Greenwood, IN",26900,IN,Lebanon Community School Corp,Perry Worth Elementary School,6,Lebanon Middle School,5,Lebanon Senior High School,9,,39.98791,-86.34573
aAf3x000001WYwxCAG,Woodfield Pointe,Arbor Homes,Clayton Properties Group,Active,,,Ashton,3,2.00,1,2,1354,244995,5/15/2026,aAa3x000000YfjsCAC,Non Active Adult,46140,Greenfield,Hancock,18059,"Indianapolis-Carmel-Greenwood, IN",26900,IN,Greenfield-Central Com Schools,Weston Elementary School; Greenfield Intermediate School,5; 5,Greenfield Central Junior High School,6,Greenfield-Central High School,7,,39.78944,-85.81685
aAfPc000001T95lKAC,Winterfield/Tradition,D.R. Horton,"D.R. Horton, Inc.",Active,,,Dayton,5,3.50,2,3,3388,444900,4/8/2026,aAaPc000000e29ZKAQ,Non Active Adult,46131,Franklin,Johnson,18081,"Indianapolis-Carmel-Greenwood, IN",26900,IN,Franklin Community School Corp,Needham Elementary School; Custer Baker Intermediate School,7; 7,Franklin Community Middle School,7,Franklin Community High School,6,,39.51567,-86.03785
aAf3x000001QItnCAG,Edgebrook Preserve,Silverthorne Homes,Clayton Properties Group,Active,,,Taylor,3,2.50,1,2,2001,337995,5/6/2026,aAa3x000000YT0oCAG,Non Active Adult,46239,Indianapolis,Marion,18097,"Indianapolis-Carmel-Greenwood, IN",26900,IN,Franklin Township Com Sch Corp,,,,,Franklin Central High School,9,,39.68209,-85.98408
aAfPc000001F5I9KAK,Parkview Village,D.R. Horton,"D.R. Horton, Inc.",Active,,,Lyndhurst,4,2.50,2,2,2904,394900,5/25/2026,aAaPc000001Cax0KAC,Non Active Adult,46140,Cumberland,Hancock,18059,"Indianapolis-Carmel-Greenwood, IN",26900,IN,New Palestine Community Schools,Sugar Creek Elementary School,6,New Palestine Jr High School,8,New Palestine High School,10,,39.77823,-85.93275
aAf3x000001QbssCAC,Hidden Hills,Taylor Morrison,,Active,,,Exclusives 2120,3,2.00,1,2,2120,414000,5/18/2026,aAaPc000000pZ4JKAU,Non Active Adult,46167,Pittsboro,Hendricks,18063,"Indianapolis-Carmel-Greenwood, IN",26900,IN,North West Hendricks Schools,Pittsboro Elementary; Pittsboro Primary School,9; 0,Tri-West Middle School,9,Tri-West Senior High School,9,,39.87140,-86.45638
aAfPc000001HB9qKAG,Evergreen Estates/Venture,Lennar,,Active,,,Hampshire,5,3.00,2,2,2422,393995,4/20/2026,aAaPc000000ON77KAG,Non Active Adult,46140,Greenfield,Hancock,18059,"Indianapolis-Carmel-Greenwood, IN",26900,IN,Greenfield-Central Com Schools,J B Stephens Elementary School; Maxwell Intermediate School,8; 6,Greenfield Central Junior High School,6,Greenfield-Central High School,7,,39.81487,-85.74474
aAf3x000001QYOMCA4,Trescott Gardens,Drees Homes,,Active,,,CRESTVIEW,5,3.00,2,3,2929,478900,5/22/2026,aAaPc000000Wdv6KAC,Non Active Adult,46168,Plainfield,Hendricks,18063,"Indianapolis-Carmel-Greenwood, IN",26900,IN,Plainfield Community Sch Corp,Clarks Creek Elementary,5,Plainfield Com Middle School,8,Plainfield High School,9,,39.67444,-86.40719
aAf3x000001QYOLCA4,Trescott Overlook,Drees Homes,,Active,,,BEXLEY,4,2.50,2,2,2841,496900,5/18/2026,aAaPc000001JFHfKAO,Non Active Adult,46168,Plainfield,Hendricks,18063,"Indianapolis-Carmel-Greenwood, IN",26900,IN,Plainfield Community Sch Corp,Clarks Creek Elementary,5,Plainfield Com Middle School,8,Plainfield High School,9,,39.67444,-86.40719
aAfPc000001U6SRKA0,Honey Creek Farms/Alley-Load Venture,Lennar,,Upcoming,,,Springfield,4,3.00,2,2,2329,,5/22/2026,aAaPc000001Eb0jKAC,Non Active Adult,46143,Greenwood,Johnson,18081,"Indianapolis-Carmel-Greenwood, IN",26900,IN,Center Grove Com Sch Corp,Center Grove Elementary School,7,Center Grove Middle School Central,8,Center Grove High School,10,,39.56905,-86.14219
aAf3x000001QbsnCAC,Quail West,Taylor Morrison,,Active,,,Courtyard 1601,2,2.00,1,2,1601,297990,5/1/2026,aAa3x000000ZpU3CAK,Non Active Adult,46122,Danville,Hendricks,18063,"Indianapolis-Carmel-Greenwood, IN",26900,IN,Danville Community School Corp,Danville Middle School; South Elementary School,8; 7,Danville Middle School,8,Danville Community High School,8,,39.76581,-86.48512
aAfPc000001rOZtKAM,Windswept Farms,Ryan Homes,NVR Inc.,Active,,,Lehigh,4,2.50,2,2,3010,442990,3/27/2026,aAaPc000001E2SnKAK,Non Active Adult,46075,Whitestown,Boone,18011,"Indianapolis-Carmel-Greenwood, IN",26900,IN,Lebanon Community School Corp,Perry Worth Elementary School,6,Lebanon Middle School,5,Lebanon Senior High School,9,,39.97861,-86.33781
aAfPc000000RV02KAG,Cyntheanne Woods,Taylor Morrison,,Active,,,Sonoma,3,2.50,2,2,2049,397000,5/2/2026,aAaPc0000009CuxKAE,Non Active Adult,46037,Fishers,Hamilton,18057,"Indianapolis-Carmel-Greenwood, IN",26900,IN,Hamilton Southeastern Schools,Hamilton Southeastern Jr High School; Southeastern Elementary School,9; 7,Hamilton Southeastern Jr High School,9,Hamilton Southeastern High School,10,,39.98344,-85.88072
aAfPc000001hPPBKA2,Ashton Village/Duplex,Lennar,,Active,,,Roxbury,3,2.50,2,2,1793,290995,5/25/2026,aAaPc000001AHodKAG,Non Active Adult,46268,Indianapolis,Marion,18097,"Indianapolis-Carmel-Greenwood, IN",26900,IN,M S D Pike Township,,,,,Pike High School,4,,39.88994,-86.23618
aAf3x000001WrRPCA0,Augusta Heights,Arbor Homes,Clayton Properties Group,Active,,,Palmetto,4,2.50,2,2,2600,301995,5/14/2026,aAa3x000000YeldCAC,Non Active Adult,46268,Indianapolis,Marion,18097,"Indianapolis-Carmel-Greenwood, IN",26900,IN,M S D Pike Township,,,,,Pike High School,4,,39.89474,-86.21371
aAf3x000001Wf1qCAC,Williams Run,Joyner Homes,,Active,,,Dakota,2,2.00,1,3,1751,328900,4/27/2026,aAa3x000000UJHrCAO,Non Active Adult,46140,Greenfield,Hancock,18059,"Indianapolis-Carmel-Greenwood, IN",26900,IN,Greenfield-Central Com Schools,J B Stephens Elementary School; Maxwell Intermediate School,8; 6,Greenfield Central Junior High School,6,Greenfield-Central High School,7,,39.80744,-85.74553
aAf3x000001QNelCAG,Hampton Walk/ Maple and Designer,Fischer Homes,,Active,,,Greenbriar,3,2.00,2,2,1983,373990,4/29/2026,aAa3x000000ZrvrCAC,Non Active Adult,46055,McCordsville,Hancock,18059,"Indianapolis-Carmel-Greenwood, IN",26900,IN,Mt Vernon Community Sch Corp,McCordsville Elementary School,6,Mt Vernon Middle School,6,Mt Vernon High School,8,,39.88787,-85.91986
aAf3x000001WTU0CAO,Sawyer Walk,M/I Homes,,Active,,,Kentmore Basement,3,2.50,2,2,2070,489490,5/29/2026,aAaPc000000U1JnKAK,Non Active Adult,46106,Bargersville,Johnson,18081,"Indianapolis-Carmel-Greenwood, IN",26900,IN,Center Grove Com Sch Corp,Maple Grove Elementary School,8,Center Grove Middle School Central,8,Center Grove High School,10,,39.52297,-86.17236
aAfPc000000reB7KAI,Abbott Commons/Heritage,Lennar,,Active,,,Chartwell,3,2.50,1,3,2099,455995,5/28/2026,aAaPc000000TWRYKA4,Non Active Adult,46037,Fishers,Hamilton,18057,"Indianapolis-Carmel-Greenwood, IN",26900,IN,Hamilton Southeastern Schools,Hamilton Southeastern Jr High School; Southeastern Elementary School,9; 7,Hamilton Southeastern Jr High School,9,Hamilton Southeastern High School,10,,39.98846,-85.89194
aAf3x000001QeudCAC,Miles Farm/Tradition,D.R. Horton,"D.R. Horton, Inc.",Active,,,Elwood,3,2.50,1,2,1839,369900,5/19/2026,aAaPc000001K7kjKAC,Non Active Adult,46122,Danville,Hendricks,18063,"Indianapolis-Carmel-Greenwood, IN",26900,IN,Danville Community School Corp,Danville Middle School; South Elementary School,8; 7,Danville Middle School,8,Danville Community High School,8,,39.76422,-86.53935
aAfPc000001YyM9KAK,Towns at Chatham (The),Lennar,,Active,,,Talbott II,3,2.50,3,2,2240,542995,5/25/2026,aAaPc000000zdzvKAA,Non Active Adult,46074,Westfield,Hamilton,18057,"Indianapolis-Carmel-Greenwood, IN",26900,IN,Westfield-Washington Schools,Westfield Intermediate School; Monon Trail Elementary School,9; 6,Westfield Middle School,9,Westfield High School,10,,40.08069,-86.13496
aAf3x000001Qf83CAC,Hobbs Station,Taylor Morrison,,Active,,,Gallium,3,2.50,2,2,1880,362000,4/17/2026,aAaPc000000LDHSKA4,Non Active Adult,46168,Plainfield,Hendricks,18063,"Indianapolis-Carmel-Greenwood, IN",26900,IN,Avon Community School Corp,Cedar Elementary School; Avon Intermediate School West,7; 7,Avon Middle School South,10,Avon High School,10,,39.72184,-86.35653
aAfPc0000022u8DKAQ,Colonnade,Lennar,,Upcoming,,,Wentworth,6,3.50,2,3,3300,449995,5/29/2026,aAaPc000001K1CNKA0,Non Active Adult,46055,McCordsville,Hancock,18059,"Indianapolis-Carmel-Greenwood, IN",26900,IN,Mt Vernon Community Sch Corp,McCordsville Elementary School,6,Mt Vernon Middle School,6,Mt Vernon High School,8,,39.89078,-85.91059
aAf3x000001WdclCAC,Chatham Village/Cottage Collection,David Weekley Homes,,Active,,,Foundation,4,3.00,2,2,2973,699990,5/9/2026,aAa3x000000YR9sCAG,Non Active Adult,46074,Westfield,Hamilton,18057,"Indianapolis-Carmel-Greenwood, IN",26900,IN,Westfield-Washington Schools,Westfield Intermediate School; Monon Trail Elementary School,9; 6,Westfield Middle School,9,Westfield High School,10,,40.08103,-86.13605
aAfPc000000wYyzKAE,Hampton Walk/Paired,Fischer Homes,,Active,,,Meridian,2,3.00,3,2,2157,324990,4/29/2026,aAaPc000001CL89KAG,Non Active Adult,46055,McCordsville,Hancock,18059,"Indianapolis-Carmel-Greenwood, IN",26900,IN,Mt Vernon Community Sch Corp,McCordsville Elementary School,6,Mt Vernon Middle School,6,Mt Vernon High School,8,,39.88787,-85.91986
aAfPc000001ITarKAG,Lindley Ridge at Chatham Hills,Fischer Homes,,Active,,,Inglenook,4,4.00,2,3,4159,1194990,3/17/2026,aAaPc000000V3eLKAS,Non Active Adult,46074,Westfield,Hamilton,18057,"Indianapolis-Carmel-Greenwood, IN",26900,IN,Westfield-Washington Schools,Westfield Intermediate School; Monon Trail Elementary School,9; 6,Westfield Middle School,9,Westfield High School,10,,40.09149,-86.13268
aAfPc000001hdAPKAY,Magnolia Ridge/Designer,Pulte Homes,PulteGroup Inc.,Active,,,Prosperity,2,2.00,1,2,1646,396990,5/15/2026,aAaPc000000KqG4KAK,Non Active Adult,46062,Noblesville,Hamilton,18057,"Indianapolis-Carmel-Greenwood, IN",26900,IN,Noblesville Schools,Noble Crossing Elementary School,8,Noblesville West Middle School,9,Noblesville High School,10,,40.02936,-86.06009
aAfPc000001tIADKA2,Emerald Preserve,Fischer Homes,,Active,,,Yosemite,3,2.50,2,2,2258,352990,5/16/2026,aAaPc0000016SXQKA2,Non Active Adult,46239,Indianapolis,Marion,18097,"Indianapolis-Carmel-Greenwood, IN",26900,IN,Franklin Township Com Sch Corp,,,,,Franklin Central High School,9,,39.69260,-85.99509
aAf3x000001WmfoCAC,Belmont,M/I Homes,,Active,,,Spring Valley - C,3,4.50,2,2,2308,354990,5/22/2026,aAaPc000001KtUPKA0,Non Active Adult,46237,Indianapolis,Marion,18097,"Indianapolis-Carmel-Greenwood, IN",26900,IN,Franklin Township Com Sch Corp,,,,,Franklin Central High School,9,,39.69270,-86.06347
aAf3x000001WoRWCA0,Hickory Run,M/I Homes,,Active,,,Glendale,4,2.50,2,2,3152,419990,5/18/2026,aAaPc0000018rMrKAI,Non Active Adult,46239,Indianapolis,Marion,18097,"Indianapolis-Carmel-Greenwood, IN",26900,IN,Franklin Township Com Sch Corp,,,,,Franklin Central High School,9,,39.68048,-85.99215
aAf2T000001UM5RSAW,Bluffs at Youngs Creek,Arbor Homes,Clayton Properties Group,Active,,,Bradford,3,2.00,1,0,1613,276995,3/31/2026,aAa2T000000c7mcSAA,Non Active Adult,46131,Franklin,Johnson,18081,"Indianapolis-Carmel-Greenwood, IN",26900,IN,Franklin Community School Corp,Custer Baker Intermediate School; Creekside Elementary School,7; 6,Franklin Community Middle School,7,Franklin Community High School,6,,39.46475,-86.06519
aAf3x000000UKz9CAG,Crossroads at Southport,Beazer Homes,,Active,,,Washington,5,3.00,2,2,3170,399990,4/28/2026,aAa3x000000giibCAA,Non Active Adult,46259,Indianapolis,Marion,18097,"Indianapolis-Carmel-Greenwood, IN",26900,IN,Franklin Township Com Sch Corp,,,,,Franklin Central High School,9,,39.66658,-86.01158
aAf3x000001WTNDCA4,Silo Ridge/SF,M/I Homes,,Active,,,Berkeley Basement,4,2.50,2,2,3273,558990,5/13/2026,aAa3x000000ZlZGCA0,Non Active Adult,46060,Noblesville,Hamilton,18057,"Indianapolis-Carmel-Greenwood, IN",26900,IN,Hamilton Southeastern Schools,Fall Creek Intermediate School; Deer Creek Elementary,9; 7,Fall Creek Junior High,7,Hamilton Southeastern High School,10,,40.03510,-85.94254
aAf3x000001YhaeCAC,Atwater/Villas,Olthof Homes,,Active,,,Lakewood (SFH),3,2.00,1,3,2182,462200,5/23/2026,aAaPc000000C6ZVKA0,Non Active Adult,46069,Sheridan,Hamilton,18057,"Indianapolis-Carmel-Greenwood, IN",26900,IN,Westfield-Washington Schools,Westfield Intermediate School; Monon Trail Elementary School,9; 6,Westfield Middle School,9,Westfield High School,10,,40.06794,-86.18028
aAf3x000001WTYwCAO,Silo Ridge/TH,M/I Homes,,Active,,,T1928,3,2.50,2,2,1928,284990,5/13/2026,aAaPc0000013xe5KAA,Non Active Adult,46060,Noblesville,Hamilton,18057,"Indianapolis-Carmel-Greenwood, IN",26900,IN,Hamilton Southeastern Schools,Fall Creek Intermediate School; Deer Creek Elementary,9; 7,Fall Creek Junior High,7,Hamilton Southeastern High School,10,,40.03510,-85.94254
aAf3x000001QhjwCAC,Saddlebrook Farms North/Tradition,D.R. Horton,"D.R. Horton, Inc.",Active,,,Fairfax,4,3.00,1,3,1961,363900,5/29/2026,aAaPc000000a5JfKAI,Non Active Adult,46184,Whiteland,Johnson,18081,"Indianapolis-Carmel-Greenwood, IN",26900,IN,Clark-Pleasant Com School Corp,Whiteland Elementary School,8,Clark Pleasant Middle School,7,Whiteland Community High School,5,,39.55071,-86.07083
aAfPc000001QliiKAC,Magnolia Ridge/Cornerstone,Lennar,,Active,,,Rockwell,5,3.50,2,2,3500,532995,4/25/2026,aAaPc000000TWRPKA4,Non Active Adult,46062,Noblesville,Hamilton,18057,"Indianapolis-Carmel-Greenwood, IN",26900,IN,Noblesville Schools,Noble Crossing Elementary School,8,Noblesville West Middle School,9,Noblesville High School,10,,40.03641,-86.05722
aAf3x000001QbLDCA0,Lone Pine Farms/Tradition,D.R. Horton,"D.R. Horton, Inc.",Active,,,Muncie,3,2.00,1,2,1818,358900,5/14/2026,aAaPc0000019diFKAQ,Non Active Adult,46143,Greenwood,Johnson,18081,"Indianapolis-Carmel-Greenwood, IN",26900,IN,Center Grove Com Sch Corp,Maple Grove Elementary School,8,Center Grove Middle School Central,8,Center Grove High School,10,,39.56209,-86.14764
aAf3x000001WoRWCA0,Hickory Run,M/I Homes,,Active,,,Kentmore,3,2.50,2,2,2070,349990,5/18/2026,aAaPc0000018rMwKAI,Non Active Adult,46239,Indianapolis,Marion,18097,"Indianapolis-Carmel-Greenwood, IN",26900,IN,Franklin Township Com Sch Corp,,,,,Franklin Central High School,9,,39.68048,-85.99215
aAfPc00000163QrKAI,Oberlin/Simplicity,Taylor Morrison,,Active,,,Simplicity 2517,4,2.50,2,2,2517,365000,5/6/2026,aAaPc000000eX1FKAU,Non Active Adult,46113,Camby,Marion,18097,"Indianapolis-Carmel-Greenwood, IN",26900,IN,M S D Decatur Township,West Newton Elementary School,5,Decatur Middle School,3,Decatur Central High School,3,,39.65344,-86.31662
aAfPc000001EjxZKAS,White Oak Estates,Drees Homes,,Active,,,PARKETTE,3,3.00,1,3,2284,621900,5/20/2026,aAaPc000000WfcjKAC,Non Active Adult,46123,Avon,Hendricks,18063,"Indianapolis-Carmel-Greenwood, IN",26900,IN,Avon Community School Corp,Sycamore Elementary School; Avon Intermediate School East,8; 6,Avon Middle School North,10,Avon High School,10,,39.79188,-86.39403
aAf3x000001WgrLCAS,Northwood Haven,Arbor Homes,Clayton Properties Group,Active,,,Cooper,4,2.50,2,0,2813,348995,5/28/2026,aAa3x000000UQjzCAG,Non Active Adult,46122,Danville,Hendricks,18063,"Indianapolis-Carmel-Greenwood, IN",26900,IN,Danville Community School Corp,Danville Middle School; South Elementary School,8; 7,Danville Middle School,8,Danville Community High School,8,,39.77638,-86.49500
aAf3x000001WrRPCA0,Augusta Heights,Arbor Homes,Clayton Properties Group,Active,,,Ashton,3,2.00,1,2,1354,237995,5/14/2026,aAa3x000000YelXCAS,Non Active Adult,46268,Indianapolis,Marion,18097,"Indianapolis-Carmel-Greenwood, IN",26900,IN,M S D Pike Township,,,,,Pike High School,4,,39.89474,-86.21371
aAfPc00000163QrKAI,Oberlin/Simplicity,Taylor Morrison,,Active,,,Simplicity 2629,4,2.50,2,2,2629,373000,5/6/2026,aAaPc000000cKnrKAE,Non Active Adult,46113,Camby,Marion,18097,"Indianapolis-Carmel-Greenwood, IN",26900,IN,M S D Decatur Township,West Newton Elementary School,5,Decatur Middle School,3,Decatur Central High School,3,,39.65344,-86.31662
aAfPc000001gSKzKAM,Langdon Crossing,Arbor Homes,Clayton Properties Group,Active,,,Palmetto,4,2.50,2,2,2580,344995,3/12/2026,aAaPc0000015fDzKAI,Non Active Adult,46030,Arcadia,Hamilton,18057,"Indianapolis-Carmel-Greenwood, IN",26900,IN,Hamilton Heights School Corp,Hamilton Heights Middle School; Hamilton Heights Elementary School,8; 6,Hamilton Heights Middle School,8,Hamilton Heights High School,8,,40.16554,-86.02772
aAf3x000001WkacCAC,Trescott,Pulte Homes,PulteGroup Inc.,Active,,,Riverton,4,2.50,2,2,3126,410990,5/13/2026,aAa3x000000ZfqeCAC,Non Active Adult,46168,Plainfield,Hendricks,18063,"Indianapolis-Carmel-Greenwood, IN",26900,IN,Plainfield Community Sch Corp,Clarks Creek Elementary,5,Plainfield Com Middle School,8,Plainfield High School,9,,39.67374,-86.40810
aAfPc000001kVOPKA2,Mohawk Trails,Lennar,,Active,,,Kingston,5,3.00,2,3,2736,380995,5/6/2026,aAaPc00000103SGKAY,Non Active Adult,46140,Greenfield,Hancock,18059,"Indianapolis-Carmel-Greenwood, IN",26900,IN,Greenfield-Central Com Schools,Weston Elementary School; Greenfield Intermediate School,5; 5,Greenfield Central Junior High School,6,Greenfield-Central High School,7,,39.78647,-85.83935
aAfPc000001RqDOKA0,Rivendell,Pulte Homes,PulteGroup Inc.,Active,,,Westchester,4,2.50,2,2,3300,439990,5/16/2026,aAaPc0000010IENKA2,Non Active Adult,46123,Avon,Hendricks,18063,"Indianapolis-Carmel-Greenwood, IN",26900,IN,Avon Community School Corp,Hickory Elementary School; Avon Intermediate School West,7; 7,Avon Middle School South,10,Avon High School,10,,39.74774,-86.41395
aAfPc000001gSKzKAM,Langdon Crossing,Arbor Homes,Clayton Properties Group,Active,,,Juniper,3,2.50,2,2,1880,307995,3/12/2026,aAaPc0000015fDxKAI,Non Active Adult,46030,Arcadia,Hamilton,18057,"Indianapolis-Carmel-Greenwood, IN",26900,IN,Hamilton Heights School Corp,Hamilton Heights Middle School; Hamilton Heights Elementary School,8; 6,Hamilton Heights Middle School,8,Hamilton Heights High School,8,,40.16554,-86.02772
aAf3x000001WoRWCA0,Hickory Run,M/I Homes,,Active,,,Cheswicke II,3,2.00,1,2,2191,359990,5/18/2026,aAaPc0000018rMoKAI,Non Active Adult,46239,Indianapolis,Marion,18097,"Indianapolis-Carmel-Greenwood, IN",26900,IN,Franklin Township Com Sch Corp,,,,,Franklin Central High School,9,,39.68048,-85.99215
aAf2T000001ULX7SAO,Mt Vernon North,D.R. Horton,"D.R. Horton, Inc.",Active,,,Johnstown,5,3.50,2,3,3062,424900,4/25/2026,aAaPc000000omoJKAQ,Non Active Adult,46040,Fortville,Hancock,18059,"Indianapolis-Carmel-Greenwood, IN",26900,IN,Mt Vernon Community Sch Corp,Fortville Elementary School,7,Mt Vernon Middle School,6,Mt Vernon High School,8,,39.91192,-85.84315
aAf2T000001MbYBSA0,Waterfront of West Clay/Island,Shoopman Homes,,Active,,,Bluebird,5,5.50,2,3,3820,1086900,5/25/2026,aAa2T000000okiwSAA,Non Active Adult,46077,Zionsville,Hamilton,18057,"Indianapolis-Carmel-Greenwood, IN",26900,IN,Carmel Clay Schools,West Clay Elementary,9,Creekside Middle School,10,Carmel High School,10,,39.95694,-86.23909
aAfPc000001T95lKAC,Winterfield/Tradition,D.R. Horton,"D.R. Horton, Inc.",Active,,,Chatham,4,2.00,1,2,1771,324900,4/8/2026,aAaPc000000e21VKAQ,Non Active Adult,46131,Franklin,Johnson,18081,"Indianapolis-Carmel-Greenwood, IN",26900,IN,Franklin Community School Corp,Needham Elementary School; Custer Baker Intermediate School,7; 7,Franklin Community Middle School,7,Franklin Community High School,6,,39.51567,-86.03785
aAf3x000001WTNDCA4,Silo Ridge/SF,M/I Homes,,Active,,,Akerman II,4,2.50,2,2,2469,407990,5/13/2026,aAaPc000000IdmhKAC,Non Active Adult,46060,Noblesville,Hamilton,18057,"Indianapolis-Carmel-Greenwood, IN",26900,IN,Hamilton Southeastern Schools,Fall Creek Intermediate School; Deer Creek Elementary,9; 7,Fall Creek Junior High,7,Hamilton Southeastern High School,10,,40.03510,-85.94254
aAf3x000001Qf83CAC,Hobbs Station,Taylor Morrison,,Active,,,Titanium,3,2.50,2,2,2661,380500,4/17/2026,aAa3x000000ZxWvCAK,Non Active Adult,46168,Plainfield,Hendricks,18063,"Indianapolis-Carmel-Greenwood, IN",26900,IN,Avon Community School Corp,Cedar Elementary School; Avon Intermediate School West,7; 7,Avon Middle School South,10,Avon High School,10,,39.72184,-86.35653
aAfPc000001tIADKA2,Emerald Preserve,Fischer Homes,,Active,,,Charles,3,2.50,2,2,2457,432990,5/16/2026,aAaPc0000016SXYKA2,Non Active Adult,46239,Indianapolis,Marion,18097,"Indianapolis-Carmel-Greenwood, IN",26900,IN,Franklin Township Com Sch Corp,,,,,Franklin Central High School,9,,39.69260,-85.99509
aAfPc000001rtRSKAY,Cooks Corner,Arbor Homes,Clayton Properties Group,Upcoming,,,Bradford,3,2.00,1,0,1613,258995,4/27/2026,aAaPc000001HTShKAO,Non Active Adult,46140,Greenfield,Hancock,18059,"Indianapolis-Carmel-Greenwood, IN",26900,IN,Greenfield-Central Com Schools,Weston Elementary School; Greenfield Intermediate School,5; 5,Greenfield Central Junior High School,6,Greenfield-Central High School,7,,39.79849,-85.81656
aAf3x000001WYtoCAG,Midland,Estridge Homes,,Active,,,The Sterling,3,2.50,3,3,3067,764900,5/7/2026,aAaPc000001J4SLKA0,Non Active Adult,46074,Westfield,Hamilton,18057,"Indianapolis-Carmel-Greenwood, IN",26900,IN,Westfield-Washington Schools,Westfield Intermediate School; Maple Glen Elementary,9; 8,Westfield Middle School,9,Westfield High School,10,,40.03976,-86.18435
aAfPc0000021mxVKAQ,Marilyn Woods/Signature Collection,David Weekley Homes,,Active,,,The Woodson,4,3.50,2,3,2972,576990,5/29/2026,aAaPc000001LHgPKAW,Non Active Adult,46060,Noblesville,Hamilton,18057,"Indianapolis-Carmel-Greenwood, IN",26900,IN,Hamilton Southeastern Schools,Harrison Parkway Elementary School; Sand Creek Intermediate School,8; 7,Fishers Junior High School,7,Fishers High School,10,,39.99443,-85.95267
aAfPc000001lV4gKAE,Aspen Trace,Pulte Homes,PulteGroup Inc.,Active,,,Westchester,4,2.50,2,2,3300,441990,5/14/2026,aAaPc000001AHpCKAW,Non Active Adult,46123,Avon,Hendricks,18063,"Indianapolis-Carmel-Greenwood, IN",26900,IN,Avon Community School Corp,Sycamore Elementary School; Avon Intermediate School East,8; 6,Avon Middle School North,10,Avon High School,10,,39.78194,-86.38136
aAf3x000001QYqPCAW,Auburn Ridge,M/I Homes,,Active,,,Berkeley Basement,4,2.50,2,2,3273,565990,5/8/2026,aAaPc000000Egb6KAC,Non Active Adult,46112,Brownsburg,Hendricks,18063,"Indianapolis-Carmel-Greenwood, IN",26900,IN,Brownsburg Community Sch Corp,White Lick Elementary School,8,Brownsburg West Middle School,8,Brownsburg High School,10,,39.83231,-86.42558
aAf3x000001QhjwCAC,Saddlebrook Farms North/Tradition,D.R. Horton,"D.R. Horton, Inc.",Active,,,Chatham,4,2.00,1,2,1771,323900,5/29/2026,aAaPc0000003FQjKAM,Non Active Adult,46184,Whiteland,Johnson,18081,"Indianapolis-Carmel-Greenwood, IN",26900,IN,Clark-Pleasant Com School Corp,Whiteland Elementary School,8,Clark Pleasant Middle School,7,Whiteland Community High School,5,,39.55071,-86.07083
aAfPc0000018qnFKAQ,Parkrose/SF,Fischer Homes,,Active,,,Greenbriar,3,2.00,2,2,1983,300990,4/6/2026,aAaPc000000VScjKAG,Non Active Adult,46140,Greenfield,Hancock,18059,"Indianapolis-Carmel-Greenwood, IN",26900,IN,Greenfield-Central Com Schools,Weston Elementary School; Greenfield Intermediate School,5; 5,Greenfield Central Junior High School,6,Greenfield-Central High School,7,,39.77213,-85.78301
aAfPc000001dVUrKAM,Helm's Mill,M/I Homes,,Active,,,Fairbanks,4,2.50,2,2,2957,412990,5/26/2026,aAaPc000000vqQtKAI,Non Active Adult,46055,McCordsville,Hancock,18059,"Indianapolis-Carmel-Greenwood, IN",26900,IN,Mt Vernon Community Sch Corp,McCordsville Elementary School,6,Mt Vernon Middle School,6,Mt Vernon High School,8,,39.92796,-85.88460
aAfPc000000SpUDKA0,Pebble Brook Crossing,Drees Homes,,Active,,,SHELBURN,3,2.50,1,2,2310,514200,5/20/2026,aAaPc000000CHl6KAG,Non Active Adult,46062,Noblesville,Hamilton,18057,"Indianapolis-Carmel-Greenwood, IN",26900,IN,Noblesville Schools,Hazel Dell Elementary School,7,Noblesville West Middle School,9,Noblesville High School,10,,40.06461,-86.08762
aAfPc000000reB8KAI,Abbott Commons/Venture,Lennar,,Active,,,Valencia,5,3.50,2,2,3079,456995,5/29/2026,aAaPc000000TWRTKA4,Non Active Adult,46037,Fishers,Hamilton,18057,"Indianapolis-Carmel-Greenwood, IN",26900,IN,Hamilton Southeastern Schools,Hamilton Southeastern Jr High School; Southeastern Elementary School,9; 7,Hamilton Southeastern Jr High School,9,Hamilton Southeastern High School,10,,39.98846,-85.89194
aAfPc000001lV4gKAE,Aspen Trace,Pulte Homes,PulteGroup Inc.,Active,,,Wall Street,4,2.50,2,2,2451,389990,5/14/2026,aAaPc0000017VBNKA2,Non Active Adult,46123,Avon,Hendricks,18063,"Indianapolis-Carmel-Greenwood, IN",26900,IN,Avon Community School Corp,Sycamore Elementary School; Avon Intermediate School East,8; 6,Avon Middle School North,10,Avon High School,10,,39.78194,-86.38136
aAf3x000001QbsiCAC,Colonnade/Cornerstone Series,Taylor Morrison,,Active,,,Tribeca,3,2.50,2,2,1896,366000,5/23/2026,aAa3x000000ZoSZCA0,Non Active Adult,46055,McCordsville,Hancock,18059,"Indianapolis-Carmel-Greenwood, IN",26900,IN,Mt Vernon Community Sch Corp,McCordsville Elementary School,6,Mt Vernon Middle School,6,Mt Vernon High School,8,,39.89076,-85.91252
aAfPc000000AgnZKAS,Parks at Decatur Estates,D.R. Horton,"D.R. Horton, Inc.",Active,,,Lyndhurst,4,2.50,2,2,2904,408900,5/7/2026,aAaPc000001CX65KAG,Non Active Adult,46113,Camby,Marion,18097,"Indianapolis-Carmel-Greenwood, IN",26900,IN,M S D Decatur Township,West Newton Elementary School,5,Decatur Middle School,3,Decatur Central High School,3,,39.63346,-86.29415
aAfPc000001htLdKAI,Sagebriar/Designer,Del Webb,PulteGroup Inc.,Active,,,Palmary,2,2.00,1,2,1892,395990,5/19/2026,aAaPc000000VSknKAG,Active Adult,46143,Greenwood,Johnson,18081,"Indianapolis-Carmel-Greenwood, IN",26900,IN,Clark-Pleasant Com School Corp,Clark Elementary School,6,Clark Pleasant Middle School,7,Whiteland Community High School,5,,39.62684,-86.04309
aAfPc000001dpN3KAI,Nickel Row,Onyx+East,,Active,,,Capstone,2,2.50,4,2,2225,599900,5/25/2026,aAaPc0000016wK5KAI,Non Active Adult,46038,Fischers,Hamilton,18057,"Indianapolis-Carmel-Greenwood, IN",26900,IN,Hamilton Southeastern Schools,Riverside Intermediate School; Fishers Elementary School,10; 8,Riverside Jr High,8,Fishers High School,10,,39.95304,-86.02074
aAf3x000001QeudCAC,Miles Farm/Tradition,D.R. Horton,"D.R. Horton, Inc.",Active,,,Harmony,3,2.00,1,2,1503,299900,5/19/2026,aAaPc000000EZdpKAG,Non Active Adult,46122,Danville,Hendricks,18063,"Indianapolis-Carmel-Greenwood, IN",26900,IN,Danville Community School Corp,Danville Middle School; South Elementary School,8; 7,Danville Middle School,8,Danville Community High School,8,,39.76422,-86.53935
aAf3x000001WdgGCAS,Fairview West,Olthof Homes,,Active,,,Aspen,4,2.50,2,2,2353,410400,4/6/2026,aAaPc000000qCkkKAE,Non Active Adult,46112,Brownsburg,Hendricks,18063,"Indianapolis-Carmel-Greenwood, IN",26900,IN,Brownsburg Community Sch Corp,Delaware Trail Elementary School,9,Brownsburg East Middle School,9,Brownsburg High School,10,,39.86584,-86.42391
aAf3x000001QeGfCAK,Berry Chase,M/I Homes,,Active,,,Glendale Basement,4,2.50,2,2,3152,538490,5/25/2026,aAaPc000000P11tKAC,Non Active Adult,46143,Greenwood,Johnson,18081,"Indianapolis-Carmel-Greenwood, IN",26900,IN,Center Grove Com Sch Corp,Sugar Grove Elementary School,6,Center Grove Middle School North,8,Center Grove High School,10,,39.60149,-86.17949
aAfPc000001kX6rKAE,Centennial of Brownsburg/TH,Davis Homes,,Upcoming,,,Stonecrest,2,2.00,1,2,1718,386990,5/1/2026,aAaPc000001Ifk5KAC,Non Active Adult,46112,Brownsburg,Hendricks,18063,"Indianapolis-Carmel-Greenwood, IN",26900,IN,Brownsburg Community Sch Corp,White Lick Elementary School,8,Brownsburg West Middle School,8,Brownsburg High School,10,,39.80269,-86.36523
aAfPc000001L7hZKAS,Easton/Northern,Lennar,,Active,,,Atwood,2,2.00,1,2,1270,289995,5/7/2026,aAaPc000000elIKKAY,Active Adult,46123,Avon,Hendricks,18063,"Indianapolis-Carmel-Greenwood, IN",26900,IN,Avon Community School Corp,River Birch Elementary; Avon Intermediate School East,8; 6,Avon Middle School North,10,Avon High School,10,,39.76793,-86.43780
aAfPc000001F5I9KAK,Parkview Village,D.R. Horton,"D.R. Horton, Inc.",Active,,,Stamford,4,2.50,2,2,2346,344900,5/25/2026,aAaPc000000oiqwKAA,Non Active Adult,46140,Cumberland,Hancock,18059,"Indianapolis-Carmel-Greenwood, IN",26900,IN,New Palestine Community Schools,Sugar Creek Elementary School,6,New Palestine Jr High School,8,New Palestine High School,10,,39.77823,-85.93275
aAfPc000001sStEKAU,Wild Air Trails,David Weekley Homes,,Upcoming,,,The Allegient,2,2.50,2,2,2138,,4/12/2026,aAaPc000001GAXVKA4,Non Active Adult,46077,Zionsville,Boone,18011,"Indianapolis-Carmel-Greenwood, IN",26900,IN,Zionsville Community Schools,Stonegate Elementary; Zionsville West Middle School,8; 8,Zionsville West Middle School,8,Zionsville Community High School,10,,39.95740,-86.30281
aAfPc0000016CXNKA2,Harvest Trail of Westfield/Courtyard Collection,David Weekley Homes,,Active,,,Hamlett,3,2.50,2,2,2410,391990,4/11/2026,aAaPc000000RtObKAK,Non Active Adult,46074,Westfield,Hamilton,18057,"Indianapolis-Carmel-Greenwood, IN",26900,IN,Westfield-Washington Schools,Westfield Intermediate School; Monon Trail Elementary School,9; 6,Westfield Middle School,9,Westfield High School,10,,40.06467,-86.14415
aAf2T000001MbYBSA0,Waterfront of West Clay/Island,Shoopman Homes,,Active,,,Hawk,3,2.50,1,2,2700,969900,5/25/2026,aAa2T000000okimSAA,Non Active Adult,46077,Zionsville,Hamilton,18057,"Indianapolis-Carmel-Greenwood, IN",26900,IN,Carmel Clay Schools,West Clay Elementary,9,Creekside Middle School,10,Carmel High School,10,,39.95694,-86.23909
aAfPc000001hdC1KAI,Magnolia Ridge/Landings,Pulte Homes,PulteGroup Inc.,Active,,,Wall Street,4,2.50,2,2,2451,399990,5/19/2026,aAaPc000000rIEvKAM,Non Active Adult,46062,Noblesville,Hamilton,18057,"Indianapolis-Carmel-Greenwood, IN",26900,IN,Noblesville Schools,Noble Crossing Elementary School,8,Noblesville West Middle School,9,Noblesville High School,10,,40.02936,-86.06009
aAf3x000001QNelCAG,Hampton Walk/ Maple and Designer,Fischer Homes,,Active,,,Fairfax,4,2.50,2,2,2330,398990,4/29/2026,aAa3x000000a4XICAY,Non Active Adult,46055,McCordsville,Hancock,18059,"Indianapolis-Carmel-Greenwood, IN",26900,IN,Mt Vernon Community Sch Corp,McCordsville Elementary School,6,Mt Vernon Middle School,6,Mt Vernon High School,8,,39.88787,-85.91986
aAf3x000001WTU0CAO,Sawyer Walk,M/I Homes,,Active,,,Kensington Basement,4,2.50,2,3,3382,553490,5/29/2026,aAaPc000000U1JmKAK,Non Active Adult,46106,Bargersville,Johnson,18081,"Indianapolis-Carmel-Greenwood, IN",26900,IN,Center Grove Com Sch Corp,Maple Grove Elementary School,8,Center Grove Middle School Central,8,Center Grove High School,10,,39.52297,-86.17236
aAfPc000001RqDMKA0,Rockport,M/I Homes,,Active,,,Glendale,4,2.50,2,2,3152,491990,5/22/2026,aAaPc000000hE3HKAU,Non Active Adult,46055,Vernon,Hancock,18059,"Indianapolis-Carmel-Greenwood, IN",26900,IN,Mt Vernon Community Sch Corp,McCordsville Elementary School,6,Mt Vernon Middle School,6,Mt Vernon High School,8,,39.91552,-85.92644
aAfPc000001gqrQKAQ,Westfall Place,Arbor Homes,Clayton Properties Group,Active,,,Ironwood,3,2.50,2,2,1963,282995,5/16/2026,aAaPc000000wGXzKAM,Non Active Adult,46071,Thorntown,Boone,18011,"Indianapolis-Carmel-Greenwood, IN",26900,IN,Western Boone County Com Sch District,,,Western Boone Jr-Sr High School,6,Western Boone Jr-Sr High School,6,,40.12700,-86.62602
aAf2T000001UM5RSAW,Bluffs at Youngs Creek,Arbor Homes,Clayton Properties Group,Active,,,Juniper,3,2.50,2,2,1760,281995,3/31/2026,aAa3x000000Yi6aCAC,Non Active Adult,46131,Franklin,Johnson,18081,"Indianapolis-Carmel-Greenwood, IN",26900,IN,Franklin Community School Corp,Custer Baker Intermediate School; Creekside Elementary School,7; 6,Franklin Community Middle School,7,Franklin Community High School,6,,39.46475,-86.06519
aAf3x000001WTNDCA4,Silo Ridge/SF,M/I Homes,,Active,,,Mackey II,2,2.00,1,2,1603,374990,5/13/2026,aAa3x000000ZlZXCA0,Non Active Adult,46060,Noblesville,Hamilton,18057,"Indianapolis-Carmel-Greenwood, IN",26900,IN,Hamilton Southeastern Schools,Fall Creek Intermediate School; Deer Creek Elementary,9; 7,Fall Creek Junior High,7,Hamilton Southeastern High School,10,,40.03510,-85.94254
aAfPc000001r4ZhKAI,East Street Towns,Lennar,,Active,,,Lockerbie V,3,2.50,3,2,1710,353995,5/12/2026,aAaPc000000zdzfKAA,Non Active Adult,46074,Westfield,Hamilton,18057,"Indianapolis-Carmel-Greenwood, IN",26900,IN,Westfield-Washington Schools,Westfield Intermediate School; Monon Trail Elementary School,9; 6,Westfield Middle School,9,Westfield High School,10,,40.05821,-86.12448
aAf3x000001QhjwCAC,Saddlebrook Farms North/Tradition,D.R. Horton,"D.R. Horton, Inc.",Active,,,Lyndhurst,4,2.50,2,2,2904,378900,5/29/2026,aAaPc0000019diKKAQ,Non Active Adult,46184,Whiteland,Johnson,18081,"Indianapolis-Carmel-Greenwood, IN",26900,IN,Clark-Pleasant Com School Corp,Whiteland Elementary School,8,Clark Pleasant Middle School,7,Whiteland Community High School,5,,39.55071,-86.07083
aAfPc000001lg85KAA,Saratoga Village/Rearload,Lennar,,Active,,,Madison,3,2.50,3,2,2073,299140,4/23/2026,aAaPc000000zdzlKAA,Non Active Adult,46168,Plainfield,Hendricks,18063,"Indianapolis-Carmel-Greenwood, IN",26900,IN,Plainfield Community Sch Corp,Central Elementary School,9,Plainfield Com Middle School,8,Plainfield High School,9,,39.70128,-86.42016
aAf2T000001MbYESA0,Waterfront of West Clay/Penninsula,Shoopman Homes,,Active,,,Falcon,4,2.50,1,3,3600,1093900,5/25/2026,aAa2T000000okhtSAA,Non Active Adult,46077,Zionsville,Hamilton,18057,"Indianapolis-Carmel-Greenwood, IN",26900,IN,Carmel Clay Schools,West Clay Elementary,9,Creekside Middle School,10,Carmel High School,10,,39.95694,-86.23909
aAf3x000001WlvOCAS,Promenade,Pulte Homes,PulteGroup Inc.,Active,,,Hilltop,4,2.50,2,2,2899,415990,5/16/2026,aAa3x000000ZdIcCAK,Non Active Adult,46112,Brownsburg,Hendricks,18063,"Indianapolis-Carmel-Greenwood, IN",26900,IN,Brownsburg Community Sch Corp,Delaware Trail Elementary School,9,Brownsburg East Middle School,9,Brownsburg High School,10,,39.81374,-86.37300
aAf3x000001WoRWCA0,Hickory Run,M/I Homes,,Active,,,Kensington,4,2.50,2,3,3382,432990,5/18/2026,aAaPc0000018rMvKAI,Non Active Adult,46239,Indianapolis,Marion,18097,"Indianapolis-Carmel-Greenwood, IN",26900,IN,Franklin Township Com Sch Corp,,,,,Franklin Central High School,9,,39.68048,-85.99215
aAf3x000001QL0CCAW,Courtyards of Fishers,EPCON Communities,,Active,,,Palazzo,2,2.00,1,2,1588,439900,5/14/2026,aAaPc000000MwISKA0,Non Active Adult,46040,Fishers,Hamilton,18057,"Indianapolis-Carmel-Greenwood, IN",26900,IN,Hamilton Southeastern Schools,Hamilton Southeastern Jr High School; Southeastern Elementary School,9; 7,Hamilton Southeastern Jr High School,9,Hamilton Southeastern High School,10,,39.95638,-85.87368
aAfPc000001F5I9KAK,Parkview Village,D.R. Horton,"D.R. Horton, Inc.",Active,,,Johnstown,5,3.50,2,3,3062,420900,4/23/2026,aAaPc000000oiqsKAA,Non Active Adult,46140,Cumberland,Hancock,18059,"Indianapolis-Carmel-Greenwood, IN",26900,IN,New Palestine Community Schools,Sugar Creek Elementary School,6,New Palestine Jr High School,8,New Palestine High School,10,,39.77823,-85.93275
aAf3x000001QfKWCA0,Colonnade Estates,Beazer Homes,,Active,,,Washington,5,3.00,2,2,3169,494990,5/4/2026,aAa3x000000ZxvCCAS,Non Active Adult,46055,McCordsville,Hancock,18059,"Indianapolis-Carmel-Greenwood, IN",26900,IN,Mt Vernon Community Sch Corp,McCordsville Elementary School,6,Mt Vernon Middle School,6,Mt Vernon High School,8,,39.88600,-85.90997
aAfPc000001kX6rKAE,Centennial of Brownsburg/TH,Davis Homes,,Upcoming,,,Palazzo,2,2.00,1,2,1520,439990,5/1/2026,aAaPc000001IfVZKA0,Non Active Adult,46112,Brownsburg,Hendricks,18063,"Indianapolis-Carmel-Greenwood, IN",26900,IN,Brownsburg Community Sch Corp,White Lick Elementary School,8,Brownsburg West Middle School,8,Brownsburg High School,10,,39.80269,-86.36523
aAfPc0000019ebxKAA,Noble Heights Venture,Lennar,,Active,,,Victoria,4,2.50,1,2,2169,326995,4/29/2026,aAaPc000001ISgPKAW,Non Active Adult,46221,Indianapolis,Marion,18097,"Indianapolis-Carmel-Greenwood, IN",26900,IN,M S D Decatur Township,West Newton Elementary School,5,Decatur Middle School,3,Decatur Central High School,3,,39.65265,-86.31888
aAf3x000001QbLDCA0,Lone Pine Farms/Tradition,D.R. Horton,"D.R. Horton, Inc.",Active,,,Bellamy,4,2.50,2,2,2053,360900,5/14/2026,aAaPc00000065Z6KAI,Non Active Adult,46143,Greenwood,Johnson,18081,"Indianapolis-Carmel-Greenwood, IN",26900,IN,Center Grove Com Sch Corp,Maple Grove Elementary School,8,Center Grove Middle School Central,8,Center Grove High School,10,,39.56209,-86.14764
aAf3x000001QKUpCAO,Vintners Park Estates,Drees Homes,,Active,,,PARKETTE,3,3.00,1,3,2284,634900,5/19/2026,aAaPc000000UytUKAS,Non Active Adult,46055,McCordsville,Hancock,18059,"Indianapolis-Carmel-Greenwood, IN",26900,IN,Mt Vernon Community Sch Corp,McCordsville Elementary School,6,Mt Vernon Middle School,6,Mt Vernon High School,8,,39.91338,-85.92927
aAfPc000001tIADKA2,Emerald Preserve,Fischer Homes,,Active,,,Calvin,3,2.00,1,2,2069,400990,5/16/2026,aAaPc0000016SXXKA2,Non Active Adult,46239,Indianapolis,Marion,18097,"Indianapolis-Carmel-Greenwood, IN",26900,IN,Franklin Township Com Sch Corp,,,,,Franklin Central High School,9,,39.69260,-85.99509
aAfPc000001NUuTKAW,Finch Creek by Del Webb/Distinctive,Del Webb,PulteGroup Inc.,Active,,,Stardom,2,2.50,1,3,2213,495990,5/28/2026,aAaPc000000ZMqTKAW,Active Adult,46060,Noblesville,Hamilton,18057,"Indianapolis-Carmel-Greenwood, IN",26900,IN,Hamilton Southeastern Schools,Hamilton Southeastern Jr High School; Deer Creek Elementary,9; 7,Hamilton Southeastern Jr High School,9,Hamilton Southeastern High School,10,,40.01651,-85.92586
aAfPc000001EjxZKAS,White Oak Estates,Drees Homes,,Active,,,BUCHANAN,4,2.50,2,2,2732,618900,5/20/2026,aAaPc000000WffxKAC,Non Active Adult,46123,Avon,Hendricks,18063,"Indianapolis-Carmel-Greenwood, IN",26900,IN,Avon Community School Corp,Sycamore Elementary School; Avon Intermediate School East,8; 6,Avon Middle School North,10,Avon High School,10,,39.79188,-86.39403
aAfPc000001vB08KAE,Canterwood,Pulte Homes,PulteGroup Inc.,Upcoming,,,Waverly,4,2.50,2,2,3290,,5/19/2026,aAaPc000001GtUbKAK,Non Active Adult,46037,Fishers,Hamilton,18057,"Indianapolis-Carmel-Greenwood, IN",26900,IN,Hamilton Southeastern Schools,Riverside Intermediate School; Lantern Road Elementary School,10; 9,Riverside Jr High,8,Hamilton Southeastern High School,10,,39.94805,-85.99447
aAfPc000001lV4gKAE,Aspen Trace,Pulte Homes,PulteGroup Inc.,Active,,,Dakota,4,2.50,2,2,2644,399990,5/14/2026,aAaPc0000017V1iKAE,Non Active Adult,46123,Avon,Hendricks,18063,"Indianapolis-Carmel-Greenwood, IN",26900,IN,Avon Community School Corp,Sycamore Elementary School; Avon Intermediate School East,8; 6,Avon Middle School North,10,Avon High School,10,,39.78194,-86.38136
aAfPc000001dVUrKAM,Helm's Mill,M/I Homes,,Active,,,Findlay,3,2.50,2,2,2315,379990,5/26/2026,aAaPc000000vqQsKAI,Non Active Adult,46055,McCordsville,Hancock,18059,"Indianapolis-Carmel-Greenwood, IN",26900,IN,Mt Vernon Community Sch Corp,McCordsville Elementary School,6,Mt Vernon Middle School,6,Mt Vernon High School,8,,39.92796,-85.88460
aAf3x000001WYtoCAG,Midland,Estridge Homes,,Active,,,The Bates,3,3.00,1,2,2491,939900,5/7/2026,aAaPc000000WdwZKAS,Non Active Adult,46074,Westfield,Hamilton,18057,"Indianapolis-Carmel-Greenwood, IN",26900,IN,Westfield-Washington Schools,Westfield Intermediate School; Maple Glen Elementary,9; 8,Westfield Middle School,9,Westfield High School,10,,40.03976,-86.18435
aAf3x000001Qf83CAC,Hobbs Station,Taylor Morrison,,Active,,,Palladium,3,2.50,2,2,2202,363000,4/17/2026,aAa3x000000ZxWtCAK,Non Active Adult,46168,Plainfield,Hendricks,18063,"Indianapolis-Carmel-Greenwood, IN",26900,IN,Avon Community School Corp,Cedar Elementary School; Avon Intermediate School West,7; 7,Avon Middle School South,10,Avon High School,10,,39.72184,-86.35653
aAfPc000000zi49KAA,Flora/TH,Onyx+East,,Active,,,Capstone Rooftop,2,2.50,3,2,2248,540000,5/13/2026,aAaPc000000MCXBKA4,Non Active Adult,46290,Carmel,Hamilton,18057,"Indianapolis-Carmel-Greenwood, IN",26900,IN,Carmel Clay Schools,Towne Meadow Elementary School,9,Creekside Middle School,10,Carmel High School,10,,39.93223,-86.16525
aAf3x000001QYqPCAW,Auburn Ridge,M/I Homes,,Active,,,Andes II,3,2.00,2,2,1855,383990,1/13/2026,aAaPc000000Mq2UKAS,Non Active Adult,46112,Brownsburg,Hendricks,18063,"Indianapolis-Carmel-Greenwood, IN",26900,IN,Brownsburg Community Sch Corp,White Lick Elementary School,8,Brownsburg West Middle School,8,Brownsburg High School,10,,39.83231,-86.42558
aAf3x000001QisLCAS,Jackson Run,Ryan Homes,NVR Inc.,Active,,,Grand Cayman,3,2.00,1,2,1533,299990,5/8/2026,aAaPc000001AUp3KAG,Non Active Adult,46075,Whitestown,Boone,18011,"Indianapolis-Carmel-Greenwood, IN",26900,IN,Lebanon Community School Corp,Perry Worth Elementary School,6,Lebanon Middle School,5,Lebanon Senior High School,9,,40.01014,-86.33408
aAfPc000000wZdJKAU,Talon Woods/TH,Olthof Homes,,Active,,,Piper,2,1.50,2,2,1356,306063,5/21/2026,aAaPc000000qP3LKAU,Non Active Adult,46112,Brownsburg,Hendricks,18063,"Indianapolis-Carmel-Greenwood, IN",26900,IN,Brownsburg Community Sch Corp,,,Brownsburg East Middle School,9,Brownsburg High School,10,,39.81958,-86.37191
aAfPc000001kVOPKA2,Mohawk Trails,Lennar,,Active,,,Valencia,5,3.50,2,3,3054,400995,5/6/2026,aAaPc00000103SIKAY,Non Active Adult,46140,Greenfield,Hancock,18059,"Indianapolis-Carmel-Greenwood, IN",26900,IN,Greenfield-Central Com Schools,Weston Elementary School; Greenfield Intermediate School,5; 5,Greenfield Central Junior High School,6,Greenfield-Central High School,7,,39.78647,-85.83935
aAf3x000001WmIKCA0,Towns at Fort Harrison,Davis Homes,,Active,,,Eisenhower,3,2.50,3,2,2218,385000,5/16/2026,aAa3x000000ZyN9CAK,Non Active Adult,46216,Indianapolis,Marion,18097,"Indianapolis-Carmel-Greenwood, IN",26900,IN,M S D Lawrence Township,Crestview Elementary School,5,Belzer Middle School,3,Lawrence Central High School,3,,39.85896,-86.00948
aAf3x000001Qh4yCAC,Scottsdale Estates,Arbor Homes,Clayton Properties Group,Active,,,Palmetto,4,2.50,2,2,2580,351995,5/21/2026,aAaPc00000087XaKAI,Non Active Adult,46143,Greenwood,Johnson,18081,"Indianapolis-Carmel-Greenwood, IN",26900,IN,Clark-Pleasant Com School Corp,Pleasant Crossing Elementary,7,Clark Pleasant Middle School,7,Whiteland Community High School,5,,39.55660,-86.14305
aAfPc000000U2BDKA0,Finch Creek by Del Webb/Designer,Del Webb,PulteGroup Inc.,Active,,,Prosperity,2,2.00,1,2,1646,410990,5/19/2026,aAaPc000000bOFRKA2,Active Adult,46060,Noblesville,Hamilton,18057,"Indianapolis-Carmel-Greenwood, IN",26900,IN,Hamilton Southeastern Schools,Hamilton Southeastern Jr High School; Deer Creek Elementary,9; 7,Hamilton Southeastern Jr High School,9,Hamilton Southeastern High School,10,,40.01651,-85.92586
aAfPc000001gqrQKAQ,Westfall Place,Arbor Homes,Clayton Properties Group,Active,,,Aspen II,4,2.50,2,2,2176,293995,5/16/2026,aAaPc000000wGXpKAM,Non Active Adult,46071,Thorntown,Boone,18011,"Indianapolis-Carmel-Greenwood, IN",26900,IN,Western Boone County Com Sch District,,,Western Boone Jr-Sr High School,6,Western Boone Jr-Sr High School,6,,40.12700,-86.62602
aAfPc000001yvnlKAA,Wood Wind Landing,Fischer Homes,,Active,,,Margot,4,2.50,2,0,3155,794990,5/19/2026,aAaPc000001FiGzKAK,Non Active Adult,46074,Westfield,Hamilton,18057,"Indianapolis-Carmel-Greenwood, IN",26900,IN,Westfield-Washington Schools,Westfield Intermediate School; Shamrock Springs Elementary School,9; 8,Westfield Middle School,9,Westfield High School,10,,40.02774,-86.19140
aAfPc000000SpUDKA0,Pebble Brook Crossing,Drees Homes,,Active,,,HORIZON,5,2.50,2,2,3334,570900,5/20/2026,aAaPc000000XmEdKAK,Non Active Adult,46062,Noblesville,Hamilton,18057,"Indianapolis-Carmel-Greenwood, IN",26900,IN,Noblesville Schools,Hazel Dell Elementary School,7,Noblesville West Middle School,9,Noblesville High School,10,,40.06461,-86.08762
aAfPc000000iAOtKAM,Gatherings® at Aurora,Beazer Homes,,Active,,,Windsor,2,2.50,1,3,2484,479990,5/5/2026,aAaPc000000YHcjKAG,Active Adult,46055,McCordsville,Hancock,18059,"Indianapolis-Carmel-Greenwood, IN",26900,IN,Mt Vernon Community Sch Corp,McCordsville Elementary School,6,Mt Vernon Middle School,6,Mt Vernon High School,8,,39.88275,-85.90553
aAf3x000001WjZmCAK,Monon Corner/Arbor,Arbor Homes,Clayton Properties Group,Active,,,The Norway,5,2.50,2,2,2961,418995,5/10/2026,aAa3x000000UWSVCA4,Non Active Adult,46074,Westfield,Hamilton,18057,"Indianapolis-Carmel-Greenwood, IN",26900,IN,Westfield-Washington Schools,Westfield Intermediate School; Monon Trail Elementary School,9; 6,Westfield Middle School,9,Westfield High School,10,,40.08126,-86.16478
aAf3x000001QKUpCAO,Vintners Park Estates,Drees Homes,,Active,,,BUCHANAN,4,2.50,2,3,2718,654900,5/19/2026,aAa3x000000YeINCA0,Non Active Adult,46055,McCordsville,Hancock,18059,"Indianapolis-Carmel-Greenwood, IN",26900,IN,Mt Vernon Community Sch Corp,McCordsville Elementary School,6,Mt Vernon Middle School,6,Mt Vernon High School,8,,39.91338,-85.92927
aAfPc000000WBoLKAW,Sagebriar/Discovery,Del Webb,PulteGroup Inc.,Active,,,Meadow,3,2.00,1,2,1599,344990,5/19/2026,aAaPc000000VSpdKAG,Active Adult,46143,Greenwood,Johnson,18081,"Indianapolis-Carmel-Greenwood, IN",26900,IN,Clark-Pleasant Com School Corp,Clark Elementary School,6,Clark Pleasant Middle School,7,Whiteland Community High School,5,,39.62684,-86.04309
aAfPc000000EW9hKAG,Manors at Avon/Designer,Fischer Homes,,Active,,,Avery,4,2.00,2,2,2535,528990,5/25/2026,aAaPc000000NOw5KAG,Non Active Adult,46123,Avon,Hendricks,18063,"Indianapolis-Carmel-Greenwood, IN",26900,IN,Avon Community School Corp,River Birch Elementary; Avon Intermediate School East,8; 6,Avon Middle School North,10,Avon High School,10,,39.78371,-86.40136
aAfPc000001qNZiKAM,Darlington Villas/Arrival,Arbor Homes,Clayton Properties Group,Upcoming,,,Gladstone,3,2.50,3,2,2186,,1/20/2026,aAaPc00000119K1KAI,Non Active Adult,46147,Jamestown,Boone,18011,"Indianapolis-Carmel-Greenwood, IN",26900,IN,Western Boone County Com Sch District,,,Western Boone Jr-Sr High School,6,Western Boone Jr-Sr High School,6,,39.93163,-86.62914
aAf3x000001YhaeCAC,Atwater/Villas,Olthof Homes,,Active,,,Harmony (SF Villas),2,2.00,1,2,1767,363200,5/23/2026,aAa3x000000gsLuCAI,Non Active Adult,46069,Sheridan,Hamilton,18057,"Indianapolis-Carmel-Greenwood, IN",26900,IN,Westfield-Washington Schools,Westfield Intermediate School; Monon Trail Elementary School,9; 6,Westfield Middle School,9,Westfield High School,10,,40.06794,-86.18028
aAfPc000001QlihKAC,Magnolia Ridge/Venture,Lennar,,Active,,,Paddington,5,3.50,2,3,3020,461995,5/7/2026,aAaPc000000TWRMKA4,Non Active Adult,46062,Noblesville,Hamilton,18057,"Indianapolis-Carmel-Greenwood, IN",26900,IN,Noblesville Schools,Noble Crossing Elementary School,8,Noblesville West Middle School,9,Noblesville High School,10,,40.03641,-86.05722
aAf3x000001Qf83CAC,Hobbs Station,Taylor Morrison,,Active,,,Monel,3,2.50,2,2,1904,350500,4/17/2026,aAa3x000000ZxWrCAK,Non Active Adult,46168,Plainfield,Hendricks,18063,"Indianapolis-Carmel-Greenwood, IN",26900,IN,Avon Community School Corp,Cedar Elementary School; Avon Intermediate School West,7; 7,Avon Middle School South,10,Avon High School,10,,39.72184,-86.35653
aAf3x000001WrROCA0,Wood Preserve,Arbor Homes,Clayton Properties Group,Active,,,Norway,5,2.50,2,2,2961,309995,5/28/2026,aAa3x000000Yfk5CAC,Non Active Adult,46181,Trafalgar,Johnson,18081,"Indianapolis-Carmel-Greenwood, IN",26900,IN,Nineveh-Hensley-Jackson United,Indian Creek Intermediate School; Indian Creek Elementary School,7; 0,Indian Creek Middle School,7,Indian Creek Sr High School,6,,39.41924,-86.15678
aAf3x000001QhjwCAC,Saddlebrook Farms North/Tradition,D.R. Horton,"D.R. Horton, Inc.",Active,,,Henley,5,3.00,2,2,2600,368900,5/29/2026,aAaPc000000DjaPKAS,Non Active Adult,46184,Whiteland,Johnson,18081,"Indianapolis-Carmel-Greenwood, IN",26900,IN,Clark-Pleasant Com School Corp,Whiteland Elementary School,8,Clark Pleasant Middle School,7,Whiteland Community High School,5,,39.55071,-86.07083
aAfPc000001F5I9KAK,Parkview Village,D.R. Horton,"D.R. Horton, Inc.",Active,,,Henley,5,3.00,2,2,2600,359900,4/23/2026,aAaPc000000oiqvKAA,Non Active Adult,46140,Cumberland,Hancock,18059,"Indianapolis-Carmel-Greenwood, IN",26900,IN,New Palestine Community Schools,Sugar Creek Elementary School,6,New Palestine Jr High School,8,New Palestine High School,10,,39.77823,-85.93275
aAf3x000001Qh4yCAC,Scottsdale Estates,Arbor Homes,Clayton Properties Group,Active,,,Ironwood,4,2.50,2,2,1963,327995,5/21/2026,aAaPc00000087XZKAY,Non Active Adult,46143,Greenwood,Johnson,18081,"Indianapolis-Carmel-Greenwood, IN",26900,IN,Clark-Pleasant Com School Corp,Pleasant Crossing Elementary,7,Clark Pleasant Middle School,7,Whiteland Community High School,5,,39.55660,-86.14305
aAf3x000001WrRPCA0,Augusta Heights,Arbor Homes,Clayton Properties Group,Active,,,Chestnut,3,2.00,1,2,1802,268995,5/14/2026,aAa3x000000YelWCAS,Non Active Adult,46268,Indianapolis,Marion,18097,"Indianapolis-Carmel-Greenwood, IN",26900,IN,M S D Pike Township,,,,,Pike High School,4,,39.89474,-86.21371
aAfPc0000021mxVKAQ,Marilyn Woods/Signature Collection,David Weekley Homes,,Active,,,The Benbrook,4,3.50,2,4,2698,533990,5/29/2026,aAaPc000001LHV8KAO,Non Active Adult,46060,Noblesville,Hamilton,18057,"Indianapolis-Carmel-Greenwood, IN",26900,IN,Hamilton Southeastern Schools,Harrison Parkway Elementary School; Sand Creek Intermediate School,8; 7,Fishers Junior High School,7,Fishers High School,10,,39.99443,-85.95267
aAf3x000001WoRWCA0,Hickory Run,M/I Homes,,Active,,,Kentmore Basement,3,2.50,2,2,2070,422490,5/18/2026,aAaPc0000018rN0KAI,Non Active Adult,46239,Indianapolis,Marion,18097,"Indianapolis-Carmel-Greenwood, IN",26900,IN,Franklin Township Com Sch Corp,,,,,Franklin Central High School,9,,39.68048,-85.99215
aAfPc0000011OVyKAM,Forest Hill,Ryan Homes,NVR Inc.,Active,,,Wexford with Finished Lower Level,3,2.50,3,2,1886,324990,5/4/2026,aAaPc000000M4OLKA0,Non Active Adult,46112,Brownsburg,Hendricks,18063,"Indianapolis-Carmel-Greenwood, IN",26900,IN,Brownsburg Community Sch Corp,Cardinal Elementary School,8,Brownsburg West Middle School,8,Brownsburg High School,10,,39.85645,-86.38840
aAf3x000001QbssCAC,Hidden Hills,Taylor Morrison,,Active,,,Exclusives 2467,3,2.00,1,2,2467,434000,5/18/2026,aAaPc000000pZ4MKAU,Non Active Adult,46167,Pittsboro,Hendricks,18063,"Indianapolis-Carmel-Greenwood, IN",26900,IN,North West Hendricks Schools,Pittsboro Elementary; Pittsboro Primary School,9; 0,Tri-West Middle School,9,Tri-West Senior High School,9,,39.87140,-86.45638
aAf3x000001WrTwCAK,Westwind at Cumberland,Arbor Homes,Clayton Properties Group,Active,,,Empress,5,2.50,2,2,3198,328995,5/25/2026,aAa3x000000YSyuCAG,Non Active Adult,46131,Franklin,Johnson,18081,"Indianapolis-Carmel-Greenwood, IN",26900,IN,Franklin Community School Corp,Custer Baker Intermediate School; Creekside Elementary School,7; 6,Franklin Community Middle School,7,Franklin Community High School,6,,39.49405,-86.08407
aAfPc000001FoAPKA0,Copperleaf at Finch Creek,Lennar,,Active,,,Kingston,5,3.00,2,3,2736,457995,5/25/2026,aAaPc000000kRQcKAM,Non Active Adult,46060,Noblesville,Hamilton,18057,"Indianapolis-Carmel-Greenwood, IN",26900,IN,Hamilton Southeastern Schools,Hamilton Southeastern Jr High School; Deer Creek Elementary,9; 7,Hamilton Southeastern Jr High School,9,Hamilton Southeastern High School,10,,40.02172,-85.93493
aAfPc000000i3a6KAA,Montgomery Woods,Lennar,,Active,,,Kingston,5,3.00,2,2,2736,419980,5/18/2026,aAaPc000000TjOsKAK,Non Active Adult,46239,Indianapolis,Marion,18097,"Indianapolis-Carmel-Greenwood, IN",26900,IN,Franklin Township Com Sch Corp,,,,,Franklin Central High School,9,,39.70463,-85.97401
aAf3x000001WTNDCA4,Silo Ridge/SF,M/I Homes,,Active,,,Everly,4,2.50,2,2,3034,439990,5/13/2026,aAaPc000000wg2WKAQ,Non Active Adult,46060,Noblesville,Hamilton,18057,"Indianapolis-Carmel-Greenwood, IN",26900,IN,Hamilton Southeastern Schools,Fall Creek Intermediate School; Deer Creek Elementary,9; 7,Fall Creek Junior High,7,Hamilton Southeastern High School,10,,40.03510,-85.94254
aAf3x000001QYqPCAW,Auburn Ridge,M/I Homes,,Active,,,Cheswicke II Basement,3,2.00,1,2,2191,504990,5/8/2026,aAaPc000000Egb7KAC,Non Active Adult,46112,Brownsburg,Hendricks,18063,"Indianapolis-Carmel-Greenwood, IN",26900,IN,Brownsburg Community Sch Corp,White Lick Elementary School,8,Brownsburg West Middle School,8,Brownsburg High School,10,,39.83231,-86.42558
aAf3x000001QfKWCA0,Colonnade Estates,Beazer Homes,,Active,,,Liberty,4,2.50,2,2,2909,454990,5/4/2026,aAa3x000000ZxvDCAS,Non Active Adult,46055,McCordsville,Hancock,18059,"Indianapolis-Carmel-Greenwood, IN",26900,IN,Mt Vernon Community Sch Corp,McCordsville Elementary School,6,Mt Vernon Middle School,6,Mt Vernon High School,8,,39.88600,-85.90997
aAf3x000001WdclCAC,Chatham Village/Cottage Collection,David Weekley Homes,,Active,,,Allegient,2,2.00,1,2,2073,619990,5/9/2026,aAa3x000000YR9oCAG,Non Active Adult,46074,Westfield,Hamilton,18057,"Indianapolis-Carmel-Greenwood, IN",26900,IN,Westfield-Washington Schools,Westfield Intermediate School; Monon Trail Elementary School,9; 6,Westfield Middle School,9,Westfield High School,10,,40.08103,-86.13605
aAfPc000000zk2jKAA,Bo-Mar Estates/ SF,Olthof Homes,,Active,,,Aspen,4,2.50,2,2,2353,420500,5/23/2026,aAaPc000000O6InKAK,Non Active Adult,46168,Plainfield,Hendricks,18063,"Indianapolis-Carmel-Greenwood, IN",26900,IN,Avon Community School Corp,Cedar Elementary School; Avon Intermediate School West,7; 7,Avon Middle School South,10,Avon High School,10,,39.72793,-86.36178
aAfPc0000018qnFKAQ,Parkrose/SF,Fischer Homes,,Active,,,Wesley,3,2.50,2,2,1842,295990,4/6/2026,aAaPc000000VSeLKAW,Non Active Adult,46140,Greenfield,Hancock,18059,"Indianapolis-Carmel-Greenwood, IN",26900,IN,Greenfield-Central Com Schools,Weston Elementary School; Greenfield Intermediate School,5; 5,Greenfield Central Junior High School,6,Greenfield-Central High School,7,,39.77213,-85.78301
aAf3x000001WlFcCAK,Edgewood Farms,D.R. Horton,"D.R. Horton, Inc.",Active,,,Harmony,3,2.00,1,2,1503,339000,5/9/2026,aAaPc000000DN1sKAG,Non Active Adult,46239,Indianapolis,Marion,18097,"Indianapolis-Carmel-Greenwood, IN",26900,IN,Franklin Township Com Sch Corp,,,,,Franklin Central High School,9,,39.68241,-86.00724
aAf3x000001QegiCAC,Oakdale,Pulte Homes,PulteGroup Inc.,Active,,,Greenfield,4,2.50,2,2,3021,429990,5/5/2026,aAaPc000000BDKbKAO,Non Active Adult,46112,Brownsburg,Hendricks,18063,"Indianapolis-Carmel-Greenwood, IN",26900,IN,Brownsburg Community Sch Corp,Eagle Elementary School,10,Brownsburg West Middle School,8,Brownsburg High School,10,,39.86610,-86.38409
aAf3x000001QhcyCAC,Cardinal Grove/Express,D.R. Horton,"D.R. Horton, Inc.",Active,,,Bellamy,4,2.50,2,2,2053,332900,4/23/2026,aAaPc000000AIQHKA4,Non Active Adult,46221,Indianapolis,Marion,18097,"Indianapolis-Carmel-Greenwood, IN",26900,IN,M S D Decatur Township,Gold Academy,4,Decatur Middle School,3,Decatur Central High School,3,,39.67001,-86.27891
aAf3x000001Qeu9CAC,Fields at Sugar Creek,D.R. Horton,"D.R. Horton, Inc.",Active,,,Chatham,4,2.00,1,2,1771,359900,5/8/2026,aAaPc000000AG1tKAG,Non Active Adult,46163,New Palestine,Hancock,18059,"Indianapolis-Carmel-Greenwood, IN",26900,IN,New Palestine Community Schools,New Palestine Elementary School,8,New Palestine Jr High School,8,New Palestine High School,10,,39.72423,-85.89985
aAf3x000001Qeu9CAC,Fields at Sugar Creek,D.R. Horton,"D.R. Horton, Inc.",Active,,,Henley,5,3.00,2,2,2600,379900,5/8/2026,aAaPc000000AG9xKAG,Non Active Adult,46163,New Palestine,Hancock,18059,"Indianapolis-Carmel-Greenwood, IN",26900,IN,New Palestine Community Schools,New Palestine Elementary School,8,New Palestine Jr High School,8,New Palestine High School,10,,39.72423,-85.89985
aAf3x000001QKUpCAO,Vintners Park Estates,Drees Homes,,Active,,,CRESTWOOD,3,3.50,2,3,3850,767900,5/19/2026,aAa3x000000YeISCA0,Non Active Adult,46055,McCordsville,Hancock,18059,"Indianapolis-Carmel-Greenwood, IN",26900,IN,Mt Vernon Community Sch Corp,McCordsville Elementary School,6,Mt Vernon Middle School,6,Mt Vernon High School,8,,39.91338,-85.92927
aAfPc000001lg85KAA,Saratoga Village/Rearload,Lennar,,Active,,,Meridian III,3,2.50,3,2,2063,345585,4/23/2026,aAaPc000000zdzkKAA,Non Active Adult,46168,Plainfield,Hendricks,18063,"Indianapolis-Carmel-Greenwood, IN",26900,IN,Plainfield Community Sch Corp,Central Elementary School,9,Plainfield Com Middle School,8,Plainfield High School,9,,39.70128,-86.42016
aAf3x000001WTU0CAO,Sawyer Walk,M/I Homes,,Active,,,Foster,4,2.00,2,2,2714,412990,5/29/2026,aAaPc0000002ZkyKAE,Non Active Adult,46106,Bargersville,Johnson,18081,"Indianapolis-Carmel-Greenwood, IN",26900,IN,Center Grove Com Sch Corp,Maple Grove Elementary School,8,Center Grove Middle School Central,8,Center Grove High School,10,,39.52297,-86.17236
aAfPc000000K8pcKAC,The Townes at Hampton Walk,Fischer Homes,,Active,,,Tustin,2,3.50,3,0,2276,349990,3/18/2026,aAaPc0000008NFZKA2,Non Active Adult,46055,McCordsville,Hancock,18059,"Indianapolis-Carmel-Greenwood, IN",26900,IN,Mt Vernon Community Sch Corp,McCordsville Elementary School,6,Mt Vernon Middle School,6,Mt Vernon High School,8,,39.88786,-85.91988
aAf3x000001QhcyCAC,Cardinal Grove/Express,D.R. Horton,"D.R. Horton, Inc.",Active,,,Lyndhurst,4,2.50,2,2,2904,382900,4/23/2026,aAaPc0000019di7KAA,Non Active Adult,46221,Indianapolis,Marion,18097,"Indianapolis-Carmel-Greenwood, IN",26900,IN,M S D Decatur Township,Gold Academy,4,Decatur Middle School,3,Decatur Central High School,3,,39.67001,-86.27891
aAf3x000001YghjCAC,Ridgefield,Davis Homes,,Active,,,Jefferson,3,2.50,2,2,1664,254990,5/16/2026,aAa3x000000h1bZCAQ,Non Active Adult,46239,Indianapolis,Marion,18097,"Indianapolis-Carmel-Greenwood, IN",26900,IN,M S D Warren Township,Liberty Park Elementary School; Raymond Park Middle School (7-8),4; 4,Raymond Park Middle School (7-8),4,Warren Central High School,2,,39.72696,-86.03276
aAf3x000000UKz9CAG,Crossroads at Southport,Beazer Homes,,Active,,,Lincoln,4,3.00,2,2,2539,350990,5/4/2026,aAa3x000000a1L6CAI,Non Active Adult,46259,Indianapolis,Marion,18097,"Indianapolis-Carmel-Greenwood, IN",26900,IN,Franklin Township Com Sch Corp,,,,,Franklin Central High School,9,,39.66658,-86.01158
aAf3x000001WgrLCAS,Northwood Haven,Arbor Homes,Clayton Properties Group,Active,,,Empress,5,2.50,2,2,3198,354995,5/28/2026,aAa3x000000UQjwCAG,Non Active Adult,46122,Danville,Hendricks,18063,"Indianapolis-Carmel-Greenwood, IN",26900,IN,Danville Community School Corp,Danville Middle School; South Elementary School,8; 7,Danville Middle School,8,Danville Community High School,8,,39.77638,-86.49500
aAfPc000000RV02KAG,Cyntheanne Woods,Taylor Morrison,,Active,,,Berkeley,3,2.50,2,2,2318,422000,5/2/2026,aAaPc0000009CuzKAE,Non Active Adult,46037,Fishers,Hamilton,18057,"Indianapolis-Carmel-Greenwood, IN",26900,IN,Hamilton Southeastern Schools,Hamilton Southeastern Jr High School; Southeastern Elementary School,9; 7,Hamilton Southeastern Jr High School,9,Hamilton Southeastern High School,10,,39.98344,-85.88072
aAf3x000001WdR1CAK,Grantham,David Weekley Homes,,Active,,,Woodson,4,3.50,2,3,2972,646990,4/14/2026,aAaPc000000DEB2KAO,Non Active Adult,46038,Fishers,Hamilton,18057,"Indianapolis-Carmel-Greenwood, IN",26900,IN,Hamilton Southeastern Schools,Riverside Intermediate School; New Britton Elementary School,10; 7,Riverside Jr High,8,Fishers High School,10,,39.96160,-86.01752
aAf3x000001Qd2HCAS,Brunson's Landing,D.R. Horton,"D.R. Horton, Inc.",Active,,,Henley,5,3.00,2,2,2600,334900,5/8/2026,aAaPc00000065YzKAI,Non Active Adult,46140,Greenfield,Hancock,18059,"Indianapolis-Carmel-Greenwood, IN",26900,IN,Greenfield-Central Com Schools,Greenfield Intermediate School; Weston Elementary School,5; 5,Greenfield Central Junior High School,6,Greenfield-Central High School,7,,39.80169,-85.78519
aAf3x000001QYOMCA4,Trescott Gardens,Drees Homes,,Active,,,HORIZON,5,3.00,2,2,3334,492900,5/22/2026,aAaPc000000SYJyKAO,Non Active Adult,46168,Plainfield,Hendricks,18063,"Indianapolis-Carmel-Greenwood, IN",26900,IN,Plainfield Community Sch Corp,Clarks Creek Elementary,5,Plainfield Com Middle School,8,Plainfield High School,9,,39.67444,-86.40719
aAf3x000001QdoYCAS,Magnolia Ridge/Crossing,Pulte Homes,PulteGroup Inc.,Active,,,Greenfield,4,2.00,2,2,3020,454990,5/26/2026,aAaPc000000qzXFKAY,Non Active Adult,46062,Noblesville,Hamilton,18057,"Indianapolis-Carmel-Greenwood, IN",26900,IN,Noblesville Schools,Noble Crossing Elementary School,8,Noblesville West Middle School,9,Noblesville High School,10,,40.02936,-86.06009
aAfPc0000019MldKAE,Courtyards of TowneRun,EPCON Communities,,Active,,,Oxford,2,2.50,2,2,1420,374900,5/28/2026,aAaPc000000diA0KAI,Non Active Adult,46074,Westfield,Hamilton,18057,"Indianapolis-Carmel-Greenwood, IN",26900,IN,Westfield-Washington Schools,Westfield Intermediate School; Shamrock Springs Elementary School,9; 8,Westfield Middle School,9,Westfield High School,10,,40.02155,-86.19552
aAf3x000001WXjRCAW,Cedar Ridge,Fischer Homes,,Active,,,Fairfax,4,2.50,2,2,2330,361990,5/25/2026,aAaPc00000065YRKAY,Non Active Adult,46052,Lebanon,Boone,18011,"Indianapolis-Carmel-Greenwood, IN",26900,IN,Lebanon Community School Corp,Central Elementary School,9,Lebanon Middle School,5,Lebanon Senior High School,9,,40.05570,-86.45563
aAfPc000001kkLpKAI,Colonnade,Drees Homes,,Active,,,SHELBURN,3,2.50,1,2,2294,521900,5/1/2026,aAaPc000000p7QqKAI,Non Active Adult,46055,Mccordsville,Hancock,18059,"Indianapolis-Carmel-Greenwood, IN",26900,IN,Mt Vernon Community Sch Corp,McCordsville Elementary School,6,Mt Vernon Middle School,6,Mt Vernon High School,8,,39.88541,-85.91438
aAfPc000001tIADKA2,Emerald Preserve,Fischer Homes,,Active,,,Cumberland,3,2.00,2,2,2439,358990,5/16/2026,aAaPc0000016SXTKA2,Non Active Adult,46239,Indianapolis,Marion,18097,"Indianapolis-Carmel-Greenwood, IN",26900,IN,Franklin Township Com Sch Corp,,,,,Franklin Central High School,9,,39.69260,-85.99509
aAf3x000001QeGfCAK,Berry Chase,M/I Homes,,Active,,,Kensington,4,2.50,2,3,3382,482990,5/25/2026,aAaPc000000TWSJKA4,Non Active Adult,46143,Greenwood,Johnson,18081,"Indianapolis-Carmel-Greenwood, IN",26900,IN,Center Grove Com Sch Corp,Sugar Grove Elementary School,6,Center Grove Middle School North,8,Center Grove High School,10,,39.60149,-86.17949
aAf3x000001QeudCAC,Miles Farm/Tradition,D.R. Horton,"D.R. Horton, Inc.",Active,,,Muncie,3,2.00,1,2,1818,358900,5/19/2026,aAaPc000001K7j7KAC,Non Active Adult,46122,Danville,Hendricks,18063,"Indianapolis-Carmel-Greenwood, IN",26900,IN,Danville Community School Corp,Danville Middle School; South Elementary School,8; 7,Danville Middle School,8,Danville Community High School,8,,39.76422,-86.53935
aAf3x000001QbssCAC,Hidden Hills,Taylor Morrison,,Active,,,Legacy 1572,3,2.00,1,2,1572,348000,5/18/2026,aAaPc000000YRfZKAW,Non Active Adult,46167,Pittsboro,Hendricks,18063,"Indianapolis-Carmel-Greenwood, IN",26900,IN,North West Hendricks Schools,Pittsboro Elementary; Pittsboro Primary School,9; 0,Tri-West Middle School,9,Tri-West Senior High School,9,,39.87140,-86.45638
aAf3x000001QeGfCAK,Berry Chase,M/I Homes,,Active,,,Kensington Basement,4,2.50,2,3,3382,552490,5/25/2026,aAaPc000000TWSHKA4,Non Active Adult,46143,Greenwood,Johnson,18081,"Indianapolis-Carmel-Greenwood, IN",26900,IN,Center Grove Com Sch Corp,Sugar Grove Elementary School,6,Center Grove Middle School North,8,Center Grove High School,10,,39.60149,-86.17949
aAfPc000001sStEKAU,Wild Air Trails,David Weekley Homes,,Upcoming,,,The Townsman,3,2.50,2,2,2153,,4/12/2026,aAaPc000001GAZ7KAO,Non Active Adult,46077,Zionsville,Boone,18011,"Indianapolis-Carmel-Greenwood, IN",26900,IN,Zionsville Community Schools,Stonegate Elementary; Zionsville West Middle School,8; 8,Zionsville West Middle School,8,Zionsville Community High School,10,,39.95740,-86.30281
aAf2T000001MbYBSA0,Waterfront of West Clay/Island,Shoopman Homes,,Active,,,Heron,4,2.50,1,3,3230,1049900,5/25/2026,aAa2T000000okiXSAQ,Non Active Adult,46077,Zionsville,Hamilton,18057,"Indianapolis-Carmel-Greenwood, IN",26900,IN,Carmel Clay Schools,West Clay Elementary,9,Creekside Middle School,10,Carmel High School,10,,39.95694,-86.23909
aAf3x000001WTNDCA4,Silo Ridge/SF,M/I Homes,,Active,,,Ashton,2,2.00,1,2,1842,389990,5/13/2026,aAa3x000000ZlZECA0,Non Active Adult,46060,Noblesville,Hamilton,18057,"Indianapolis-Carmel-Greenwood, IN",26900,IN,Hamilton Southeastern Schools,Fall Creek Intermediate School; Deer Creek Elementary,9; 7,Fall Creek Junior High,7,Hamilton Southeastern High School,10,,40.03510,-85.94254
aAf3x000001QYqPCAW,Auburn Ridge,M/I Homes,,Active,,,Cascade II,3,2.00,2,2,1963,403990,1/13/2026,aAaPc000000Mq2VKAS,Non Active Adult,46112,Brownsburg,Hendricks,18063,"Indianapolis-Carmel-Greenwood, IN",26900,IN,Brownsburg Community Sch Corp,White Lick Elementary School,8,Brownsburg West Middle School,8,Brownsburg High School,10,,39.83231,-86.42558
aAfPc000000reB2KAI,Clifton Trace,Lennar,,Active,,,Victoria,4,2.50,2,2,2169,299995,5/23/2026,aAaPc000000NCnOKAW,Non Active Adult,46235,Indianapolis,Marion,18097,"Indianapolis-Carmel-Greenwood, IN",26900,IN,M S D Lawrence Township,Winding Ridge Elementary School,3,Belzer Middle School,3,Lawrence Central High School,3,,39.83451,-85.96004
aAf3x000001QbssCAC,Hidden Hills,Taylor Morrison,,Active,,,Exclusives 3360,4,2.50,2,2,3360,454000,5/18/2026,aAaPc000000pZ4OKAU,Non Active Adult,46167,Pittsboro,Hendricks,18063,"Indianapolis-Carmel-Greenwood, IN",26900,IN,North West Hendricks Schools,Pittsboro Elementary; Pittsboro Primary School,9; 0,Tri-West Middle School,9,Tri-West Senior High School,9,,39.87140,-86.45638
aAfPc0000016Bt3KAE,Union Woodlands,Lennar,,Active,,,3100,5,4.50,2,3,3037,729995,4/27/2026,aAaPc0000011be9KAA,Non Active Adult,46077,Zionsville,Boone,18011,"Indianapolis-Carmel-Greenwood, IN",26900,IN,Zionsville Community Schools,Zionsville Middle School; Union Elementary School,9; 8,Zionsville Middle School,9,Zionsville Community High School,10,,40.00931,-86.25374
aAf3x000001Qeu9CAC,Fields at Sugar Creek,D.R. Horton,"D.R. Horton, Inc.",Active,,,Cortland,4,3.00,1,2,2278,405900,5/8/2026,aAaPc000000CvYnKAK,Non Active Adult,46163,New Palestine,Hancock,18059,"Indianapolis-Carmel-Greenwood, IN",26900,IN,New Palestine Community Schools,New Palestine Elementary School,8,New Palestine Jr High School,8,New Palestine High School,10,,39.72423,-85.89985
aAf3x000001WbpECAS,Preserve at Brookside,Bridgenorth Homes,,Active,,,McKinley,2,2.00,1,2,1931,405990,5/22/2026,aAaPc0000007LSjKAM,Non Active Adult,46055,McCordsville,Hancock,18059,"Indianapolis-Carmel-Greenwood, IN",26900,IN,Mt Vernon Community Sch Corp,McCordsville Elementary School,6,Mt Vernon Middle School,6,Mt Vernon High School,8,,39.91258,-85.92031
aAf3x000001WlFcCAK,Edgewood Farms,D.R. Horton,"D.R. Horton, Inc.",Active,,,Henley,5,3.00,2,2,2600,374900,5/9/2026,aAaPc000000Cf1dKAC,Non Active Adult,46239,Indianapolis,Marion,18097,"Indianapolis-Carmel-Greenwood, IN",26900,IN,Franklin Township Com Sch Corp,,,,,Franklin Central High School,9,,39.68241,-86.00724
aAf3x000001WTNDCA4,Silo Ridge/SF,M/I Homes,,Active,,,Kensington Basement,4,2.50,2,3,3382,565490,5/13/2026,aAa3x000000ZlZTCA0,Non Active Adult,46060,Noblesville,Hamilton,18057,"Indianapolis-Carmel-Greenwood, IN",26900,IN,Hamilton Southeastern Schools,Fall Creek Intermediate School; Deer Creek Elementary,9; 7,Fall Creek Junior High,7,Hamilton Southeastern High School,10,,40.03510,-85.94254
aAf3x000001WqpfCAC,Somerset West,Silverthorne Homes,Clayton Properties Group,Active,,,Arthur,4,2.50,2,0,2606,419995,4/25/2026,aAa3x000000YhtKCAS,Non Active Adult,46074,Westfield,Hamilton,18057,"Indianapolis-Carmel-Greenwood, IN",26900,IN,Westfield-Washington Schools,Westfield Intermediate School; Monon Trail Elementary School,9; 6,Westfield Middle School,9,Westfield High School,10,,40.04570,-86.17919
aAfPc000001gSKzKAM,Langdon Crossing,Arbor Homes,Clayton Properties Group,Active,,,Cooper,4,2.50,2,0,2813,352995,3/12/2026,aAaPc0000015fDyKAI,Non Active Adult,46030,Arcadia,Hamilton,18057,"Indianapolis-Carmel-Greenwood, IN",26900,IN,Hamilton Heights School Corp,Hamilton Heights Middle School; Hamilton Heights Elementary School,8; 6,Hamilton Heights Middle School,8,Hamilton Heights High School,8,,40.16554,-86.02772
aAfPc000001hdC1KAI,Magnolia Ridge/Landings,Pulte Homes,PulteGroup Inc.,Active,,,Dakota,4,2.50,2,2,2644,419990,5/19/2026,aAaPc000000rIGXKA2,Non Active Adult,46062,Noblesville,Hamilton,18057,"Indianapolis-Carmel-Greenwood, IN",26900,IN,Noblesville Schools,Noble Crossing Elementary School,8,Noblesville West Middle School,9,Noblesville High School,10,,40.02936,-86.06009
aAfPc000000RV02KAG,Cyntheanne Woods,Taylor Morrison,,Active,,,Soho,3,2.50,2,2,2221,412000,5/2/2026,aAaPc0000009CuyKAE,Non Active Adult,46037,Fishers,Hamilton,18057,"Indianapolis-Carmel-Greenwood, IN",26900,IN,Hamilton Southeastern Schools,Hamilton Southeastern Jr High School; Southeastern Elementary School,9; 7,Hamilton Southeastern Jr High School,9,Hamilton Southeastern High School,10,,39.98344,-85.88072
aAf3x000001WbuhCAC,Fields at New Bethel,D.R. Horton,"D.R. Horton, Inc.",Active,,,Stamford,4,2.50,2,2,2346,347900,4/29/2026,aAaPc000000VPZ5KAO,Non Active Adult,46239,Indianapolis,Marion,18097,"Indianapolis-Carmel-Greenwood, IN",26900,IN,Franklin Township Com Sch Corp,,,,,Franklin Central High School,9,,39.69345,-86.00195
aAfPc000001dVUrKAM,Helm's Mill,M/I Homes,,Active,,,Mackey II,2,2.00,1,2,1603,351990,5/25/2026,aAaPc000000vqQpKAI,Non Active Adult,46055,McCordsville,Hancock,18059,"Indianapolis-Carmel-Greenwood, IN",26900,IN,Mt Vernon Community Sch Corp,McCordsville Elementary School,6,Mt Vernon Middle School,6,Mt Vernon High School,8,,39.92796,-85.88460
aAfPc000001dpN3KAI,Nickel Row,Onyx+East,,Active,,,Chatham,2,2.50,4,2,2190,579900,5/25/2026,aAaPc0000016wGrKAI,Non Active Adult,46038,Fischers,Hamilton,18057,"Indianapolis-Carmel-Greenwood, IN",26900,IN,Hamilton Southeastern Schools,Riverside Intermediate School; Fishers Elementary School,10; 8,Riverside Jr High,8,Fishers High School,10,,39.95304,-86.02074
aAf3x000001QVVICA4,Carramore,Drees Homes,,Active,,,BELLEVILLE II,4,2.50,2,3,2972,591900,5/13/2026,aAaPc000000it1pKAA,Non Active Adult,46069,Sheridan,Hamilton,18057,"Indianapolis-Carmel-Greenwood, IN",26900,IN,Westfield-Washington Schools,Westfield Intermediate School; Monon Trail Elementary School,9; 6,Westfield Middle School,9,Westfield High School,10,,40.07796,-86.16111
aAfPc000001F5I9KAK,Parkview Village,D.R. Horton,"D.R. Horton, Inc.",Active,,,Dayton,5,3.50,2,3,3388,430900,4/23/2026,aAaPc000000oiqtKAA,Non Active Adult,46140,Cumberland,Hancock,18059,"Indianapolis-Carmel-Greenwood, IN",26900,IN,New Palestine Community Schools,Sugar Creek Elementary School,6,New Palestine Jr High School,8,New Palestine High School,10,,39.77823,-85.93275
aAf3x000001QbsiCAC,Colonnade/Cornerstone Series,Taylor Morrison,,Active,,,Berkeley,3,2.50,2,2,2318,401000,5/23/2026,aAa3x000000ZoSyCAK,Non Active Adult,46055,McCordsville,Hancock,18059,"Indianapolis-Carmel-Greenwood, IN",26900,IN,Mt Vernon Community Sch Corp,McCordsville Elementary School,6,Mt Vernon Middle School,6,Mt Vernon High School,8,,39.89076,-85.91252
aAfPc000000BqGDKA0,Colonnade/ Town Series,Taylor Morrison,,Active,,,Burg,4,3.50,3,2,2817,373000,5/23/2026,aAaPc0000002lfZKAQ,Non Active Adult,46055,McCordsville,Hancock,18059,"Indianapolis-Carmel-Greenwood, IN",26900,IN,Mt Vernon Community Sch Corp,McCordsville Elementary School,6,Mt Vernon Middle School,6,Mt Vernon High School,8,,39.89157,-85.91249
aAf3x000001WTNDCA4,Silo Ridge/SF,M/I Homes,,Active,,,Drake Basement,4,2.50,2,3,2884,544490,5/13/2026,aAa3x000000ZlZLCA0,Non Active Adult,46060,Noblesville,Hamilton,18057,"Indianapolis-Carmel-Greenwood, IN",26900,IN,Hamilton Southeastern Schools,Fall Creek Intermediate School; Deer Creek Elementary,9; 7,Fall Creek Junior High,7,Hamilton Southeastern High School,10,,40.03510,-85.94254
aAf3x000001WTZ6CAO,Sawyer Walk/Villas,M/I Homes,,Active,,,Villa Series - Dimora,2,2.50,1,2,1716,333990,5/29/2026,aAaPc0000001cuTKAQ,Non Active Adult,46106,Bargersville,Johnson,18081,"Indianapolis-Carmel-Greenwood, IN",26900,IN,Center Grove Com Sch Corp,Maple Grove Elementary School,8,Center Grove Middle School Central,8,Center Grove High School,10,,39.52297,-86.17236
aAf3x000001WrTwCAK,Westwind at Cumberland,Arbor Homes,Clayton Properties Group,Active,,,Aspen II,4,2.50,2,2,2176,293995,5/25/2026,aAa3x000000YeeACAS,Non Active Adult,46131,Franklin,Johnson,18081,"Indianapolis-Carmel-Greenwood, IN",26900,IN,Franklin Community School Corp,Custer Baker Intermediate School; Creekside Elementary School,7; 6,Franklin Community Middle School,7,Franklin Community High School,6,,39.49405,-86.08407
aAf3x000001Qeu9CAC,Fields at Sugar Creek,D.R. Horton,"D.R. Horton, Inc.",Active,,,Dayton,5,3.50,2,3,3388,454900,5/8/2026,aAaPc000000olD0KAI,Non Active Adult,46163,New Palestine,Hancock,18059,"Indianapolis-Carmel-Greenwood, IN",26900,IN,New Palestine Community Schools,New Palestine Elementary School,8,New Palestine Jr High School,8,New Palestine High School,10,,39.72423,-85.89985
aAfPc000000reB2KAI,Clifton Trace,Lennar,,Active,,,Hansom,4,2.50,2,2,1794,289995,5/23/2026,aAaPc000000NCnMKAW,Non Active Adult,46235,Indianapolis,Marion,18097,"Indianapolis-Carmel-Greenwood, IN",26900,IN,M S D Lawrence Township,Winding Ridge Elementary School,3,Belzer Middle School,3,Lawrence Central High School,3,,39.83451,-85.96004
aAf3x000001WrROCA0,Wood Preserve,Arbor Homes,Clayton Properties Group,Active,,,Aspen II,4,2.50,2,2,2176,282995,5/28/2026,aAa3x000000YgNxCAK,Non Active Adult,46181,Trafalgar,Johnson,18081,"Indianapolis-Carmel-Greenwood, IN",26900,IN,Nineveh-Hensley-Jackson United,Indian Creek Intermediate School; Indian Creek Elementary School,7; 0,Indian Creek Middle School,7,Indian Creek Sr High School,6,,39.41924,-86.15678
aAfPc000001RqDMKA0,Rockport,M/I Homes,,Active,,,Kensington,4,2.50,2,3,3382,516990,5/22/2026,aAaPc000000hE3DKAU,Non Active Adult,46055,Vernon,Hancock,18059,"Indianapolis-Carmel-Greenwood, IN",26900,IN,Mt Vernon Community Sch Corp,McCordsville Elementary School,6,Mt Vernon Middle School,6,Mt Vernon High School,8,,39.91552,-85.92644
aAf3x000001YafaCAC,Heron Creek,Arbor Homes,Clayton Properties Group,Active,,,Cooper,4,2.50,2,0,2813,338995,5/10/2026,aAa3x000000gaIpCAI,Non Active Adult,46140,Greenfield,Hancock,18059,"Indianapolis-Carmel-Greenwood, IN",26900,IN,Mt Vernon Community Sch Corp,Mt Comfort Elementary School,6,Mt Vernon Middle School,6,Mt Vernon High School,8,,39.80734,-85.92481
aAf3x000001WYwsCAG,Trailside,D.R. Horton,"D.R. Horton, Inc.",Active,,,Henley,5,3.00,2,2,2600,398900,5/29/2026,aAa3x000000Zj3vCAC,Non Active Adult,46075,Whitestown,Boone,18011,"Indianapolis-Carmel-Greenwood, IN",26900,IN,Lebanon Community School Corp,Perry Worth Elementary School,6,Lebanon Middle School,5,Lebanon Senior High School,9,,40.00540,-86.34623
aAf3x000001YZF2CAO,Kimblewick/Churchill,Del Webb,PulteGroup Inc.,Active,,,Stellar,2,2.50,1,3,2421,550990,5/13/2026,aAa3x000000cWSoCAM,Active Adult,46074,Westfield,Hamilton,18057,"Indianapolis-Carmel-Greenwood, IN",26900,IN,Westfield-Washington Schools,Westfield Intermediate School; Shamrock Springs Elementary School,9; 8,Westfield Middle School,9,Westfield High School,10,,40.00812,-86.20483
aAf3x000001Qeu9CAC,Fields at Sugar Creek,D.R. Horton,"D.R. Horton, Inc.",Active,,,Holcombe,4,2.50,2,2,2356,397000,5/8/2026,aAaPc000000AG8LKAW,Non Active Adult,46163,New Palestine,Hancock,18059,"Indianapolis-Carmel-Greenwood, IN",26900,IN,New Palestine Community Schools,New Palestine Elementary School,8,New Palestine Jr High School,8,New Palestine High School,10,,39.72423,-85.89985
aAfPc000000JoBEKA0,Courtyards of Russell Oaks,EPCON Communities,,Active,,,Verona,3,3.00,1,2,2481,621900,5/29/2026,aAaPc0000013NVqKAM,Non Active Adult,46077,Zionsville,Boone,18011,"Indianapolis-Carmel-Greenwood, IN",26900,IN,Zionsville Community Schools,Stonegate Elementary; Zionsville West Middle School,8; 8,Zionsville West Middle School,8,Zionsville Community High School,10,,39.94980,-86.29671
aAfPc000001vB07KAE,Finley Creek,Pulte Homes,PulteGroup Inc.,Upcoming,,,Waverly,4,2.50,2,2,3290,,5/19/2026,aAaPc000001GtpZKAS,Non Active Adult,46069,Sheridan,Hamilton,18057,"Indianapolis-Carmel-Greenwood, IN",26900,IN,Westfield-Washington Schools,Westfield Intermediate School; Monon Trail Elementary School,9; 6,Westfield Middle School,9,Westfield High School,10,,40.06792,-86.18552
aAfPc000001yvnlKAA,Wood Wind Landing,Fischer Homes,,Active,,,Winslow,3,2.50,1,2,2690,779990,5/19/2026,aAaPc000001FiH2KAK,Non Active Adult,46074,Westfield,Hamilton,18057,"Indianapolis-Carmel-Greenwood, IN",26900,IN,Westfield-Washington Schools,Westfield Intermediate School; Shamrock Springs Elementary School,9; 8,Westfield Middle School,9,Westfield High School,10,,40.02774,-86.19140
aAf3x000001WTU0CAO,Sawyer Walk,M/I Homes,,Active,,,Cheswicke II Basement,3,2.00,1,2,2191,516490,5/29/2026,aAaPc000000U1JcKAK,Non Active Adult,46106,Bargersville,Johnson,18081,"Indianapolis-Carmel-Greenwood, IN",26900,IN,Center Grove Com Sch Corp,Maple Grove Elementary School,8,Center Grove Middle School Central,8,Center Grove High School,10,,39.52297,-86.17236
aAf3x000001QVVICA4,Carramore,Drees Homes,,Active,,,ALDEN,4,2.50,2,2,3055,633900,5/13/2026,aAa3x000000ZZNYCA4,Non Active Adult,46069,Sheridan,Hamilton,18057,"Indianapolis-Carmel-Greenwood, IN",26900,IN,Westfield-Washington Schools,Westfield Intermediate School; Monon Trail Elementary School,9; 6,Westfield Middle School,9,Westfield High School,10,,40.07796,-86.16111
aAfPc000001gSKzKAM,Langdon Crossing,Arbor Homes,Clayton Properties Group,Active,,,Empress,5,2.50,2,2,3198,356995,3/12/2026,aAaPc0000015fE0KAI,Non Active Adult,46030,Arcadia,Hamilton,18057,"Indianapolis-Carmel-Greenwood, IN",26900,IN,Hamilton Heights School Corp,Hamilton Heights Middle School; Hamilton Heights Elementary School,8; 6,Hamilton Heights Middle School,8,Hamilton Heights High School,8,,40.16554,-86.02772
aAfPc0000019ebxKAA,Noble Heights Venture,Lennar,,Active,,,Alan,3,2.00,1,2,1673,326490,4/29/2026,aAaPc000001AqMXKA0,Non Active Adult,46221,Indianapolis,Marion,18097,"Indianapolis-Carmel-Greenwood, IN",26900,IN,M S D Decatur Township,West Newton Elementary School,5,Decatur Middle School,3,Decatur Central High School,3,,39.65265,-86.31888
aAf3x000001WdR1CAK,Grantham,David Weekley Homes,,Active,,,Maidenhair,3,2.50,1,3,2413,595990,4/14/2026,aAa3x000000UmIuCAK,Non Active Adult,46038,Fishers,Hamilton,18057,"Indianapolis-Carmel-Greenwood, IN",26900,IN,Hamilton Southeastern Schools,Riverside Intermediate School; New Britton Elementary School,10; 7,Riverside Jr High,8,Fishers High School,10,,39.96160,-86.01752
aAf3x000001WVDTCA4,Townes at Kennedy-King,Onyx+East,,Active,,,Tannin Terrace,2,2.50,3,1,1300,339900,5/15/2026,aAa3x000000TyyCCAS,Non Active Adult,46202,Indianapolis,Marion,18097,"Indianapolis-Carmel-Greenwood, IN",26900,IN,Indianapolis Public Schools,Thomas D. Gregg School 15; Brookside School 54,4; 4,Arlington Community Middle School,5,Arsenal Technical High School; George Washington Community High School...,1; 1,,39.79697,-86.14422
aAfPc000001lg6TKAQ,Grey Hawk,Lennar,,Active,,,Fletcher,2,2.00,1,2,1674,389995,5/28/2026,aAaPc000000zdzoKAA,Non Active Adult,46168,Plainfield,Hendricks,18063,"Indianapolis-Carmel-Greenwood, IN",26900,IN,Plainfield Community Sch Corp,Van Buren Elementary School,8,Plainfield Com Middle School,8,Plainfield High School,9,,39.71743,-86.36907
aAfPc000001JC8FKAW,Highlands,Pulte Homes,PulteGroup Inc.,Active,,,Cardinal,4,2.50,2,2,1565,357990,5/19/2026,aAaPc000000fHNHKA2,Non Active Adult,46075,Whitestown,Boone,18011,"Indianapolis-Carmel-Greenwood, IN",26900,IN,Lebanon Community School Corp,Perry Worth Elementary School,6,Lebanon Middle School,5,Lebanon Senior High School,9,,39.98320,-86.35628
aAf3x000001Qf83CAC,Hobbs Station,Taylor Morrison,,Active,,,Babbitt,3,2.50,2,2,1722,343000,4/17/2026,aAa3x000000ZxWqCAK,Non Active Adult,46168,Plainfield,Hendricks,18063,"Indianapolis-Carmel-Greenwood, IN",26900,IN,Avon Community School Corp,Cedar Elementary School; Avon Intermediate School West,7; 7,Avon Middle School South,10,Avon High School,10,,39.72184,-86.35653
aAf3x000001WYwsCAG,Trailside,D.R. Horton,"D.R. Horton, Inc.",Active,,,Johnstown,5,3.50,2,3,3062,458900,5/29/2026,aAaPc000000SS1KKAW,Non Active Adult,46075,Whitestown,Boone,18011,"Indianapolis-Carmel-Greenwood, IN",26900,IN,Lebanon Community School Corp,Perry Worth Elementary School,6,Lebanon Middle School,5,Lebanon Senior High School,9,,40.00540,-86.34623
aAf3x000001QbssCAC,Hidden Hills,Taylor Morrison,,Active,,,Exclusives 3074,4,2.50,2,2,3074,451000,5/18/2026,aAaPc000000pZ4LKAU,Non Active Adult,46167,Pittsboro,Hendricks,18063,"Indianapolis-Carmel-Greenwood, IN",26900,IN,North West Hendricks Schools,Pittsboro Elementary; Pittsboro Primary School,9; 0,Tri-West Middle School,9,Tri-West Senior High School,9,,39.87140,-86.45638
aAfPc000001liUyKAI,Whispering Pines,Pulte Homes,PulteGroup Inc.,Upcoming,,,Ivy,3,2.50,2,2,2819,,4/12/2026,aAaPc000001AZLhKAO,Non Active Adult,46123,Avon,Hendricks,18063,"Indianapolis-Carmel-Greenwood, IN",26900,IN,Avon Community School Corp,Avon Intermediate School West; Pine Tree Elementary School,7; 7,Avon Middle School South,10,Avon High School,10,,39.76067,-86.41445
aAfPc000000p28VKAQ,Willow Ridge,Silverthorne Homes,Clayton Properties Group,Active,,,Truman,4,2.50,2,2,2343,342995,5/7/2026,aAaPc000000Un5GKAS,Non Active Adult,46163,New Palestine,Hancock,18059,"Indianapolis-Carmel-Greenwood, IN",26900,IN,New Palestine Community Schools,New Palestine Elementary School,8,New Palestine Jr High School,8,New Palestine High School,10,,39.72820,-85.88640
aAfPc000001PrDRKA0,Eagle Manor,Lennar,,Active,,,Davidson,4,3.00,2,2,2170,361995,5/25/2026,aAaPc00000103SEKAY,Non Active Adult,46239,Indianapolis,Marion,18097,"Indianapolis-Carmel-Greenwood, IN",26900,IN,Franklin Township Com Sch Corp,,,,,Franklin Central High School,9,,39.69312,-86.01847
aAfPc000001F5I9KAK,Parkview Village,D.R. Horton,"D.R. Horton, Inc.",Active,,,Harmony,3,2.00,1,2,1503,304900,5/25/2026,aAaPc000000oiquKAA,Non Active Adult,46140,Cumberland,Hancock,18059,"Indianapolis-Carmel-Greenwood, IN",26900,IN,New Palestine Community Schools,Sugar Creek Elementary School,6,New Palestine Jr High School,8,New Palestine High School,10,,39.77823,-85.93275
aAf3x000001Qev2CAC,Centre Place/Tradition,D.R. Horton,"D.R. Horton, Inc.",Active,,,Lyndhurst,4,2.50,2,2,2904,382900,5/29/2026,aAaPc0000019di9KAA,Non Active Adult,46069,Sheridan,Hamilton,18057,"Indianapolis-Carmel-Greenwood, IN",26900,IN,Sheridan Community Schools,Sheridan Elementary School,7,Sheridan Middle School,8,Sheridan High School,8,,40.14310,-86.21876
aAfPc000000eJU1KAM,Timbers Architectural SL,Lennar,,Active,,,3400,5,3.50,2,3,3564,680995,5/6/2026,aAaPc000000CbQnKAK,Non Active Adult,46062,Noblesville,Hamilton,18057,"Indianapolis-Carmel-Greenwood, IN",26900,IN,Noblesville Schools,Hinkle Creek Elementary School,8,Noblesville West Middle School,9,Noblesville High School,10,,40.06832,-86.06257
aAfPc000001htLdKAI,Sagebriar/Designer,Del Webb,PulteGroup Inc.,Active,,,Prosperity,2,2.00,1,2,1646,383990,5/19/2026,aAaPc000000VSo1KAG,Active Adult,46143,Greenwood,Johnson,18081,"Indianapolis-Carmel-Greenwood, IN",26900,IN,Clark-Pleasant Com School Corp,Clark Elementary School,6,Clark Pleasant Middle School,7,Whiteland Community High School,5,,39.62684,-86.04309
aAfPc000001EjxZKAS,White Oak Estates,Drees Homes,,Active,,,ALDEN,4,2.50,2,2,3055,620900,5/20/2026,aAaPc000000WfeLKAS,Non Active Adult,46123,Avon,Hendricks,18063,"Indianapolis-Carmel-Greenwood, IN",26900,IN,Avon Community School Corp,Sycamore Elementary School; Avon Intermediate School East,8; 6,Avon Middle School North,10,Avon High School,10,,39.79188,-86.39403
aAf3x000001Wf1qCAC,Williams Run,Joyner Homes,,Active,,,Brighton,2,2.00,1,2,1510,282900,4/27/2026,aAa3x000000UJH3CAO,Non Active Adult,46140,Greenfield,Hancock,18059,"Indianapolis-Carmel-Greenwood, IN",26900,IN,Greenfield-Central Com Schools,J B Stephens Elementary School; Maxwell Intermediate School,8; 6,Greenfield Central Junior High School,6,Greenfield-Central High School,7,,39.80744,-85.74553
aAf3x000001WdgGCAS,Fairview West,Olthof Homes,,Active,,,Olympia,4,2.50,2,2,2397,426400,4/6/2026,aAa3x000000Uiq9CAC,Non Active Adult,46112,Brownsburg,Hendricks,18063,"Indianapolis-Carmel-Greenwood, IN",26900,IN,Brownsburg Community Sch Corp,Delaware Trail Elementary School,9,Brownsburg East Middle School,9,Brownsburg High School,10,,39.86584,-86.42391
aAf3x000001QP13CAG,Brookstone Crossings,Pulte Homes,PulteGroup Inc.,Active,,,Greenfield,4,2.50,2,2,3021,418990,5/12/2026,aAa3x000000ZgYtCAK,Non Active Adult,46123,Avon,Hendricks,18063,"Indianapolis-Carmel-Greenwood, IN",26900,IN,Avon Community School Corp,Sycamore Elementary School; Avon Intermediate School East,8; 6,Avon Middle School North,10,Avon High School,10,,39.77761,-86.35361
aAf3x000001WVQKCA4,Colere/TH,Onyx+East,,Active,,,Colere Fletcher,2,2.50,4,2,1876,445761,4/25/2026,aAa3x000000U2SwCAK,Non Active Adult,46203,Indianapolis,Marion,18097,"Indianapolis-Carmel-Greenwood, IN",26900,IN,Indianapolis Public Schools,Thomas D. Gregg School 15; Brookside School 54,4; 4,Arlington Community Middle School,5,Arsenal Technical High School; George Washington Community High School...,1; 1,,39.75991,-86.13602
aAfPc000001iOMMKA2,Bridle Oaks South,Arbor Homes,Clayton Properties Group,Active,,,Bradford,3,2.00,1,0,1613,293995,5/29/2026,aAaPc0000018eTCKAY,Non Active Adult,46075,Whitestown,Boone,18011,"Indianapolis-Carmel-Greenwood, IN",26900,IN,Lebanon Community School Corp,Perry Worth Elementary School,6,Lebanon Middle School,5,Lebanon Senior High School,9,,39.98791,-86.34573
aAf3x000001WrROCA0,Wood Preserve,Arbor Homes,Clayton Properties Group,Active,,,Walnut,3,2.00,1,2,1228,237995,5/28/2026,aAa3x000000Yfk6CAC,Non Active Adult,46181,Trafalgar,Johnson,18081,"Indianapolis-Carmel-Greenwood, IN",26900,IN,Nineveh-Hensley-Jackson United,Indian Creek Intermediate School; Indian Creek Elementary School,7; 0,Indian Creek Middle School,7,Indian Creek Sr High School,6,,39.41924,-86.15678
aAfPc0000011RtdKAE,Countryside Estates,Ryan Homes,NVR Inc.,Active,,,Aviano,3,2.00,1,2,1566,364990,5/7/2026,aAaPc000000c4yfKAA,Non Active Adult,46123,Avon,Hendricks,18063,"Indianapolis-Carmel-Greenwood, IN",26900,IN,Avon Community School Corp,Maple Elementary School; Avon Intermediate School East,8; 6,Avon Middle School North,10,Avon High School,10,,39.77736,-86.38764
aAfPc000001kkLpKAI,Colonnade,Drees Homes,,Active,,,ALDEN,4,2.50,2,2,3055,599900,5/1/2026,aAaPc000000sPZ3KAM,Non Active Adult,46055,Mccordsville,Hancock,18059,"Indianapolis-Carmel-Greenwood, IN",26900,IN,Mt Vernon Community Sch Corp,McCordsville Elementary School,6,Mt Vernon Middle School,6,Mt Vernon High School,8,,39.88541,-85.91438
aAfPc000000bGErKAM,Parkside at Finch Creek/Landings,Pulte Homes,PulteGroup Inc.,Active,,,Dakota,4,2.50,2,2,2644,414990,5/19/2026,aAaPc000000bf5cKAA,Non Active Adult,46060,Noblesville,Hamilton,18057,"Indianapolis-Carmel-Greenwood, IN",26900,IN,Hamilton Southeastern Schools,Hamilton Southeastern Jr High School; Deer Creek Elementary,9; 7,Hamilton Southeastern Jr High School,9,Hamilton Southeastern High School,10,,40.03075,-85.93807
aAf3x000001QbssCAC,Hidden Hills,Taylor Morrison,,Active,,,Legacy 1942,3,2.00,1,2,1942,370000,5/18/2026,aAaPc000000YZJyKAO,Non Active Adult,46167,Pittsboro,Hendricks,18063,"Indianapolis-Carmel-Greenwood, IN",26900,IN,North West Hendricks Schools,Pittsboro Elementary; Pittsboro Primary School,9; 0,Tri-West Middle School,9,Tri-West Senior High School,9,,39.87140,-86.45638
aAf3x000001WbpECAS,Preserve at Brookside,Bridgenorth Homes,,Active,,,Eisenhower,2,2.00,1,2,1511,369490,5/22/2026,aAaPc000000wM6bKAE,Non Active Adult,46055,McCordsville,Hancock,18059,"Indianapolis-Carmel-Greenwood, IN",26900,IN,Mt Vernon Community Sch Corp,McCordsville Elementary School,6,Mt Vernon Middle School,6,Mt Vernon High School,8,,39.91258,-85.92031
aAfPc0000019eC9KAI,Peabody Farms West Cottage,Lennar,,Active,,,Trenton II,3,2.50,2,2,1703,322995,5/25/2026,aAaPc000000kZPNKA2,Non Active Adult,46075,Whitestown,Boone,18011,"Indianapolis-Carmel-Greenwood, IN",26900,IN,Lebanon Community School Corp,Perry Worth Elementary School,6,Lebanon Middle School,5,Lebanon Senior High School,9,,39.98811,-86.36139
aAfPc000000p28VKAQ,Willow Ridge,Silverthorne Homes,Clayton Properties Group,Active,,,Arthur,4,2.50,2,0,2606,353995,5/7/2026,aAaPc000000JYRkKAO,Non Active Adult,46163,New Palestine,Hancock,18059,"Indianapolis-Carmel-Greenwood, IN",26900,IN,New Palestine Community Schools,New Palestine Elementary School,8,New Palestine Jr High School,8,New Palestine High School,10,,39.72820,-85.88640
aAfPc000001ZeBhKAK,Honey Creek Farms/SL Architectural,Lennar,,Upcoming,,,3500,5,4.50,2,3,3582,,4/23/2026,aAaPc000001C1XdKAK,Non Active Adult,46143,Greenwood,Johnson,18081,"Indianapolis-Carmel-Greenwood, IN",26900,IN,Center Grove Com Sch Corp,Center Grove Elementary School,7,Center Grove Middle School Central,8,Center Grove High School,10,,39.56905,-86.14219
aAfPc000001T95lKAC,Winterfield/Tradition,D.R. Horton,"D.R. Horton, Inc.",Active,,,Harmony,3,2.00,1,2,1503,304900,4/8/2026,aAaPc000000e1ztKAA,Non Active Adult,46131,Franklin,Johnson,18081,"Indianapolis-Carmel-Greenwood, IN",26900,IN,Franklin Community School Corp,Needham Elementary School; Custer Baker Intermediate School,7; 7,Franklin Community Middle School,7,Franklin Community High School,6,,39.51567,-86.03785
aAf3x000001WrROCA0,Wood Preserve,Arbor Homes,Clayton Properties Group,Active,,,Ironwood,3,2.50,2,2,1963,272995,5/28/2026,aAa3x000000YjnrCAC,Non Active Adult,46181,Trafalgar,Johnson,18081,"Indianapolis-Carmel-Greenwood, IN",26900,IN,Nineveh-Hensley-Jackson United,Indian Creek Intermediate School; Indian Creek Elementary School,7; 0,Indian Creek Middle School,7,Indian Creek Sr High School,6,,39.41924,-86.15678
aAf3x000001QhjwCAC,Saddlebrook Farms North/Tradition,D.R. Horton,"D.R. Horton, Inc.",Active,,,Harmony,3,2.00,1,2,1503,303900,5/29/2026,aAaPc000000a5JgKAI,Non Active Adult,46184,Whiteland,Johnson,18081,"Indianapolis-Carmel-Greenwood, IN",26900,IN,Clark-Pleasant Com School Corp,Whiteland Elementary School,8,Clark Pleasant Middle School,7,Whiteland Community High School,5,,39.55071,-86.07083
aAfPc000001lqsDKAQ,Pheasant Grove,Ryan Homes,NVR Inc.,Active,,,Grand Cayman,3,2.00,1,2,1533,289990,5/29/2026,aAaPc0000012paXKAQ,Non Active Adult,46122,Danville,Hendricks,18063,"Indianapolis-Carmel-Greenwood, IN",26900,IN,Danville Community School Corp,Danville Middle School; South Elementary School,8; 7,Danville Middle School,8,Danville Community High School,8,,39.74807,-86.55825
aAfPc000001dVUrKAM,Helm's Mill,M/I Homes,,Active,,,Akerman II,4,2.50,2,2,2469,384990,5/26/2026,aAaPc000000vqQqKAI,Non Active Adult,46055,McCordsville,Hancock,18059,"Indianapolis-Carmel-Greenwood, IN",26900,IN,Mt Vernon Community Sch Corp,McCordsville Elementary School,6,Mt Vernon Middle School,6,Mt Vernon High School,8,,39.92796,-85.88460
aAf3x000001WdgGCAS,Fairview West,Olthof Homes,,Active,,,Harmony,2,2.00,1,2,1767,374500,4/6/2026,aAa3x000000Ua9jCAC,Non Active Adult,46112,Brownsburg,Hendricks,18063,"Indianapolis-Carmel-Greenwood, IN",26900,IN,Brownsburg Community Sch Corp,Delaware Trail Elementary School,9,Brownsburg East Middle School,9,Brownsburg High School,10,,39.86584,-86.42391
aAf3x000001WdgGCAS,Fairview West,Olthof Homes,,Active,,,Hudson,3,2.00,1,2,1903,394000,4/6/2026,aAaPc000000CXD7KAO,Non Active Adult,46112,Brownsburg,Hendricks,18063,"Indianapolis-Carmel-Greenwood, IN",26900,IN,Brownsburg Community Sch Corp,Delaware Trail Elementary School,9,Brownsburg East Middle School,9,Brownsburg High School,10,,39.86584,-86.42391
aAfPc000001FoAPKA0,Copperleaf at Finch Creek,Lennar,,Active,,,Broadmoor,4,2.50,2,3,2011,406995,5/25/2026,aAaPc000000kRQeKAM,Non Active Adult,46060,Noblesville,Hamilton,18057,"Indianapolis-Carmel-Greenwood, IN",26900,IN,Hamilton Southeastern Schools,Hamilton Southeastern Jr High School; Deer Creek Elementary,9; 7,Hamilton Southeastern Jr High School,9,Hamilton Southeastern High School,10,,40.02172,-85.93493
aAf3x000001WTNDCA4,Silo Ridge/SF,M/I Homes,,Active,,,Kentmore,3,2.50,2,2,2070,427990,5/13/2026,aAa3x000000ZlZWCA0,Non Active Adult,46060,Noblesville,Hamilton,18057,"Indianapolis-Carmel-Greenwood, IN",26900,IN,Hamilton Southeastern Schools,Fall Creek Intermediate School; Deer Creek Elementary,9; 7,Fall Creek Junior High,7,Hamilton Southeastern High School,10,,40.03510,-85.94254
aAfPc000001cr7ZKAQ,Briar Creek Estates/Ph 2,Ryan Homes,NVR Inc.,Active,,,Hudson,4,2.50,2,2,2718,369990,5/29/2026,aAaPc000000iDj7KAE,Non Active Adult,46184,Whiteland,Johnson,18081,"Indianapolis-Carmel-Greenwood, IN",26900,IN,Clark-Pleasant Com School Corp,Whiteland Elementary School,8,Clark Pleasant Middle School,7,Whiteland Community High School,5,,39.54531,-86.09131
aAf3x000001YghjCAC,Ridgefield,Davis Homes,,Active,,,Roosevelt,4,3.00,1,2,2196,279990,5/16/2026,aAa3x000000h1boCAA,Non Active Adult,46239,Indianapolis,Marion,18097,"Indianapolis-Carmel-Greenwood, IN",26900,IN,M S D Warren Township,Liberty Park Elementary School; Raymond Park Middle School (7-8),4; 4,Raymond Park Middle School (7-8),4,Warren Central High School,2,,39.72696,-86.03276
aAfPc000000RV02KAG,Cyntheanne Woods,Taylor Morrison,,Active,,,Brooklyn,3,2.50,2,2,2057,402000,5/2/2026,aAaPc0000009CuvKAE,Non Active Adult,46037,Fishers,Hamilton,18057,"Indianapolis-Carmel-Greenwood, IN",26900,IN,Hamilton Southeastern Schools,Hamilton Southeastern Jr High School; Southeastern Elementary School,9; 7,Hamilton Southeastern Jr High School,9,Hamilton Southeastern High School,10,,39.98344,-85.88072
aAfPc000001rcMjKAI,Welford at Easton Grey/Estates,Drees Homes,,Upcoming,,,ALDEN,4,2.50,2,2,3055,652900,4/12/2026,aAaPc0000015fCqKAI,Non Active Adult,46123,Avon,Hendricks,18063,"Indianapolis-Carmel-Greenwood, IN",26900,IN,Avon Community School Corp,River Birch Elementary; Avon Intermediate School East,8; 6,Avon Middle School North,10,Avon High School,10,,39.77407,-86.43379
aAfPc000001qNZjKAM,Darlington Villas/Arbor,Arbor Homes,Clayton Properties Group,Active,,,Chestnut,3,2.00,1,0,1801,279995,5/25/2026,aAaPc000001BHBiKAO,Non Active Adult,46147,Jamestown,Boone,18011,"Indianapolis-Carmel-Greenwood, IN",26900,IN,Western Boone County Com Sch District,,,Western Boone Jr-Sr High School,6,Western Boone Jr-Sr High School,6,,39.93518,-86.62913
aAf3x000001YhaeCAC,Atwater/Villas,Olthof Homes,,Active,,,Sedona (SFH),4,2.50,2,2,2444,431800,5/23/2026,aAaPc000000C6XtKAK,Non Active Adult,46069,Sheridan,Hamilton,18057,"Indianapolis-Carmel-Greenwood, IN",26900,IN,Westfield-Washington Schools,Westfield Intermediate School; Monon Trail Elementary School,9; 6,Westfield Middle School,9,Westfield High School,10,,40.06794,-86.18028
aAf3x000001WTU0CAO,Sawyer Walk,M/I Homes,,Active,,,Berkeley Basement,4,2.50,2,2,3273,544490,5/29/2026,aAaPc000000U1JdKAK,Non Active Adult,46106,Bargersville,Johnson,18081,"Indianapolis-Carmel-Greenwood, IN",26900,IN,Center Grove Com Sch Corp,Maple Grove Elementary School,8,Center Grove Middle School Central,8,Center Grove High School,10,,39.52297,-86.17236
aAfPc0000016BppKAE,Harvest Trail of Westfield/Signature Collection,David Weekley Homes,,Active,,,Hoosier,4,3.00,1,4,2378,590990,5/25/2026,aAaPc000000RtBhKAK,Non Active Adult,46074,Westfield,Hamilton,18057,"Indianapolis-Carmel-Greenwood, IN",26900,IN,Westfield-Washington Schools,Westfield Intermediate School; Monon Trail Elementary School,9; 6,Westfield Middle School,9,Westfield High School,10,,40.06467,-86.14415
aAfPc0000011TPBKA2,Angilee Gardens,D.R. Horton,"D.R. Horton, Inc.",Active,,,Muncie,3,2.00,1,2,1818,389900,3/19/2026,aAaPc000001CW6nKAG,Non Active Adult,46052,Lebanon,Boone,18011,"Indianapolis-Carmel-Greenwood, IN",26900,IN,Lebanon Community School Corp,Central Elementary School,9,Lebanon Middle School,5,Lebanon Senior High School,9,,40.07566,-86.46148
aAfPc000001rtRSKAY,Cooks Corner,Arbor Homes,Clayton Properties Group,Upcoming,,,Walnut,3,2.00,1,2,1228,239995,4/27/2026,aAaPc000001HTSkKAO,Non Active Adult,46140,Greenfield,Hancock,18059,"Indianapolis-Carmel-Greenwood, IN",26900,IN,Greenfield-Central Com Schools,Weston Elementary School; Greenfield Intermediate School,5; 5,Greenfield Central Junior High School,6,Greenfield-Central High School,7,,39.79849,-85.81656
aAfPc000001qNZiKAM,Darlington Villas/Arrival,Arbor Homes,Clayton Properties Group,Upcoming,,,Rockaway,2,2.00,2,2,1372,,1/20/2026,aAaPc00000119NFKAY,Non Active Adult,46147,Jamestown,Boone,18011,"Indianapolis-Carmel-Greenwood, IN",26900,IN,Western Boone County Com Sch District,,,Western Boone Jr-Sr High School,6,Western Boone Jr-Sr High School,6,,39.93163,-86.62914
aAf2T000001MrsESAS,Saddlebrook Farms,D.R. Horton,"D.R. Horton, Inc.",Active,,,Dayton,5,3.50,2,3,3388,419900,4/27/2026,aAaPc000000DrnkKAC,Non Active Adult,46184,Whiteland,Johnson,18081,"Indianapolis-Carmel-Greenwood, IN",26900,IN,Clark-Pleasant Com School Corp,Whiteland Elementary School,8,Clark Pleasant Middle School,7,Whiteland Community High School,5,,39.54910,-86.07253
aAfPc000001gqrQKAQ,Westfall Place,Arbor Homes,Clayton Properties Group,Active,,,Bradford,3,2.00,1,0,1613,261995,5/16/2026,aAaPc000000wGXyKAM,Non Active Adult,46071,Thorntown,Boone,18011,"Indianapolis-Carmel-Greenwood, IN",26900,IN,Western Boone County Com Sch District,,,Western Boone Jr-Sr High School,6,Western Boone Jr-Sr High School,6,,40.12700,-86.62602
aAfPc000001M4UDKA0,Finch Creek,Taylor Morrison,,Active,,,Soho,3,2.50,2,2,2221,417000,5/15/2026,aAaPc0000018rNfKAI,Non Active Adult,46060,Noblesville,Hamilton,18057,"Indianapolis-Carmel-Greenwood, IN",26900,IN,Hamilton Southeastern Schools,Hamilton Southeastern Jr High School; Deer Creek Elementary,9; 7,Hamilton Southeastern Jr High School,9,Hamilton Southeastern High School,10,,40.01628,-85.93812
aAf3x000001Qh4yCAC,Scottsdale Estates,Arbor Homes,Clayton Properties Group,Active,,,Bradford,3,2.00,1,0,1613,306995,5/21/2026,aAaPc00000087XXKAY,Non Active Adult,46143,Greenwood,Johnson,18081,"Indianapolis-Carmel-Greenwood, IN",26900,IN,Clark-Pleasant Com School Corp,Pleasant Crossing Elementary,7,Clark Pleasant Middle School,7,Whiteland Community High School,5,,39.55660,-86.14305
aAfPc0000011TPBKA2,Angilee Gardens,D.R. Horton,"D.R. Horton, Inc.",Active,,,Henley,5,3.00,2,2,2600,409900,3/19/2026,aAaPc000000jgfpKAA,Non Active Adult,46052,Lebanon,Boone,18011,"Indianapolis-Carmel-Greenwood, IN",26900,IN,Lebanon Community School Corp,Central Elementary School,9,Lebanon Middle School,5,Lebanon Senior High School,9,,40.07566,-86.46148
aAfPc000001DTlBKAW,Marilyn Woods/Classic Collection,David Weekley Homes,,Active,,,The Taswell,3,2.00,1,2,2087,424990,5/29/2026,aAaPc000000PMLVKA4,Non Active Adult,46060,Noblesville,Hamilton,18057,"Indianapolis-Carmel-Greenwood, IN",26900,IN,Hamilton Southeastern Schools,Harrison Parkway Elementary School; Sand Creek Intermediate School,8; 7,Fishers Junior High School,7,Fishers High School,10,,39.99621,-85.95345
aAfPc000001kX6rKAE,Centennial of Brownsburg/TH,Davis Homes,,Upcoming,,,Rosedale,2,2.00,1,2,1455,358990,5/1/2026,aAaPc000001IfiTKAS,Non Active Adult,46112,Brownsburg,Hendricks,18063,"Indianapolis-Carmel-Greenwood, IN",26900,IN,Brownsburg Community Sch Corp,White Lick Elementary School,8,Brownsburg West Middle School,8,Brownsburg High School,10,,39.80269,-86.36523
aAfPc000000nGvHKAU,Grayson,M/I Homes,,Active,,,Brooklyn,3,2.50,2,2,2128,316990,5/16/2026,aAaPc000000LJB7KAO,Non Active Adult,46239,Indianapolis,Marion,18097,"Indianapolis-Carmel-Greenwood, IN",26900,IN,Franklin Township Com Sch Corp,,,,,Franklin Central High School,9,,39.71021,-86.03761
aAf3x000001WjZmCAK,Monon Corner/Arbor,Arbor Homes,Clayton Properties Group,Active,,,Ironwood,3,2.50,2,2,1968,373995,5/10/2026,aAa3x000000YjrJCAS,Non Active Adult,46074,Westfield,Hamilton,18057,"Indianapolis-Carmel-Greenwood, IN",26900,IN,Westfield-Washington Schools,Westfield Intermediate School; Monon Trail Elementary School,9; 6,Westfield Middle School,9,Westfield High School,10,,40.08126,-86.16478
aAfPc0000016BwHKAU,Noble Heights Carriage,Lennar,,Active,,,Clarence,3,2.00,1,2,1567,299995,4/29/2026,aAaPc000001ISlFKAW,Non Active Adult,46221,Indianapolis,Marion,18097,"Indianapolis-Carmel-Greenwood, IN",26900,IN,M S D Decatur Township,West Newton Elementary School,5,Decatur Middle School,3,Decatur Central High School,3,,39.65265,-86.31888
aAf2T000001URgMSAW,Lindley Run/SF,Olthof Homes,,Active,,,Sedona,4,1.50,2,2,2444,502833,5/23/2026,aAa3x000000guLRCAY,Non Active Adult,46074,Westfield,Hamilton,18057,"Indianapolis-Carmel-Greenwood, IN",26900,IN,Westfield-Washington Schools,Westfield Intermediate School; Washington Woods Elementary School,9; 7,Westfield Middle School,9,Westfield High School,10,,40.06833,-86.10631
aAf3x000001WeIxCAK,Silver Stream,Arbor Homes,Clayton Properties Group,Active,,,Aspen II,4,2.50,2,2,2176,293995,5/21/2026,aAa3x000000Yee5CAC,Non Active Adult,46235,Indianapolis,Marion,18097,"Indianapolis-Carmel-Greenwood, IN",26900,IN,M S D Lawrence Township,Indian Creek Elementary School,4,Fall Creek Valley Middle School,5,Lawrence North High School,5,,39.84161,-85.98043
aAf3x000001YgzhCAC,Sunrise Lake,Bridgenorth Homes,,Active,,,Kingston,3,2.00,1,2,1687,310990,4/29/2026,aAa3x000000grqtCAA,Non Active Adult,46163,New Palestine,Hancock,18059,"Indianapolis-Carmel-Greenwood, IN",26900,IN,New Palestine Community Schools,New Palestine Elementary School,8,New Palestine Jr High School,8,New Palestine High School,10,,39.73229,-85.88604
aAf3x000001YghjCAC,Ridgefield,Davis Homes,,Active,,,Ford,3,2.50,2,2,1450,244990,5/16/2026,aAaPc00000085FRKAY,Non Active Adult,46239,Indianapolis,Marion,18097,"Indianapolis-Carmel-Greenwood, IN",26900,IN,M S D Warren Township,Liberty Park Elementary School; Raymond Park Middle School (7-8),4; 4,Raymond Park Middle School (7-8),4,Warren Central High School,2,,39.72696,-86.03276
aAfPc000000p28VKAQ,Willow Ridge,Silverthorne Homes,Clayton Properties Group,Active,,,Eisenhower,3,2.00,1,0,1801,327995,5/7/2026,aAaPc000000JYRhKAO,Non Active Adult,46163,New Palestine,Hancock,18059,"Indianapolis-Carmel-Greenwood, IN",26900,IN,New Palestine Community Schools,New Palestine Elementary School,8,New Palestine Jr High School,8,New Palestine High School,10,,39.72820,-85.88640
aAfPc000001pTlpKAE,Branson Reserve,M/I Homes,,Active,,,Ashton,2,2.00,1,2,1842,360990,5/23/2026,aAaPc000001A2jmKAC,Non Active Adult,46060,Noblesville,Hamilton,18057,"Indianapolis-Carmel-Greenwood, IN",26900,IN,Noblesville Schools,White River Elementary School,7,Noblesville Middle School,8,Noblesville High School,10,,40.07341,-85.97210
aAf3x000001WjZmCAK,Monon Corner/Arbor,Arbor Homes,Clayton Properties Group,Active,,,The Palmetto,4,2.50,2,2,2580,411995,5/10/2026,aAa3x000000YX0xCAG,Non Active Adult,46074,Westfield,Hamilton,18057,"Indianapolis-Carmel-Greenwood, IN",26900,IN,Westfield-Washington Schools,Westfield Intermediate School; Monon Trail Elementary School,9; 6,Westfield Middle School,9,Westfield High School,10,,40.08126,-86.16478
aAf3x000001QNelCAG,Hampton Walk/ Maple and Designer,Fischer Homes,,Active,,,Winston,4,2.50,2,2,2826,457990,5/13/2026,aAaPc000000raVrKAI,Non Active Adult,46055,McCordsville,Hancock,18059,"Indianapolis-Carmel-Greenwood, IN",26900,IN,Mt Vernon Community Sch Corp,McCordsville Elementary School,6,Mt Vernon Middle School,6,Mt Vernon High School,8,,39.88787,-85.91986
aAfPc000001tIADKA2,Emerald Preserve,Fischer Homes,,Active,,,Winston,4,2.50,2,2,2826,447990,5/16/2026,aAaPc0000016SXPKA2,Non Active Adult,46239,Indianapolis,Marion,18097,"Indianapolis-Carmel-Greenwood, IN",26900,IN,Franklin Township Com Sch Corp,,,,,Franklin Central High School,9,,39.69260,-85.99509
aAfPc000001M4dtKAC,Rockridge,Taylor Morrison,,Active,,,Legacy 3040,5,2.50,2,2,3040,370000,5/12/2026,aAaPc0000011sWeKAI,Non Active Adult,46229,Warren Twp,Hancock,18059,"Indianapolis-Carmel-Greenwood, IN",26900,IN,New Palestine Community Schools,Sugar Creek Elementary School,6,New Palestine Jr High School,8,New Palestine High School,10,,39.77452,-85.95037
aAf3x000001WYtoCAG,Midland,Estridge Homes,,Active,,,The Kellogg,3,2.50,1,3,2735,922900,5/7/2026,aAaPc000000WdwcKAC,Non Active Adult,46074,Westfield,Hamilton,18057,"Indianapolis-Carmel-Greenwood, IN",26900,IN,Westfield-Washington Schools,Westfield Intermediate School; Maple Glen Elementary,9; 8,Westfield Middle School,9,Westfield High School,10,,40.03976,-86.18435
aAfPc000001gSKzKAM,Langdon Crossing,Arbor Homes,Clayton Properties Group,Active,,,Ashton,3,2.00,1,2,1354,277995,3/12/2026,aAaPc0000015fDtKAI,Non Active Adult,46030,Arcadia,Hamilton,18057,"Indianapolis-Carmel-Greenwood, IN",26900,IN,Hamilton Heights School Corp,Hamilton Heights Middle School; Hamilton Heights Elementary School,8; 6,Hamilton Heights Middle School,8,Hamilton Heights High School,8,,40.16554,-86.02772
aAf2T000001MbYESA0,Waterfront of West Clay/Penninsula,Shoopman Homes,,Active,,,Heron,4,2.50,1,3,3230,1049900,5/25/2026,aAa2T000000okhoSAA,Non Active Adult,46077,Zionsville,Hamilton,18057,"Indianapolis-Carmel-Greenwood, IN",26900,IN,Carmel Clay Schools,West Clay Elementary,9,Creekside Middle School,10,Carmel High School,10,,39.95694,-86.23909
aAf3x000001WdR1CAK,Grantham,David Weekley Homes,,Active,,,Yellowood,4,3.00,1,3,2446,599990,4/14/2026,aAa3x000000UmIvCAK,Non Active Adult,46038,Fishers,Hamilton,18057,"Indianapolis-Carmel-Greenwood, IN",26900,IN,Hamilton Southeastern Schools,Riverside Intermediate School; New Britton Elementary School,10; 7,Riverside Jr High,8,Fishers High School,10,,39.96160,-86.01752
aAf3x000001WrRNCA0,Grassy Creek South,Arbor Homes,Clayton Properties Group,Active,,,Aspen II,4,2.50,2,2,2176,293995,5/12/2026,aAa3x000000Yee9CAC,Non Active Adult,46239,Indianapolis,Marion,18097,"Indianapolis-Carmel-Greenwood, IN",26900,IN,M S D Warren Township,Creston Middle School; Grassy Creek Elementary School,4; 3,Creston Middle School,4,Warren Central High School,2,,39.74331,-85.97090
aAf3x000001Qh4yCAC,Scottsdale Estates,Arbor Homes,Clayton Properties Group,Active,,,Spruce,4,2.50,2,2,2343,336995,5/21/2026,aAaPc00000087XTKAY,Non Active Adult,46143,Greenwood,Johnson,18081,"Indianapolis-Carmel-Greenwood, IN",26900,IN,Clark-Pleasant Com School Corp,Pleasant Crossing Elementary,7,Clark Pleasant Middle School,7,Whiteland Community High School,5,,39.55660,-86.14305
aAf3x000001Qd2HCAS,Brunson's Landing,D.R. Horton,"D.R. Horton, Inc.",Active,,,Muncie,3,2.00,1,2,1818,314900,5/8/2026,aAaPc0000019di5KAA,Non Active Adult,46140,Greenfield,Hancock,18059,"Indianapolis-Carmel-Greenwood, IN",26900,IN,Greenfield-Central Com Schools,Greenfield Intermediate School; Weston Elementary School,5; 5,Greenfield Central Junior High School,6,Greenfield-Central High School,7,,39.80169,-85.78519
aAfPc0000011TPBKA2,Angilee Gardens,D.R. Horton,"D.R. Horton, Inc.",Active,,,Chatham,4,2.00,1,2,1771,379900,3/19/2026,aAaPc000000jgazKAA,Non Active Adult,46052,Lebanon,Boone,18011,"Indianapolis-Carmel-Greenwood, IN",26900,IN,Lebanon Community School Corp,Central Elementary School,9,Lebanon Middle School,5,Lebanon Senior High School,9,,40.07566,-86.46148
aAfPc000000JoBEKA0,Courtyards of Russell Oaks,EPCON Communities,,Active,,,Provenance,2,2.50,1,3,2832,771900,5/29/2026,aAaPc000000FN2lKAG,Non Active Adult,46077,Zionsville,Boone,18011,"Indianapolis-Carmel-Greenwood, IN",26900,IN,Zionsville Community Schools,Stonegate Elementary; Zionsville West Middle School,8; 8,Zionsville West Middle School,8,Zionsville Community High School,10,,39.94980,-86.29671
aAf3x000001WrTwCAK,Westwind at Cumberland,Arbor Homes,Clayton Properties Group,Active,,,Chestnut,3,2.00,1,0,1801,284995,5/25/2026,aAa3x000000YSyvCAG,Non Active Adult,46131,Franklin,Johnson,18081,"Indianapolis-Carmel-Greenwood, IN",26900,IN,Franklin Community School Corp,Custer Baker Intermediate School; Creekside Elementary School,7; 6,Franklin Community Middle School,7,Franklin Community High School,6,,39.49405,-86.08407
aAfPc000000iAOtKAM,Gatherings® at Aurora,Beazer Homes,,Active,,,Hudson,3,2.00,1,2,2051,419990,5/5/2026,aAaPc000000YHcmKAG,Active Adult,46055,McCordsville,Hancock,18059,"Indianapolis-Carmel-Greenwood, IN",26900,IN,Mt Vernon Community Sch Corp,McCordsville Elementary School,6,Mt Vernon Middle School,6,Mt Vernon High School,8,,39.88275,-85.90553
aAf3x000001QVVICA4,Carramore,Drees Homes,,Active,,,MAJESTIC,5,3.00,2,3,3039,567900,5/13/2026,aAaPc000000it1oKAA,Non Active Adult,46069,Sheridan,Hamilton,18057,"Indianapolis-Carmel-Greenwood, IN",26900,IN,Westfield-Washington Schools,Westfield Intermediate School; Monon Trail Elementary School,9; 6,Westfield Middle School,9,Westfield High School,10,,40.07796,-86.16111
aAfPc000001JC8FKAW,Highlands,Pulte Homes,PulteGroup Inc.,Active,,,Lowry,4,2.50,2,2,2016,349990,5/19/2026,aAaPc000000fHNEKA2,Non Active Adult,46075,Whitestown,Boone,18011,"Indianapolis-Carmel-Greenwood, IN",26900,IN,Lebanon Community School Corp,Perry Worth Elementary School,6,Lebanon Middle School,5,Lebanon Senior High School,9,,39.98320,-86.35628
aAfPc000001tI0XKAU,Winterburg,Beazer Homes,,Upcoming,,,Ashford,3,2.00,2,2,2560,489990,3/3/2026,aAaPc0000015o6rKAA,Non Active Adult,46074,Westfield,Hamilton,18057,"Indianapolis-Carmel-Greenwood, IN",26900,IN,Westfield-Washington Schools,Westfield Intermediate School; Monon Trail Elementary School,9; 6,Westfield Middle School,9,Westfield High School,10,,40.06335,-86.18048
aAfPc0000016BrRKAU,Peabody Farms West Venture,Lennar,,Active,,,Davidson,4,3.00,2,2,2170,351995,5/19/2026,aAaPc0000010ICXKA2,Non Active Adult,46075,Whitestown,Boone,18011,"Indianapolis-Carmel-Greenwood, IN",26900,IN,Lebanon Community School Corp,Perry Worth Elementary School,6,Lebanon Middle School,5,Lebanon Senior High School,9,,39.98811,-86.36139
aAfPc0000016Bt3KAE,Union Woodlands,Lennar,,Active,,,3300,5,4.50,2,3,3363,729995,4/27/2026,aAaPc0000011be6KAA,Non Active Adult,46077,Zionsville,Boone,18011,"Indianapolis-Carmel-Greenwood, IN",26900,IN,Zionsville Community Schools,Zionsville Middle School; Union Elementary School,9; 8,Zionsville Middle School,9,Zionsville Community High School,10,,40.00931,-86.25374
aAfPc000000CGcKKAW,Summerton/Summerton Ranch,Lennar,,Active,,,Wilmington,3,2.00,1,2,2096,413995,5/23/2026,aAaPc000000GUF9KAO,Non Active Adult,46055,McCordsville,Hancock,18059,"Indianapolis-Carmel-Greenwood, IN",26900,IN,Mt Vernon Community Sch Corp,McCordsville Elementary School,6,Mt Vernon Middle School,6,Mt Vernon High School,8,,39.91468,-85.90628
aAf3x000001WrROCA0,Wood Preserve,Arbor Homes,Clayton Properties Group,Active,,,Ashton,3,2.00,1,2,1354,245995,5/28/2026,aAa3x000000Yfk3CAC,Non Active Adult,46181,Trafalgar,Johnson,18081,"Indianapolis-Carmel-Greenwood, IN",26900,IN,Nineveh-Hensley-Jackson United,Indian Creek Intermediate School; Indian Creek Elementary School,7; 0,Indian Creek Middle School,7,Indian Creek Sr High School,6,,39.41924,-86.15678
aAf3x000001WrRNCA0,Grassy Creek South,Arbor Homes,Clayton Properties Group,Active,,,Juniper,3,2.50,2,2,1760,268995,5/12/2026,aAa3x000000Yi6iCAC,Non Active Adult,46239,Indianapolis,Marion,18097,"Indianapolis-Carmel-Greenwood, IN",26900,IN,M S D Warren Township,Creston Middle School; Grassy Creek Elementary School,4; 3,Creston Middle School,4,Warren Central High School,2,,39.74331,-85.97090
aAfPc000000wYyzKAE,Hampton Walk/Paired,Fischer Homes,,Active,,,Atlas,3,2.50,2,1,1582,275990,4/29/2026,aAaPc000001IWYjKAO,Non Active Adult,46055,McCordsville,Hancock,18059,"Indianapolis-Carmel-Greenwood, IN",26900,IN,Mt Vernon Community Sch Corp,McCordsville Elementary School,6,Mt Vernon Middle School,6,Mt Vernon High School,8,,39.88787,-85.91986
aAf3x000001QWMGCA4,Haven Ponds,Silverthorne Homes,Clayton Properties Group,Active,,,Truman,4,2.50,2,2,2343,375995,5/12/2026,aAaPc00000096llKAA,Non Active Adult,46055,McCordsville,Hancock,18059,"Indianapolis-Carmel-Greenwood, IN",26900,IN,Mt Vernon Community Sch Corp,McCordsville Elementary School,6,Mt Vernon Middle School,6,Mt Vernon High School,8,,39.92797,-85.89899
aAfPc000000vNZuKAM,Northwest Fortville Venture,Lennar,,Active,,,Lincoln,4,2.50,2,2,2255,343995,4/30/2026,aAaPc000000FsQMKA0,Non Active Adult,46040,Fortville,Hancock,18059,"Indianapolis-Carmel-Greenwood, IN",26900,IN,Mt Vernon Community Sch Corp,Fortville Elementary School,7,Mt Vernon Middle School,6,Mt Vernon High School,8,,39.94177,-85.85969
aAfPc000000dqrZKAQ,Timbers Venture,Lennar,,Active,,,Valencia,5,3.50,2,2,3054,459995,5/25/2026,aAaPc000000CUFKKA4,Non Active Adult,46062,Noblesville,Hamilton,18057,"Indianapolis-Carmel-Greenwood, IN",26900,IN,Noblesville Schools,Hinkle Creek Elementary School,8,Noblesville West Middle School,9,Noblesville High School,10,,40.06832,-86.06257
aAf3x000001Qeu9CAC,Fields at Sugar Creek,D.R. Horton,"D.R. Horton, Inc.",Active,,,Irvington,5,3.50,2,3,2569,419900,5/8/2026,aAaPc000001ATg5KAG,Non Active Adult,46163,New Palestine,Hancock,18059,"Indianapolis-Carmel-Greenwood, IN",26900,IN,New Palestine Community Schools,New Palestine Elementary School,8,New Palestine Jr High School,8,New Palestine High School,10,,39.72423,-85.89985
aAfPc000000AgnZKAS,Parks at Decatur Estates,D.R. Horton,"D.R. Horton, Inc.",Active,,,Bellamy,4,2.50,2,2,2053,363000,5/7/2026,aAaPc000000VEhpKAG,Non Active Adult,46113,Camby,Marion,18097,"Indianapolis-Carmel-Greenwood, IN",26900,IN,M S D Decatur Township,West Newton Elementary School,5,Decatur Middle School,3,Decatur Central High School,3,,39.63346,-86.29415
aAfPc000001iOMMKA2,Bridle Oaks South,Arbor Homes,Clayton Properties Group,Active,,,Cooper,4,2.50,2,0,2813,356995,5/29/2026,aAaPc0000018eTEKAY,Non Active Adult,46075,Whitestown,Boone,18011,"Indianapolis-Carmel-Greenwood, IN",26900,IN,Lebanon Community School Corp,Perry Worth Elementary School,6,Lebanon Middle School,5,Lebanon Senior High School,9,,39.98791,-86.34573
aAfPc000000SpUDKA0,Pebble Brook Crossing,Drees Homes,,Active,,,MARSHALL,4,3.50,2,2,2943,587900,5/20/2026,aAaPc000001160qKAA,Non Active Adult,46062,Noblesville,Hamilton,18057,"Indianapolis-Carmel-Greenwood, IN",26900,IN,Noblesville Schools,Hazel Dell Elementary School,7,Noblesville West Middle School,9,Noblesville High School,10,,40.06461,-86.08762
aAfPc000000reB5KAI,Ellis Acres 3 Story TH,Lennar,,Active,,,Talbott II,3,2.50,3,2,2063,452995,5/2/2026,aAaPc000000W5k0KAC,Non Active Adult,46075,Whitestown,Boone,18011,"Indianapolis-Carmel-Greenwood, IN",26900,IN,Zionsville Community Schools,Boone Meadow; Zionsville West Middle School,9; 8,Zionsville West Middle School,8,Zionsville Community High School,10,,39.93071,-86.34246
aAf3x000001WYtoCAG,Midland,Estridge Homes,,Active,,,The Whiting,3,2.50,2,2,1892,522900,5/7/2026,aAaPc000000WdwUKAS,Non Active Adult,46074,Westfield,Hamilton,18057,"Indianapolis-Carmel-Greenwood, IN",26900,IN,Westfield-Washington Schools,Westfield Intermediate School; Maple Glen Elementary,9; 8,Westfield Middle School,9,Westfield High School,10,,40.03976,-86.18435
aAfPc000001q6buKAA,Montelena,M/I Homes,,Upcoming,,,T1800 Plan,2,3.00,3,2,1884,329990,4/28/2026,aAaPc000001EKMTKA4,Non Active Adult,46060,Noblesville,Hamilton,18057,"Indianapolis-Carmel-Greenwood, IN",26900,IN,Noblesville Schools,Promise Road Elementary,7,Noblesville Middle School,8,Noblesville High School,10,,40.01439,-85.96833
aAfPc0000019ebxKAA,Noble Heights Venture,Lennar,,Active,,,Hampshire,5,3.00,2,2,2422,335995,4/29/2026,aAaPc000001ISi1KAG,Non Active Adult,46221,Indianapolis,Marion,18097,"Indianapolis-Carmel-Greenwood, IN",26900,IN,M S D Decatur Township,West Newton Elementary School,5,Decatur Middle School,3,Decatur Central High School,3,,39.65265,-86.31888
aAfPc000001kkLpKAI,Colonnade,Drees Homes,,Active,,,SEBASTIAN,3,3.50,1,2,2769,667900,5/1/2026,aAaPc000000sPZ0KAM,Non Active Adult,46055,Mccordsville,Hancock,18059,"Indianapolis-Carmel-Greenwood, IN",26900,IN,Mt Vernon Community Sch Corp,McCordsville Elementary School,6,Mt Vernon Middle School,6,Mt Vernon High School,8,,39.88541,-85.91438
aAf3x000000UKz9CAG,Crossroads at Southport,Beazer Homes,,Active,,,Liberty,4,2.50,2,2,2829,370990,5/4/2026,aAa3x000000giicCAA,Non Active Adult,46259,Indianapolis,Marion,18097,"Indianapolis-Carmel-Greenwood, IN",26900,IN,Franklin Township Com Sch Corp,,,,,Franklin Central High School,9,,39.66658,-86.01158
aAfPc000000BqGDKA0,Colonnade/ Town Series,Taylor Morrison,,Active,,,Midtown,3,3.50,3,2,2337,343000,5/23/2026,aAaPc0000002lpFKAQ,Non Active Adult,46055,McCordsville,Hancock,18059,"Indianapolis-Carmel-Greenwood, IN",26900,IN,Mt Vernon Community Sch Corp,McCordsville Elementary School,6,Mt Vernon Middle School,6,Mt Vernon High School,8,,39.89157,-85.91249
aAf3x000001WrTwCAK,Westwind at Cumberland,Arbor Homes,Clayton Properties Group,Active,,,Bradford,3,2.00,1,0,1613,269995,5/25/2026,aAa3x000000YSyzCAG,Non Active Adult,46131,Franklin,Johnson,18081,"Indianapolis-Carmel-Greenwood, IN",26900,IN,Franklin Community School Corp,Custer Baker Intermediate School; Creekside Elementary School,7; 6,Franklin Community Middle School,7,Franklin Community High School,6,,39.49405,-86.08407
aAfPc000000ziSLKAY,Flora/Duet TH,Onyx+East,,Upcoming,,,Brookvale,3,2.50,2,2,2327,624900,5/15/2026,aAaPc000000bzEDKAY,Non Active Adult,46290,Carmel,Hamilton,18057,"Indianapolis-Carmel-Greenwood, IN",26900,IN,Carmel Clay Schools,Towne Meadow Elementary School,9,Creekside Middle School,10,Carmel High School,10,,39.93223,-86.16525
aAf3x000001QeudCAC,Miles Farm/Tradition,D.R. Horton,"D.R. Horton, Inc.",Active,,,Johnstown,5,3.50,2,3,3062,449900,5/19/2026,aAaPc000000DN1vKAG,Non Active Adult,46122,Danville,Hendricks,18063,"Indianapolis-Carmel-Greenwood, IN",26900,IN,Danville Community School Corp,Danville Middle School; South Elementary School,8; 7,Danville Middle School,8,Danville Community High School,8,,39.76422,-86.53935
aAfPc0000021mxVKAQ,Marilyn Woods/Signature Collection,David Weekley Homes,,Active,,,The Sandborn,4,3.50,2,3,2990,562990,5/29/2026,aAaPc000001LHdBKAW,Non Active Adult,46060,Noblesville,Hamilton,18057,"Indianapolis-Carmel-Greenwood, IN",26900,IN,Hamilton Southeastern Schools,Harrison Parkway Elementary School; Sand Creek Intermediate School,8; 7,Fishers Junior High School,7,Fishers High School,10,,39.99443,-85.95267
aAf3x000001QeGfCAK,Berry Chase,M/I Homes,,Active,,,Ainsley II Basement,4,2.50,2,2,3160,563490,5/25/2026,aAaPc000000P11lKAC,Non Active Adult,46143,Greenwood,Johnson,18081,"Indianapolis-Carmel-Greenwood, IN",26900,IN,Center Grove Com Sch Corp,Sugar Grove Elementary School,6,Center Grove Middle School North,8,Center Grove High School,10,,39.60149,-86.17949
aAfPc000000EW9hKAG,Manors at Avon/Designer,Fischer Homes,,Active,,,Calvin,3,2.00,1,2,2069,465990,5/25/2026,aAaPc000000NP5lKAG,Non Active Adult,46123,Avon,Hendricks,18063,"Indianapolis-Carmel-Greenwood, IN",26900,IN,Avon Community School Corp,River Birch Elementary; Avon Intermediate School East,8; 6,Avon Middle School North,10,Avon High School,10,,39.78371,-86.40136
aAfPc000000reB9KAI,Abbott Commons/TH,Lennar,,Active,,,Roxbury,3,2.50,2,2,1793,320995,5/29/2026,aAaPc000000TWRQKA4,Non Active Adult,46037,Fishers,Hamilton,18057,"Indianapolis-Carmel-Greenwood, IN",26900,IN,Hamilton Southeastern Schools,Hamilton Southeastern Jr High School; Southeastern Elementary School,9; 7,Hamilton Southeastern Jr High School,9,Hamilton Southeastern High School,10,,39.98846,-85.89194
aAfPc000000nGvHKAU,Grayson,M/I Homes,,Active,,,Alden,3,2.00,1,2,1615,314990,5/28/2026,aAaPc000001IZJ7KAO,Non Active Adult,46239,Indianapolis,Marion,18097,"Indianapolis-Carmel-Greenwood, IN",26900,IN,Franklin Township Com Sch Corp,,,,,Franklin Central High School,9,,39.71021,-86.03761
aAf3x000001WmjKCAS,Sagebrook West/SF,M/I Homes,,Active,,,Glendale Basement,4,2.50,2,2,3152,492490,3/30/2026,aAaPc000000WdvAKAS,Non Active Adult,46239,Indianapolis,Marion,18097,"Indianapolis-Carmel-Greenwood, IN",26900,IN,Franklin Township Com Sch Corp,,,,,Franklin Central High School,9,,39.69289,-85.97854
aAfPc000001wVxdKAE,Reserve at Holliday Farms (The),Fischer Homes,,Upcoming,,,Logan,2,2.50,3,0,2384,535990,5/4/2026,aAaPc000001IgyeKAC,Non Active Adult,46077,Zionsville,Boone,18011,"Indianapolis-Carmel-Greenwood, IN",26900,IN,Zionsville Community Schools,Zionsville Middle School; Union Elementary School,9; 8,Zionsville Middle School,9,Zionsville Community High School,10,,39.98737,-86.25868
aAf3x000001WdR1CAK,Grantham,David Weekley Homes,,Active,,,Paddock,4,3.50,1,3,2841,632990,4/14/2026,aAa3x000000UmIzCAK,Non Active Adult,46038,Fishers,Hamilton,18057,"Indianapolis-Carmel-Greenwood, IN",26900,IN,Hamilton Southeastern Schools,Riverside Intermediate School; New Britton Elementary School,10; 7,Riverside Jr High,8,Fishers High School,10,,39.96160,-86.01752
aAfPc000001dVV6KAM,Courtyards of Hazel Dell,EPCON Communities,,Active,,,Promenade,2,2.00,1,2,2054,546900,3/18/2026,aAaPc000000qpmrKAA,Non Active Adult,46062,Noblesville,Hamilton,18057,"Indianapolis-Carmel-Greenwood, IN",26900,IN,Noblesville Schools,Noble Crossing Elementary School,8,Noblesville West Middle School,9,Noblesville High School,10,,40.03802,-86.06885
aAf3x000001QNelCAG,Hampton Walk/ Maple and Designer,Fischer Homes,,Active,,,Yosemite,3,2.50,2,2,2258,385990,4/29/2026,aAa3x000000ZrviCAC,Non Active Adult,46055,McCordsville,Hancock,18059,"Indianapolis-Carmel-Greenwood, IN",26900,IN,Mt Vernon Community Sch Corp,McCordsville Elementary School,6,Mt Vernon Middle School,6,Mt Vernon High School,8,,39.88787,-85.91986
aAf3x000001WrTwCAK,Westwind at Cumberland,Arbor Homes,Clayton Properties Group,Active,,,Spruce,4,2.50,2,2,2343,294995,5/25/2026,aAa3x000000YSytCAG,Non Active Adult,46131,Franklin,Johnson,18081,"Indianapolis-Carmel-Greenwood, IN",26900,IN,Franklin Community School Corp,Custer Baker Intermediate School; Creekside Elementary School,7; 6,Franklin Community Middle School,7,Franklin Community High School,6,,39.49405,-86.08407
aAf3x000001WTU0CAO,Sawyer Walk,M/I Homes,,Active,,,Findlay,3,2.50,2,2,2315,395990,5/29/2026,aAaPc0000002ZkxKAE,Non Active Adult,46106,Bargersville,Johnson,18081,"Indianapolis-Carmel-Greenwood, IN",26900,IN,Center Grove Com Sch Corp,Maple Grove Elementary School,8,Center Grove Middle School Central,8,Center Grove High School,10,,39.52297,-86.17236
aAf3x000001WTU0CAO,Sawyer Walk,M/I Homes,,Active,,,Ainsley II,4,2.50,2,2,3141,488990,5/29/2026,aAaPc000000U1JbKAK,Non Active Adult,46106,Bargersville,Johnson,18081,"Indianapolis-Carmel-Greenwood, IN",26900,IN,Center Grove Com Sch Corp,Maple Grove Elementary School,8,Center Grove Middle School Central,8,Center Grove High School,10,,39.52297,-86.17236
aAf3x000001QLLnCAO,Meadows at Belleview,D.R. Horton,"D.R. Horton, Inc.",Active,,,Chatham,4,2.00,1,2,1771,362000,4/1/2026,aAaPc0000009CuCKAU,Non Active Adult,46143,Greenwood,Johnson,18081,"Indianapolis-Carmel-Greenwood, IN",26900,IN,Center Grove Com Sch Corp,Pleasant Grove Elementary School,8,Center Grove Middle School North,8,Center Grove High School,10,,39.59582,-86.21492
aAf3x000001WTU0CAO,Sawyer Walk,M/I Homes,,Active,,,Glendale Basement,4,2.50,2,2,3152,541490,5/29/2026,aAaPc000000U1JjKAK,Non Active Adult,46106,Bargersville,Johnson,18081,"Indianapolis-Carmel-Greenwood, IN",26900,IN,Center Grove Com Sch Corp,Maple Grove Elementary School,8,Center Grove Middle School Central,8,Center Grove High School,10,,39.52297,-86.17236
aAf3x000001WTU0CAO,Sawyer Walk,M/I Homes,,Active,,,Akerman II,4,2.50,2,2,2469,406990,5/29/2026,aAaPc000000ATApKAO,Non Active Adult,46106,Bargersville,Johnson,18081,"Indianapolis-Carmel-Greenwood, IN",26900,IN,Center Grove Com Sch Corp,Maple Grove Elementary School,8,Center Grove Middle School Central,8,Center Grove High School,10,,39.52297,-86.17236
aAf2T000001MbYESA0,Waterfront of West Clay/Penninsula,Shoopman Homes,,Active,,,Hawk,3,2.50,1,3,2700,969900,5/25/2026,aAa2T000000oki3SAA,Non Active Adult,46077,Zionsville,Hamilton,18057,"Indianapolis-Carmel-Greenwood, IN",26900,IN,Carmel Clay Schools,West Clay Elementary,9,Creekside Middle School,10,Carmel High School,10,,39.95694,-86.23909
aAf3x000001YafaCAC,Heron Creek,Arbor Homes,Clayton Properties Group,Active,,,Spruce,4,2.50,2,2,2343,319995,5/10/2026,aAa3x000000gaImCAI,Non Active Adult,46140,Greenfield,Hancock,18059,"Indianapolis-Carmel-Greenwood, IN",26900,IN,Mt Vernon Community Sch Corp,Mt Comfort Elementary School,6,Mt Vernon Middle School,6,Mt Vernon High School,8,,39.80734,-85.92481
aAf3x000001WTYFCA4,Brighton Knoll,Fischer Homes,,Active,,,Blair,4,2.00,2,2,3029,532990,4/14/2026,aAaPc0000007F3mKAE,Non Active Adult,46143,Greenwood,Johnson,18081,"Indianapolis-Carmel-Greenwood, IN",26900,IN,Greenwood Community Sch Corp,Westwood Elementary School,7,Greenwood Middle School,7,Greenwood Community High School,6,,39.59754,-86.13526
aAf3x000001WrRPCA0,Augusta Heights,Arbor Homes,Clayton Properties Group,Active,,,Cooper,4,2.50,2,2,2813,311995,5/14/2026,aAa3x000000YelYCAS,Non Active Adult,46268,Indianapolis,Marion,18097,"Indianapolis-Carmel-Greenwood, IN",26900,IN,M S D Pike Township,,,,,Pike High School,4,,39.89474,-86.21371
aAfPc000001dVUrKAM,Helm's Mill,M/I Homes,,Active,,,Ashton,2,2.00,1,2,1842,367990,5/25/2026,aAaPc000000vqQrKAI,Non Active Adult,46055,McCordsville,Hancock,18059,"Indianapolis-Carmel-Greenwood, IN",26900,IN,Mt Vernon Community Sch Corp,McCordsville Elementary School,6,Mt Vernon Middle School,6,Mt Vernon High School,8,,39.92796,-85.88460
aAfPc0000021mxVKAQ,Marilyn Woods/Signature Collection,David Weekley Homes,,Active,,,The Hoosier,4,3.00,2,4,2378,522990,5/29/2026,aAaPc000001LHV7KAO,Non Active Adult,46060,Noblesville,Hamilton,18057,"Indianapolis-Carmel-Greenwood, IN",26900,IN,Hamilton Southeastern Schools,Harrison Parkway Elementary School; Sand Creek Intermediate School,8; 7,Fishers Junior High School,7,Fishers High School,10,,39.99443,-85.95267
aAfPc0000016BppKAE,Harvest Trail of Westfield/Signature Collection,David Weekley Homes,,Active,,,Woodson,4,3.50,2,3,2972,622990,5/25/2026,aAaPc000000RtEvKAK,Non Active Adult,46074,Westfield,Hamilton,18057,"Indianapolis-Carmel-Greenwood, IN",26900,IN,Westfield-Washington Schools,Westfield Intermediate School; Monon Trail Elementary School,9; 6,Westfield Middle School,9,Westfield High School,10,,40.06467,-86.14415
aAf2T000001MiySSAS,Briar Creek Ranches,Ryan Homes,NVR Inc.,Active,,,Grand Cayman,3,2.00,1,2,1533,294990,5/9/2026,aAaPc000000VBYgKAO,Non Active Adult,46184,Whiteland,Johnson,18081,"Indianapolis-Carmel-Greenwood, IN",26900,IN,Clark-Pleasant Com School Corp,Whiteland Elementary School,8,Clark Pleasant Middle School,7,Whiteland Community High School,5,,39.54723,-86.09546
aAfPc000001jhJZKAY,Sandstone Landings,Pulte Homes,PulteGroup Inc.,Active,,,Waldorf,4,2.50,2,2,2853,379990,4/27/2026,aAaPc0000010InZKAU,Non Active Adult,46168,Plainfield,Hendricks,18063,"Indianapolis-Carmel-Greenwood, IN",26900,IN,Plainfield Community Sch Corp,Central Elementary School,9,Plainfield Com Middle School,8,Plainfield High School,9,,39.71108,-86.43711
aAf2T000001UM5RSAW,Bluffs at Youngs Creek,Arbor Homes,Clayton Properties Group,Active,,,Spruce,4,2.50,2,2,2343,304995,3/31/2026,aAa2T000000c7mfSAA,Non Active Adult,46131,Franklin,Johnson,18081,"Indianapolis-Carmel-Greenwood, IN",26900,IN,Franklin Community School Corp,Custer Baker Intermediate School; Creekside Elementary School,7; 6,Franklin Community Middle School,7,Franklin Community High School,6,,39.46475,-86.06519
aAf3x000001WeIxCAK,Silver Stream,Arbor Homes,Clayton Properties Group,Active,,,Spruce,4,2.50,2,2,2343,294995,5/21/2026,aAa3x000000UEQECA4,Non Active Adult,46235,Indianapolis,Marion,18097,"Indianapolis-Carmel-Greenwood, IN",26900,IN,M S D Lawrence Township,Indian Creek Elementary School,4,Fall Creek Valley Middle School,5,Lawrence North High School,5,,39.84161,-85.98043
aAf3x000001YgzhCAC,Sunrise Lake,Bridgenorth Homes,,Active,,,Sunderland,3,2.50,1,2,2201,358490,4/29/2026,aAa3x000000grrNCAQ,Non Active Adult,46163,New Palestine,Hancock,18059,"Indianapolis-Carmel-Greenwood, IN",26900,IN,New Palestine Community Schools,New Palestine Elementary School,8,New Palestine Jr High School,8,New Palestine High School,10,,39.73229,-85.88604
aAf3x000001WmIACA0,Belle Crest,Drees Homes,,Active,,,GENEVA,2,2.00,1,2,1351,344900,5/7/2026,aAa3x000000YX3KCAW,Non Active Adult,46062,Westfield,Hamilton,18057,"Indianapolis-Carmel-Greenwood, IN",26900,IN,Westfield-Washington Schools,Westfield Intermediate School; Washington Woods Elementary School,9; 7,Westfield Middle School,9,Westfield High School,10,,40.05909,-86.10203
aAfPc000001hd8nKAA,Magnolia Ridge/Distinctive,Pulte Homes,PulteGroup Inc.,Active,,,Stardom,2,2.50,1,3,2213,537990,5/9/2026,aAaPc000000NjdxKAC,Non Active Adult,46062,Noblesville,Hamilton,18057,"Indianapolis-Carmel-Greenwood, IN",26900,IN,Noblesville Schools,Noble Crossing Elementary School,8,Noblesville West Middle School,9,Noblesville High School,10,,40.02936,-86.06009
aAfPc000001q6buKAA,Montelena,M/I Homes,,Upcoming,,,T2025 Plan,2,3.00,2,2,2025,339990,4/28/2026,aAaPc000001EKPhKAO,Non Active Adult,46060,Noblesville,Hamilton,18057,"Indianapolis-Carmel-Greenwood, IN",26900,IN,Noblesville Schools,Promise Road Elementary,7,Noblesville Middle School,8,Noblesville High School,10,,40.01439,-85.96833
aAf3x000001QbLDCA0,Lone Pine Farms/Tradition,D.R. Horton,"D.R. Horton, Inc.",Active,,,Aria II,3,2.00,1,2,1601,339900,5/14/2026,aAaPc0000019diHKAQ,Non Active Adult,46143,Greenwood,Johnson,18081,"Indianapolis-Carmel-Greenwood, IN",26900,IN,Center Grove Com Sch Corp,Maple Grove Elementary School,8,Center Grove Middle School Central,8,Center Grove High School,10,,39.56209,-86.14764
aAfPc000000dJKnKAM,Timbers Cornerstone,Lennar,,Active,,,Rockwell,5,3.50,2,2,3488,529995,5/25/2026,aAaPc000000CMWWKA4,Non Active Adult,46062,Noblesville,Hamilton,18057,"Indianapolis-Carmel-Greenwood, IN",26900,IN,Noblesville Schools,Hinkle Creek Elementary School,8,Noblesville West Middle School,9,Noblesville High School,10,,40.06832,-86.06257
aAfPc000001lT7dKAE,The Towns,Estridge Homes,,Active,,,The Terreton,2,2.50,2,2,1567,414900,5/7/2026,aAaPc000000pnY9KAI,Non Active Adult,46074,Westfield,Hamilton,18057,"Indianapolis-Carmel-Greenwood, IN",26900,IN,Westfield-Washington Schools,Westfield Intermediate School; Maple Glen Elementary,9; 8,Westfield Middle School,9,Westfield High School,10,,40.03976,-86.18435
aAfPc000001ZeBhKAK,Honey Creek Farms/SL Architectural,Lennar,,Upcoming,,,3100,5,4.50,2,3,3037,,4/23/2026,aAaPc000001C1UPKA0,Non Active Adult,46143,Greenwood,Johnson,18081,"Indianapolis-Carmel-Greenwood, IN",26900,IN,Center Grove Com Sch Corp,Center Grove Elementary School,7,Center Grove Middle School Central,8,Center Grove High School,10,,39.56905,-86.14219
aAfPc0000011TPBKA2,Angilee Gardens,D.R. Horton,"D.R. Horton, Inc.",Active,,,Aria II,3,2.00,1,2,1601,364900,3/19/2026,aAaPc000001CW5BKAW,Non Active Adult,46052,Lebanon,Boone,18011,"Indianapolis-Carmel-Greenwood, IN",26900,IN,Lebanon Community School Corp,Central Elementary School,9,Lebanon Middle School,5,Lebanon Senior High School,9,,40.07566,-86.46148
aAfPc000000i3a6KAA,Montgomery Woods,Lennar,,Active,,,Hampshire,5,3.00,2,2,2422,378669,5/18/2026,aAaPc000000TjOrKAK,Non Active Adult,46239,Indianapolis,Marion,18097,"Indianapolis-Carmel-Greenwood, IN",26900,IN,Franklin Township Com Sch Corp,,,,,Franklin Central High School,9,,39.70463,-85.97401
aAfPc000000EW9hKAG,Manors at Avon/Designer,Fischer Homes,,Active,,,Charles,3,2.50,2,2,2457,497990,5/25/2026,aAaPc000000KsdlKAC,Non Active Adult,46123,Avon,Hendricks,18063,"Indianapolis-Carmel-Greenwood, IN",26900,IN,Avon Community School Corp,River Birch Elementary; Avon Intermediate School East,8; 6,Avon Middle School North,10,Avon High School,10,,39.78371,-86.40136
aAf3x000001QeudCAC,Miles Farm/Tradition,D.R. Horton,"D.R. Horton, Inc.",Active,,,Branson,4,2.50,2,3,2851,429900,5/19/2026,aAaPc000001K85hKAC,Non Active Adult,46122,Danville,Hendricks,18063,"Indianapolis-Carmel-Greenwood, IN",26900,IN,Danville Community School Corp,Danville Middle School; South Elementary School,8; 7,Danville Middle School,8,Danville Community High School,8,,39.76422,-86.53935
aAfPc000001pTlpKAE,Branson Reserve,M/I Homes,,Active,,,Akerman II,4,2.50,2,2,2469,385990,5/23/2026,aAaPc000001A2jnKAC,Non Active Adult,46060,Noblesville,Hamilton,18057,"Indianapolis-Carmel-Greenwood, IN",26900,IN,Noblesville Schools,White River Elementary School,7,Noblesville Middle School,8,Noblesville High School,10,,40.07341,-85.97210
aAfPc000001dVV6KAM,Courtyards of Hazel Dell,EPCON Communities,,Active,,,Provenance,2,2.50,1,3,2832,721900,3/18/2026,aAaPc000000qpmpKAA,Non Active Adult,46062,Noblesville,Hamilton,18057,"Indianapolis-Carmel-Greenwood, IN",26900,IN,Noblesville Schools,Noble Crossing Elementary School,8,Noblesville West Middle School,9,Noblesville High School,10,,40.03802,-86.06885
aAf3x000001QLLnCAO,Meadows at Belleview,D.R. Horton,"D.R. Horton, Inc.",Active,,,Johnstown,5,3.50,2,3,3062,453000,4/1/2026,aAaPc0000009CuAKAU,Non Active Adult,46143,Greenwood,Johnson,18081,"Indianapolis-Carmel-Greenwood, IN",26900,IN,Center Grove Com Sch Corp,Pleasant Grove Elementary School,8,Center Grove Middle School North,8,Center Grove High School,10,,39.59582,-86.21492
aAf3x000001QdBeCAK,Towns at RiverWest,Pulte Homes,PulteGroup Inc.,Active,,,Frankton,3,2.50,3,2,1980,355970,5/12/2026,aAaPc0000016ae5KAA,Non Active Adult,46062,Noblesville,Hamilton,18057,"Indianapolis-Carmel-Greenwood, IN",26900,IN,Noblesville Schools,Noble Crossing Elementary School,8,Noblesville West Middle School,9,Noblesville High School,10,,40.00036,-86.03600
aAfPc000001F5I9KAK,Parkview Village,D.R. Horton,"D.R. Horton, Inc.",Active,,,Bellamy,4,2.50,2,2,2053,334900,5/25/2026,aAaPc000000oiqzKAA,Non Active Adult,46140,Cumberland,Hancock,18059,"Indianapolis-Carmel-Greenwood, IN",26900,IN,New Palestine Community Schools,Sugar Creek Elementary School,6,New Palestine Jr High School,8,New Palestine High School,10,,39.77823,-85.93275
aAfPc000001NUuTKAW,Finch Creek by Del Webb/Distinctive,Del Webb,PulteGroup Inc.,Active,,,Renown,3,3.50,1,3,2754,530990,5/28/2026,aAaPc000000ZNTBKA4,Active Adult,46060,Noblesville,Hamilton,18057,"Indianapolis-Carmel-Greenwood, IN",26900,IN,Hamilton Southeastern Schools,Hamilton Southeastern Jr High School; Deer Creek Elementary,9; 7,Hamilton Southeastern Jr High School,9,Hamilton Southeastern High School,10,,40.01651,-85.92586
aAf3x000001WTYFCA4,Brighton Knoll,Fischer Homes,,Active,,,Charles,3,2.50,2,2,2457,471990,4/14/2026,aAaPc0000007F3qKAE,Non Active Adult,46143,Greenwood,Johnson,18081,"Indianapolis-Carmel-Greenwood, IN",26900,IN,Greenwood Community Sch Corp,Westwood Elementary School,7,Greenwood Middle School,7,Greenwood Community High School,6,,39.59754,-86.13526
aAf3x000001WrRNCA0,Grassy Creek South,Arbor Homes,Clayton Properties Group,Active,,,Chestnut,3,2.00,1,0,1801,275995,5/12/2026,aAa3x000000YSyfCAG,Non Active Adult,46239,Indianapolis,Marion,18097,"Indianapolis-Carmel-Greenwood, IN",26900,IN,M S D Warren Township,Creston Middle School; Grassy Creek Elementary School,4; 3,Creston Middle School,4,Warren Central High School,2,,39.74331,-85.97090
aAf3x000001WbpECAS,Preserve at Brookside,Bridgenorth Homes,,Active,,,Montgomery,2,2.00,1,2,1692,376990,5/22/2026,aAa3x000000ZqozCAC,Non Active Adult,46055,McCordsville,Hancock,18059,"Indianapolis-Carmel-Greenwood, IN",26900,IN,Mt Vernon Community Sch Corp,McCordsville Elementary School,6,Mt Vernon Middle School,6,Mt Vernon High School,8,,39.91258,-85.92031
aAfPc000001L7hHKAS,Alexander Ridge/Venture,Lennar,,Active,,,Kingston,5,3.00,2,2,2736,429275,3/27/2026,aAaPc000000TjhhKAC,Non Active Adult,46055,Mccordsville,Hancock,18059,"Indianapolis-Carmel-Greenwood, IN",26900,IN,Mt Vernon Community Sch Corp,McCordsville Elementary School,6,Mt Vernon Middle School,6,Mt Vernon High School,8,,39.91284,-85.90734
aAfPc000001yvnlKAA,Wood Wind Landing,Fischer Homes,,Active,,,Pearson,4,2.50,2,0,3605,800990,5/19/2026,aAaPc000001FiH0KAK,Non Active Adult,46074,Westfield,Hamilton,18057,"Indianapolis-Carmel-Greenwood, IN",26900,IN,Westfield-Washington Schools,Westfield Intermediate School; Shamrock Springs Elementary School,9; 8,Westfield Middle School,9,Westfield High School,10,,40.02774,-86.19140
aAf3x000001YgzhCAC,Sunrise Lake,Bridgenorth Homes,,Active,,,Oxford,3,2.00,1,3,1863,329490,4/29/2026,aAa3x000000grrICAQ,Non Active Adult,46163,New Palestine,Hancock,18059,"Indianapolis-Carmel-Greenwood, IN",26900,IN,New Palestine Community Schools,New Palestine Elementary School,8,New Palestine Jr High School,8,New Palestine High School,10,,39.73229,-85.88604
aAf3x000001QLLnCAO,Meadows at Belleview,D.R. Horton,"D.R. Horton, Inc.",Active,,,Dayton,5,3.50,2,3,3388,473000,4/1/2026,aAaPc000000a5JYKAY,Non Active Adult,46143,Greenwood,Johnson,18081,"Indianapolis-Carmel-Greenwood, IN",26900,IN,Center Grove Com Sch Corp,Pleasant Grove Elementary School,8,Center Grove Middle School North,8,Center Grove High School,10,,39.59582,-86.21492
aAf2T000001MiySSAS,Briar Creek Ranches,Ryan Homes,NVR Inc.,Active,,,Dominica Spring,3,2.00,1,2,1720,306990,5/9/2026,aAaPc000000VBf7KAG,Non Active Adult,46184,Whiteland,Johnson,18081,"Indianapolis-Carmel-Greenwood, IN",26900,IN,Clark-Pleasant Com School Corp,Whiteland Elementary School,8,Clark Pleasant Middle School,7,Whiteland Community High School,5,,39.54723,-86.09546
aAfPc000000zi49KAA,Flora/TH,Onyx+East,,Active,,,Rittenhouse Rooftop,2,2.50,3,2,2248,524900,5/13/2026,aAaPc000000MCaPKAW,Non Active Adult,46290,Carmel,Hamilton,18057,"Indianapolis-Carmel-Greenwood, IN",26900,IN,Carmel Clay Schools,Towne Meadow Elementary School,9,Creekside Middle School,10,Carmel High School,10,,39.93223,-86.16525
aAfPc000001F5I9KAK,Parkview Village,D.R. Horton,"D.R. Horton, Inc.",Active,,,Chatham,4,2.00,1,2,1771,324900,4/23/2026,aAaPc000000oiqyKAA,Non Active Adult,46140,Cumberland,Hancock,18059,"Indianapolis-Carmel-Greenwood, IN",26900,IN,New Palestine Community Schools,Sugar Creek Elementary School,6,New Palestine Jr High School,8,New Palestine High School,10,,39.77823,-85.93275
aAf3x000001QeudCAC,Miles Farm/Tradition,D.R. Horton,"D.R. Horton, Inc.",Active,,,Bellamy,4,2.50,2,2,2053,338900,5/19/2026,aAaPc000000MkqbKAC,Non Active Adult,46122,Danville,Hendricks,18063,"Indianapolis-Carmel-Greenwood, IN",26900,IN,Danville Community School Corp,Danville Middle School; South Elementary School,8; 7,Danville Middle School,8,Danville Community High School,8,,39.76422,-86.53935
aAfPc000001sStEKAU,Wild Air Trails,David Weekley Homes,,Upcoming,,,The Anthem,3,2.50,2,2,2489,,4/12/2026,aAaPc000001GAajKAG,Non Active Adult,46077,Zionsville,Boone,18011,"Indianapolis-Carmel-Greenwood, IN",26900,IN,Zionsville Community Schools,Stonegate Elementary; Zionsville West Middle School,8; 8,Zionsville West Middle School,8,Zionsville Community High School,10,,39.95740,-86.30281
aAf2T000001UM5RSAW,Bluffs at Youngs Creek,Arbor Homes,Clayton Properties Group,Active,,,Empress,5,2.50,2,2,3198,339995,3/31/2026,aAa2T000000c7mjSAA,Non Active Adult,46131,Franklin,Johnson,18081,"Indianapolis-Carmel-Greenwood, IN",26900,IN,Franklin Community School Corp,Custer Baker Intermediate School; Creekside Elementary School,7; 6,Franklin Community Middle School,7,Franklin Community High School,6,,39.46475,-86.06519
aAf3x000001WmIACA0,Belle Crest,Drees Homes,,Active,,,LUCERNE,2,2.00,1,2,1511,353900,5/7/2026,aAa3x000000YX3PCAW,Non Active Adult,46062,Westfield,Hamilton,18057,"Indianapolis-Carmel-Greenwood, IN",26900,IN,Westfield-Washington Schools,Westfield Intermediate School; Washington Woods Elementary School,9; 7,Westfield Middle School,9,Westfield High School,10,,40.05909,-86.10203
aAf3x000001WkacCAC,Trescott,Pulte Homes,PulteGroup Inc.,Active,,,Hilltop,4,2.50,2,2,2899,393990,5/13/2026,aAa3x000000ZfqdCAC,Non Active Adult,46168,Plainfield,Hendricks,18063,"Indianapolis-Carmel-Greenwood, IN",26900,IN,Plainfield Community Sch Corp,Clarks Creek Elementary,5,Plainfield Com Middle School,8,Plainfield High School,9,,39.67374,-86.40810
aAf3x000001WrRPCA0,Augusta Heights,Arbor Homes,Clayton Properties Group,Active,,,Bradford,3,2.00,1,2,1613,253995,5/14/2026,aAa3x000000YelbCAC,Non Active Adult,46268,Indianapolis,Marion,18097,"Indianapolis-Carmel-Greenwood, IN",26900,IN,M S D Pike Township,,,,,Pike High School,4,,39.89474,-86.21371
aAf3x000001QbLDCA0,Lone Pine Farms/Tradition,D.R. Horton,"D.R. Horton, Inc.",Active,,,Henley,5,3.00,2,2,2600,390900,5/14/2026,aAaPc00000065Z8KAI,Non Active Adult,46143,Greenwood,Johnson,18081,"Indianapolis-Carmel-Greenwood, IN",26900,IN,Center Grove Com Sch Corp,Maple Grove Elementary School,8,Center Grove Middle School Central,8,Center Grove High School,10,,39.56209,-86.14764
aAfPc000001PrBpKAK,Alvord Street Towns,Lennar,,Upcoming,,,Talbott ll,3,2.50,3,2,2240,,5/26/2026,aAaPc000000k84DKAQ,Non Active Adult,46202,Indianapolis,Marion,18097,"Indianapolis-Carmel-Greenwood, IN",26900,IN,Indianapolis Public Schools,Thomas D. Gregg School 15; Brookside School 54,4; 4,Arlington Community Middle School,5,Arsenal Technical High School; George Washington Community High School...,1; 1,,39.79217,-86.13926
aAfPc0000022u8DKAQ,Colonnade,Lennar,,Upcoming,,,Paddington,5,3.50,2,3,3020,439995,5/29/2026,aAaPc000001K1CMKA0,Non Active Adult,46055,McCordsville,Hancock,18059,"Indianapolis-Carmel-Greenwood, IN",26900,IN,Mt Vernon Community Sch Corp,McCordsville Elementary School,6,Mt Vernon Middle School,6,Mt Vernon High School,8,,39.89078,-85.91059
aAfPc0000012GjFKAU,Lincoln Place,Lennar,,Active,,,Broadmoor,4,2.50,2,2,2011,361995,5/26/2026,aAaPc000000e6GPKAY,Non Active Adult,46143,Greenwood,Johnson,18081,"Indianapolis-Carmel-Greenwood, IN",26900,IN,Clark-Pleasant Com School Corp,Grassy Creek Elementary School,7,Clark Pleasant Middle School,7,Whiteland Community High School,5,,39.57917,-86.08708
aAfPc000001gsjNKAQ,Ashton Village/TH,Lennar,,Upcoming,,,Roxbury,3,2.50,2,2,1793,,5/25/2026,aAaPc000001AHWrKAO,Non Active Adult,46268,Indianapolis,Marion,18097,"Indianapolis-Carmel-Greenwood, IN",26900,IN,M S D Pike Township,,,,,Pike High School,4,,39.88994,-86.23618
aAf3x000001WYwxCAG,Woodfield Pointe,Arbor Homes,Clayton Properties Group,Active,,,Chestnut,3,2.00,1,0,1801,280995,5/15/2026,aAa3x000000YfjrCAC,Non Active Adult,46140,Greenfield,Hancock,18059,"Indianapolis-Carmel-Greenwood, IN",26900,IN,Greenfield-Central Com Schools,Weston Elementary School; Greenfield Intermediate School,5; 5,Greenfield Central Junior High School,6,Greenfield-Central High School,7,,39.78944,-85.81685
aAfPc000001Nj0pKAC,Meadowstone,Pulte Homes,PulteGroup Inc.,Active,,,Stellar,2,2.50,1,3,2421,618990,5/13/2026,aAaPc000000nr2gKAA,Non Active Adult,46033,Carmel,Hamilton,18057,"Indianapolis-Carmel-Greenwood, IN",26900,IN,Carmel Clay Schools,Cherry Tree Elementary School,9,Clay Middle School,8,Carmel High School,10,,40.00011,-86.08974
aAf3x000001WrRPCA0,Augusta Heights,Arbor Homes,Clayton Properties Group,Active,,,Aspen II,4,2.50,2,2,2176,287995,5/14/2026,aAa3x000000YfvQCAS,Non Active Adult,46268,Indianapolis,Marion,18097,"Indianapolis-Carmel-Greenwood, IN",26900,IN,M S D Pike Township,,,,,Pike High School,4,,39.89474,-86.21371
aAfPc0000018qnFKAQ,Parkrose/SF,Fischer Homes,,Active,,,Avery,4,2.00,2,2,2535,403990,4/6/2026,aAaPc000000VSKzKAO,Non Active Adult,46140,Greenfield,Hancock,18059,"Indianapolis-Carmel-Greenwood, IN",26900,IN,Greenfield-Central Com Schools,Weston Elementary School; Greenfield Intermediate School,5; 5,Greenfield Central Junior High School,6,Greenfield-Central High School,7,,39.77213,-85.78301
aAfPc0000018qnFKAQ,Parkrose/SF,Fischer Homes,,Active,,,Emmett,2,2.00,1,3,2212,365990,4/6/2026,aAaPc0000016SQrKAM,Non Active Adult,46140,Greenfield,Hancock,18059,"Indianapolis-Carmel-Greenwood, IN",26900,IN,Greenfield-Central Com Schools,Weston Elementary School; Greenfield Intermediate School,5; 5,Greenfield Central Junior High School,6,Greenfield-Central High School,7,,39.77213,-85.78301
aAfPc000000reB7KAI,Abbott Commons/Heritage,Lennar,,Active,,,Halstead,3,2.50,2,3,2596,480995,5/28/2026,aAaPc000000TWRZKA4,Non Active Adult,46037,Fishers,Hamilton,18057,"Indianapolis-Carmel-Greenwood, IN",26900,IN,Hamilton Southeastern Schools,Hamilton Southeastern Jr High School; Southeastern Elementary School,9; 7,Hamilton Southeastern Jr High School,9,Hamilton Southeastern High School,10,,39.98846,-85.89194
aAf3x000001QWMGCA4,Haven Ponds,Silverthorne Homes,Clayton Properties Group,Active,,,Eisenhower,3,2.00,1,0,1801,359995,5/12/2026,aAaPc00000096lmKAA,Non Active Adult,46055,McCordsville,Hancock,18059,"Indianapolis-Carmel-Greenwood, IN",26900,IN,Mt Vernon Community Sch Corp,McCordsville Elementary School,6,Mt Vernon Middle School,6,Mt Vernon High School,8,,39.92797,-85.89899
aAfPc000000SpUDKA0,Pebble Brook Crossing,Drees Homes,,Active,,,AYDEN,4,3.50,2,2,3285,621300,5/20/2026,aAaPc000000CHl4KAG,Non Active Adult,46062,Noblesville,Hamilton,18057,"Indianapolis-Carmel-Greenwood, IN",26900,IN,Noblesville Schools,Hazel Dell Elementary School,7,Noblesville West Middle School,9,Noblesville High School,10,,40.06461,-86.08762
aAfPc000000reB8KAI,Abbott Commons/Venture,Lennar,,Active,,,Kingston,5,3.00,2,2,2736,438995,5/29/2026,aAaPc000000TWRVKA4,Non Active Adult,46037,Fishers,Hamilton,18057,"Indianapolis-Carmel-Greenwood, IN",26900,IN,Hamilton Southeastern Schools,Hamilton Southeastern Jr High School; Southeastern Elementary School,9; 7,Hamilton Southeastern Jr High School,9,Hamilton Southeastern High School,10,,39.98846,-85.89194
aAf3x000001QWY8CAO,Scottsdale Estates,Silverthorne Homes,Clayton Properties Group,Active,,,Taylor,3,2.50,1,2,2001,362995,3/23/2026,aAa3x000000ZasiCAC,Non Active Adult,46143,Bargersville,Johnson,18081,"Indianapolis-Carmel-Greenwood, IN",26900,IN,Center Grove Com Sch Corp,Sugar Grove Elementary School,6,Center Grove Middle School North,8,Center Grove High School,10,,39.59260,-86.13997
aAfPc000001yMWXKA2,Palermo Gardens,Ryan Homes,NVR Inc.,Active,,,Woodford,5,3.00,2,2,2275,321990,4/29/2026,aAaPc000001ISdBKAW,Non Active Adult,46239,Indianapolis,Marion,18097,"Indianapolis-Carmel-Greenwood, IN",26900,IN,Franklin Township Com Sch Corp,,,,,Franklin Central High School,9,,39.70858,-85.98960
aAfPc0000012GjFKAU,Lincoln Place,Lennar,,Active,,,Ironwood,5,3.00,2,2,2460,392995,5/26/2026,aAaPc000000e6I1KAI,Non Active Adult,46143,Greenwood,Johnson,18081,"Indianapolis-Carmel-Greenwood, IN",26900,IN,Clark-Pleasant Com School Corp,Grassy Creek Elementary School,7,Clark Pleasant Middle School,7,Whiteland Community High School,5,,39.57917,-86.08708
aAfPc000001fA4TKAU,Parkside at Finch Creek/Crossings Side Load,Pulte Homes,PulteGroup Inc.,Active,,,Hilltop - Side Load,4,2.50,2,2,2899,467990,5/19/2026,aAaPc000000bf5nKAA,Non Active Adult,46060,Noblesville,Hamilton,18057,"Indianapolis-Carmel-Greenwood, IN",26900,IN,Hamilton Southeastern Schools,Hamilton Southeastern Jr High School; Deer Creek Elementary,9; 7,Hamilton Southeastern Jr High School,9,Hamilton Southeastern High School,10,,40.03075,-85.93807
aAfPc0000012R5BKAU,Towns at Union/ TH,Pulte Homes,PulteGroup Inc.,Active,,,Jayton,3,2.50,3,2,2378,376990,5/25/2026,aAaPc000000olCVKAY,Non Active Adult,46074,Westfield,Hamilton,18057,"Indianapolis-Carmel-Greenwood, IN",26900,IN,Westfield-Washington Schools,Westfield Intermediate School; Carey Ridge Elementary School,9; 8,Westfield Middle School,9,Westfield High School,10,,40.03254,-86.12795
aAf2T000001ULX7SAO,Mt Vernon North,D.R. Horton,"D.R. Horton, Inc.",Active,,,Muncie,3,2.00,1,2,1818,352900,4/25/2026,aAaPc0000019dhxKAA,Non Active Adult,46040,Fortville,Hancock,18059,"Indianapolis-Carmel-Greenwood, IN",26900,IN,Mt Vernon Community Sch Corp,Fortville Elementary School,7,Mt Vernon Middle School,6,Mt Vernon High School,8,,39.91192,-85.84315
aAfPc0000016Bt3KAE,Union Woodlands,Lennar,,Active,,,3500,5,4.50,2,3,3582,770995,4/27/2026,aAaPc0000011be7KAA,Non Active Adult,46077,Zionsville,Boone,18011,"Indianapolis-Carmel-Greenwood, IN",26900,IN,Zionsville Community Schools,Zionsville Middle School; Union Elementary School,9; 8,Zionsville Middle School,9,Zionsville Community High School,10,,40.00931,-86.25374
aAfPc000001lg6TKAQ,Grey Hawk,Lennar,,Active,,,Shafer,2,2.00,1,2,2019,409995,5/28/2026,aAaPc000000zdzmKAA,Non Active Adult,46168,Plainfield,Hendricks,18063,"Indianapolis-Carmel-Greenwood, IN",26900,IN,Plainfield Community Sch Corp,Van Buren Elementary School,8,Plainfield Com Middle School,8,Plainfield High School,9,,39.71743,-86.36907
aAf3x000001WoRWCA0,Hickory Run,M/I Homes,,Active,,,Cheswicke II Basement,3,2.00,1,2,2191,432490,5/18/2026,aAaPc0000018rMxKAI,Non Active Adult,46239,Indianapolis,Marion,18097,"Indianapolis-Carmel-Greenwood, IN",26900,IN,Franklin Township Com Sch Corp,,,,,Franklin Central High School,9,,39.68048,-85.99215
aAfPc000001rcMjKAI,Welford at Easton Grey/Estates,Drees Homes,,Upcoming,,,BUCHANAN,4,2.50,2,2,2732,630900,4/12/2026,aAaPc0000015fCtKAI,Non Active Adult,46123,Avon,Hendricks,18063,"Indianapolis-Carmel-Greenwood, IN",26900,IN,Avon Community School Corp,River Birch Elementary; Avon Intermediate School East,8; 6,Avon Middle School North,10,Avon High School,10,,39.77407,-86.43379
aAfPc000001vB07KAE,Finley Creek,Pulte Homes,PulteGroup Inc.,Upcoming,,,Ivy,3,2.50,2,2,2819,,5/19/2026,aAaPc000001GtmLKAS,Non Active Adult,46069,Sheridan,Hamilton,18057,"Indianapolis-Carmel-Greenwood, IN",26900,IN,Westfield-Washington Schools,Westfield Intermediate School; Monon Trail Elementary School,9; 6,Westfield Middle School,9,Westfield High School,10,,40.06792,-86.18552
aAf3x000001WqpfCAC,Somerset West,Silverthorne Homes,Clayton Properties Group,Active,,,Van Buren,4,2.50,2,2,2929,441995,4/25/2026,aAa3x000000YhtHCAS,Non Active Adult,46074,Westfield,Hamilton,18057,"Indianapolis-Carmel-Greenwood, IN",26900,IN,Westfield-Washington Schools,Westfield Intermediate School; Monon Trail Elementary School,9; 6,Westfield Middle School,9,Westfield High School,10,,40.04570,-86.17919
aAfPc000001htLdKAI,Sagebriar/Designer,Del Webb,PulteGroup Inc.,Active,,,Prestige,2,2.50,1,2,2026,403990,5/19/2026,aAaPc000000VSmPKAW,Active Adult,46143,Greenwood,Johnson,18081,"Indianapolis-Carmel-Greenwood, IN",26900,IN,Clark-Pleasant Com School Corp,Clark Elementary School,6,Clark Pleasant Middle School,7,Whiteland Community High School,5,,39.62684,-86.04309
aAfPc000001fA2rKAE,Parkside at Finch Creek/Crossings Front Load,Pulte Homes,PulteGroup Inc.,Active,,,Hilltop - Front Load,4,2.50,2,2,2899,439990,5/19/2026,aAaPc000000bf5iKAA,Non Active Adult,46060,Noblesville,Hamilton,18057,"Indianapolis-Carmel-Greenwood, IN",26900,IN,Hamilton Southeastern Schools,Hamilton Southeastern Jr High School; Deer Creek Elementary,9; 7,Hamilton Southeastern Jr High School,9,Hamilton Southeastern High School,10,,40.03075,-85.93807
aAf3x000001QKUpCAO,Vintners Park Estates,Drees Homes,,Active,,,KENDALL,5,3.50,2,3,3666,725900,5/19/2026,aAa3x000000Zio8CAC,Non Active Adult,46055,McCordsville,Hancock,18059,"Indianapolis-Carmel-Greenwood, IN",26900,IN,Mt Vernon Community Sch Corp,McCordsville Elementary School,6,Mt Vernon Middle School,6,Mt Vernon High School,8,,39.91338,-85.92927
aAf3x000001WXjRCAW,Cedar Ridge,Fischer Homes,,Active,,,Greenbriar,3,2.00,2,2,1983,342990,5/25/2026,aAa3x000000U0weCAC,Non Active Adult,46052,Lebanon,Boone,18011,"Indianapolis-Carmel-Greenwood, IN",26900,IN,Lebanon Community School Corp,Central Elementary School,9,Lebanon Middle School,5,Lebanon Senior High School,9,,40.05570,-86.45563
aAf3x000001WgrLCAS,Northwood Haven,Arbor Homes,Clayton Properties Group,Active,,,Aspen II,4,2.50,2,2,2176,321995,5/28/2026,aAa3x000000Yee6CAC,Non Active Adult,46122,Danville,Hendricks,18063,"Indianapolis-Carmel-Greenwood, IN",26900,IN,Danville Community School Corp,Danville Middle School; South Elementary School,8; 7,Danville Middle School,8,Danville Community High School,8,,39.77638,-86.49500
aAfPc000001lqsDKAQ,Pheasant Grove,Ryan Homes,NVR Inc.,Active,,,Dominca Spring,3,2.00,1,2,1694,299990,5/29/2026,aAaPc0000012pc9KAA,Non Active Adult,46122,Danville,Hendricks,18063,"Indianapolis-Carmel-Greenwood, IN",26900,IN,Danville Community School Corp,Danville Middle School; South Elementary School,8; 7,Danville Middle School,8,Danville Community High School,8,,39.74807,-86.55825
aAf3x000001WTU0CAO,Sawyer Walk,M/I Homes,,Active,,,Drake,4,2.50,2,3,2889,453990,5/29/2026,aAaPc000000U1JhKAK,Non Active Adult,46106,Bargersville,Johnson,18081,"Indianapolis-Carmel-Greenwood, IN",26900,IN,Center Grove Com Sch Corp,Maple Grove Elementary School,8,Center Grove Middle School Central,8,Center Grove High School,10,,39.52297,-86.17236
aAfPc000001tIADKA2,Emerald Preserve,Fischer Homes,,Active,,,Wyatt,4,2.50,2,0,2731,421990,5/16/2026,aAaPc0000016SXZKA2,Non Active Adult,46239,Indianapolis,Marion,18097,"Indianapolis-Carmel-Greenwood, IN",26900,IN,Franklin Township Com Sch Corp,,,,,Franklin Central High School,9,,39.69260,-85.99509
aAf3x000001YhaeCAC,Atwater/Villas,Olthof Homes,,Active,,,Sonata (SF Villas),2,2.00,1,2,1436,338500,5/23/2026,aAa3x000000gsLtCAI,Non Active Adult,46069,Sheridan,Hamilton,18057,"Indianapolis-Carmel-Greenwood, IN",26900,IN,Westfield-Washington Schools,Westfield Intermediate School; Monon Trail Elementary School,9; 6,Westfield Middle School,9,Westfield High School,10,,40.06794,-86.18028
aAfPc000000BqGDKA0,Colonnade/ Town Series,Taylor Morrison,,Active,,,Metro,3,2.50,3,2,2472,343000,5/23/2026,aAaPc0000002lhBKAQ,Non Active Adult,46055,McCordsville,Hancock,18059,"Indianapolis-Carmel-Greenwood, IN",26900,IN,Mt Vernon Community Sch Corp,McCordsville Elementary School,6,Mt Vernon Middle School,6,Mt Vernon High School,8,,39.89157,-85.91249
aAf3x000001YgzhCAC,Sunrise Lake,Bridgenorth Homes,,Active,,,Andover,3,2.00,1,2,2058,355990,4/29/2026,aAa3x000000gyrWCAQ,Non Active Adult,46163,New Palestine,Hancock,18059,"Indianapolis-Carmel-Greenwood, IN",26900,IN,New Palestine Community Schools,New Palestine Elementary School,8,New Palestine Jr High School,8,New Palestine High School,10,,39.73229,-85.88604
aAfPc00000186MuKAI,Sage Run,Pulte Homes,PulteGroup Inc.,Active,,,Aspire,4,2.50,2,2,2264,349990,4/20/2026,aAaPc0000019vEGKAY,Non Active Adult,46143,Greenwood,Johnson,18081,"Indianapolis-Carmel-Greenwood, IN",26900,IN,Clark-Pleasant Com School Corp,Clark Elementary School,6,Clark Pleasant Middle School,7,Whiteland Community High School,5,,39.62766,-86.04496
aAfPc000001tvczKAA,Legacy Woods at Wild Air,David Weekley Homes,,Active,,,Summercrest,2,2.00,1,2,2014,635990,5/11/2026,aAaPc000001HcjuKAC,Non Active Adult,46077,Zionsville,Boone,18011,"Indianapolis-Carmel-Greenwood, IN",26900,IN,Zionsville Community Schools,Stonegate Elementary; Zionsville West Middle School,8; 8,Zionsville West Middle School,8,Zionsville Community High School,10,,39.95857,-86.30148
aAfPc000000zk2jKAA,Bo-Mar Estates/ SF,Olthof Homes,,Active,,,Sage,3,2.50,2,2,1965,399800,5/23/2026,aAaPc000000O6NdKAK,Non Active Adult,46168,Plainfield,Hendricks,18063,"Indianapolis-Carmel-Greenwood, IN",26900,IN,Avon Community School Corp,Cedar Elementary School; Avon Intermediate School West,7; 7,Avon Middle School South,10,Avon High School,10,,39.72793,-86.36178
aAfPc000001rtRSKAY,Cooks Corner,Arbor Homes,Clayton Properties Group,Upcoming,,,Empress,5,2.50,2,2,3198,326995,4/27/2026,aAaPc000001HTScKAO,Non Active Adult,46140,Greenfield,Hancock,18059,"Indianapolis-Carmel-Greenwood, IN",26900,IN,Greenfield-Central Com Schools,Weston Elementary School; Greenfield Intermediate School,5; 5,Greenfield Central Junior High School,6,Greenfield-Central High School,7,,39.79849,-85.81656
aAf3x000001QYqPCAW,Auburn Ridge,M/I Homes,,Active,,,Kensington Basement,4,2.50,2,3,3382,577990,5/8/2026,aAaPc000000EgbEKAS,Non Active Adult,46112,Brownsburg,Hendricks,18063,"Indianapolis-Carmel-Greenwood, IN",26900,IN,Brownsburg Community Sch Corp,White Lick Elementary School,8,Brownsburg West Middle School,8,Brownsburg High School,10,,39.83231,-86.42558
